{
	"candidate_0" : 
	{
		"gripper" : 5,
		"method" : 3,
		"orientation" : 
		{
			"w" : -0.43908586768107771,
			"x" : -0.52623144929111276,
			"y" : -0.58499534635556938,
			"z" : 0.43366404891581412
		},
		"parent_frame_id" : "angular_groundtruth_frame_id",
		"position" : 
		{
			"x" : 0.0074408314378384558,
			"y" : 0.092561926599549607,
			"z" : 0.036367235940775809
		}
	},
	"candidate_1" : 
	{
		"gripper" : 5,
		"method" : 3,
		"orientation" : 
		{
			"w" : -0.43845397129378422,
			"x" : -0.53239367628755152,
			"y" : -0.57882513119969037,
			"z" : 0.4350592557312124
		},
		"parent_frame_id" : "angular_groundtruth_frame_id",
		"position" : 
		{
			"x" : 0.0022629619796082951,
			"y" : 0.093454145142942466,
			"z" : 0.036282392198587664
		}
	},
	"candidate_10" : 
	{
		"gripper" : 5,
		"method" : 3,
		"orientation" : 
		{
			"w" : 0.68338823101483925,
			"x" : -0.12329688687869195,
			"y" : 0.41247481980021244,
			"z" : 0.58961252227816008
		},
		"parent_frame_id" : "angular_groundtruth_frame_id",
		"position" : 
		{
			"x" : 0.0074043499055154787,
			"y" : 0.060992460030789258,
			"z" : 0.078710669055584506
		}
	},
	"candidate_11" : 
	{
		"gripper" : 5,
		"method" : 3,
		"orientation" : 
		{
			"w" : 0.38539338861379363,
			"x" : 0.58277229321077129,
			"y" : 0.68106117855923742,
			"z" : 0.21909829149981733
		},
		"parent_frame_id" : "angular_groundtruth_frame_id",
		"position" : 
		{
			"x" : -0.0021511131429434345,
			"y" : 0.018282464449934251,
			"z" : 0.097820387372350562
		}
	},
	"candidate_12" : 
	{
		"gripper" : 5,
		"method" : 3,
		"orientation" : 
		{
			"w" : 0.10402849060972101,
			"x" : 0.69409211822103967,
			"y" : 0.70588505034803162,
			"z" : -0.095605963517189807
		},
		"parent_frame_id" : "angular_groundtruth_frame_id",
		"position" : 
		{
			"x" : 0.0030135360208849004,
			"y" : 0.017675844517439872,
			"z" : 0.097388340711275889
		}
	},
	"candidate_13" : 
	{
		"gripper" : 5,
		"method" : 3,
		"orientation" : 
		{
			"w" : 0.10875002679163302,
			"x" : 0.69146329530511763,
			"y" : 0.70826416410870918,
			"z" : -0.091726859523251769
		},
		"parent_frame_id" : "angular_groundtruth_frame_id",
		"position" : 
		{
			"x" : 0.0063245456368170618,
			"y" : 0.01756759132237988,
			"z" : 0.096985094862201707
		}
	},
	"candidate_14" : 
	{
		"gripper" : 5,
		"method" : 3,
		"orientation" : 
		{
			"w" : 0.10638624072321663,
			"x" : 0.69447439891928975,
			"y" : 0.70506505145779885,
			"z" : -0.096283696663998622
		},
		"parent_frame_id" : "angular_groundtruth_frame_id",
		"position" : 
		{
			"x" : 0.001294653292640586,
			"y" : 0.018100822265372459,
			"z" : 0.09748997459187185
		}
	},
	"candidate_15" : 
	{
		"gripper" : 5,
		"method" : 3,
		"orientation" : 
		{
			"w" : 0.10261727235543497,
			"x" : 0.69244337199969896,
			"y" : 0.70740515825076666,
			"z" : -0.097825426491403092
		},
		"parent_frame_id" : "angular_groundtruth_frame_id",
		"position" : 
		{
			"x" : -0.0030594216193811177,
			"y" : 0.019619150370643438,
			"z" : 0.097550089812264082
		}
	},
	"candidate_16" : 
	{
		"gripper" : 5,
		"method" : 3,
		"orientation" : 
		{
			"w" : 0.1074817153791071,
			"x" : 0.69291074103931716,
			"y" : 0.70702625780536166,
			"z" : -0.091849096812407854
		},
		"parent_frame_id" : "angular_groundtruth_frame_id",
		"position" : 
		{
			"x" : 0.0021643371835613442,
			"y" : 0.018473070435536299,
			"z" : 0.097121123996676023
		}
	},
	"candidate_17" : 
	{
		"gripper" : 5,
		"method" : 3,
		"orientation" : 
		{
			"w" : -0.012520687146127018,
			"x" : 0.68906789876187291,
			"y" : 0.72339501248386617,
			"z" : 0.041573058616766398
		},
		"parent_frame_id" : "angular_groundtruth_frame_id",
		"position" : 
		{
			"x" : -0.00089243890356979858,
			"y" : -0.001768296320771863,
			"z" : 0.097768449231564705
		}
	},
	"candidate_18" : 
	{
		"gripper" : 5,
		"method" : 3,
		"orientation" : 
		{
			"w" : -0.013753259752416508,
			"x" : 0.69648463659090731,
			"y" : 0.71608979690171248,
			"z" : 0.043993199614013857
		},
		"parent_frame_id" : "angular_groundtruth_frame_id",
		"position" : 
		{
			"x" : -0.0025715866749878229,
			"y" : 0.00029524133789996789,
			"z" : 0.097472339552911874
		}
	},
	"candidate_19" : 
	{
		"gripper" : 5,
		"method" : 3,
		"orientation" : 
		{
			"w" : -0.0038673756289786324,
			"x" : 0.69349670854486456,
			"y" : 0.71918681460441647,
			"z" : 0.042634309450680946
		},
		"parent_frame_id" : "angular_groundtruth_frame_id",
		"position" : 
		{
			"x" : 0.0022803480663093961,
			"y" : -0.0026135449946993587,
			"z" : 0.097510158463980909
		}
	},
	"candidate_2" : 
	{
		"gripper" : 5,
		"method" : 3,
		"orientation" : 
		{
			"w" : -0.44298922129167201,
			"x" : -0.52289899116975369,
			"y" : -0.58942410298065639,
			"z" : 0.42768729426825464
		},
		"parent_frame_id" : "angular_groundtruth_frame_id",
		"position" : 
		{
			"x" : 0.0085792240422282642,
			"y" : 0.093613209148511914,
			"z" : 0.03530920944247494
		}
	},
	"candidate_20" : 
	{
		"gripper" : 5,
		"method" : 3,
		"orientation" : 
		{
			"w" : -0.0084191993278118875,
			"x" : 0.69219071604017135,
			"y" : 0.72055793925784095,
			"z" : 0.039967310179281734
		},
		"parent_frame_id" : "angular_groundtruth_frame_id",
		"position" : 
		{
			"x" : -0.0017178706014114114,
			"y" : -0.0011161415542649783,
			"z" : 0.097216273666222777
		}
	},
	"candidate_21" : 
	{
		"gripper" : 5,
		"method" : 3,
		"orientation" : 
		{
			"w" : -0.0066136422051800391,
			"x" : 0.69502077026285036,
			"y" : 0.71786462536494,
			"z" : 0.039658142791489909
		},
		"parent_frame_id" : "angular_groundtruth_frame_id",
		"position" : 
		{
			"x" : 0.00077728056855661583,
			"y" : -0.0017791281507440375,
			"z" : 0.097427579606537015
		}
	},
	"candidate_22" : 
	{
		"gripper" : 5,
		"method" : 3,
		"orientation" : 
		{
			"w" : -0.00099506131094512923,
			"x" : 0.7029175692041969,
			"y" : 0.71033724110825569,
			"z" : 0.036426702455237644
		},
		"parent_frame_id" : "angular_groundtruth_frame_id",
		"position" : 
		{
			"x" : 0.0054584578373767477,
			"y" : -0.002520740362680211,
			"z" : 0.097255676321142001
		}
	},
	"candidate_23" : 
	{
		"gripper" : 5,
		"method" : 3,
		"orientation" : 
		{
			"w" : -0.073977500879208943,
			"x" : 0.66422707313707618,
			"y" : 0.7328253066911834,
			"z" : 0.12765889921346132
		},
		"parent_frame_id" : "angular_groundtruth_frame_id",
		"position" : 
		{
			"x" : 0.00012523004664272575,
			"y" : -0.026818726951027199,
			"z" : 0.092534044956874992
		}
	},
	"candidate_24" : 
	{
		"gripper" : 5,
		"method" : 3,
		"orientation" : 
		{
			"w" : -0.070630193877989966,
			"x" : 0.67528489805052894,
			"y" : 0.72302753567703626,
			"z" : 0.12740826044819933
		},
		"parent_frame_id" : "angular_groundtruth_frame_id",
		"position" : 
		{
			"x" : 0.00093845694115095432,
			"y" : -0.02595694771476962,
			"z" : 0.092414354127758822
		}
	},
	"candidate_25" : 
	{
		"gripper" : 5,
		"method" : 3,
		"orientation" : 
		{
			"w" : -0.069880882083738313,
			"x" : 0.67620845292363363,
			"y" : 0.72226275479056801,
			"z" : 0.12726076990245136
		},
		"parent_frame_id" : "angular_groundtruth_frame_id",
		"position" : 
		{
			"x" : 0.0020481502666189499,
			"y" : -0.025741620530953326,
			"z" : 0.092277332877294768
		}
	},
	"candidate_26" : 
	{
		"gripper" : 5,
		"method" : 3,
		"orientation" : 
		{
			"w" : -0.07133464489860894,
			"x" : 0.66969312722721563,
			"y" : 0.72752664351133811,
			"z" : 0.13087194796039486
		},
		"parent_frame_id" : "angular_groundtruth_frame_id",
		"position" : 
		{
			"x" : 0.001852459594499921,
			"y" : -0.026277966470929608,
			"z" : 0.092210062084175121
		}
	},
	"candidate_27" : 
	{
		"gripper" : 5,
		"method" : 3,
		"orientation" : 
		{
			"w" : -0.063053584567493465,
			"x" : 0.66417364413724644,
			"y" : 0.73409714678032523,
			"z" : 0.12648713371574899
		},
		"parent_frame_id" : "angular_groundtruth_frame_id",
		"position" : 
		{
			"x" : 0.00020058715503048748,
			"y" : -0.028117932356340497,
			"z" : 0.091823404410848797
		}
	},