{
	"object_pose_0" : 
	{
		"orientation" : 
		{
			"w" : -0.081501863570695832,
			"x" : -0.32805109990850861,
			"y" : 0.89977458653736409,
			"z" : -0.27594559350672959
		},
		"parent_frame_id" : "camera_link",
		"position" : 
		{
			"x" : -0.014736951515826914,
			"y" : -0.044043349551222855,
			"z" : 0.55413449302347151
		}
	}
}
