{
	"candidate_0" : 
	{
		"gripper" : 5,
		"method" : 3,
		"orientation" : 
		{
			"w" : 0.34261201098088684,
			"x" : -0.66637588426332406,
			"y" : 0.40354655666435513,
			"z" : 0.52508129599924636
		},
		"parent_frame_id" : "6dmimic_base",
		"position" : 
		{
			"x" : -0.087206699999999998,
			"y" : 1.4691688000000001,
			"z" : 0.12925829999999999
		}
	},
	"candidate_1" : 
	{
		"gripper" : 5,
		"method" : 3,
		"orientation" : 
		{
			"w" : 0.34397996286478244,
			"x" : -0.66149441965779099,
			"y" : 0.41079716939029853,
			"z" : 0.52473669924073696
		},
		"parent_frame_id" : "6dmimic_base",
		"position" : 
		{
			"x" : -0.082061300000000004,
			"y" : 1.4702968000000001,
			"z" : 0.12907779999999999
		}
	},
	"candidate_10" : 
	{
		"gripper" : 5,
		"method" : 3,
		"orientation" : 
		{
			"w" : 0.70421590781049181,
			"x" : 0.38099805738930326,
			"y" : 0.21282905693254284,
			"z" : -0.56002163170490715
		},
		"parent_frame_id" : "6dmimic_base",
		"position" : 
		{
			"x" : -0.098161600000000002,
			"y" : 1.4978233000000001,
			"z" : 0.17252339999999999
		}
	},
	"candidate_11" : 
	{
		"gripper" : 5,
		"method" : 3,
		"orientation" : 
		{
			"w" : 0.28716475598761343,
			"x" : 0.77889106876833991,
			"y" : -0.43510616240232008,
			"z" : -0.34863696498078545
		},
		"parent_frame_id" : "6dmimic_base",
		"position" : 
		{
			"x" : -0.1050055,
			"y" : 1.5408401,
			"z" : 0.19260830000000001
		}
	},
	"candidate_12" : 
	{
		"gripper" : 5,
		"method" : 3,
		"orientation" : 
		{
			"w" : -0.0748744557210103,
			"x" : 0.82389706290185816,
			"y" : -0.54547831219985721,
			"z" : -0.13431625568697639
		},
		"parent_frame_id" : "6dmimic_base",
		"position" : 
		{
			"x" : -0.11004220000000001,
			"y" : 1.5394603,
			"z" : 0.19226289999999999
		}
	},
	"candidate_13" : 
	{
		"gripper" : 5,
		"method" : 3,
		"orientation" : 
		{
			"w" : -0.070211452593329643,
			"x" : 0.82572449855879304,
			"y" : -0.54235622017007157,
			"z" : -0.13819961956314217
		},
		"parent_frame_id" : "6dmimic_base",
		"position" : 
		{
			"x" : -0.1131679,
			"y" : 1.5383168,
			"z" : 0.19190789999999999
		}
	},
	"candidate_14" : 
	{
		"gripper" : 5,
		"method" : 3,
		"orientation" : 
		{
			"w" : -0.075074918771566787,
			"x" : 0.82313668367905035,
			"y" : -0.54599215611065421,
			"z" : -0.13675643319031283
		},
		"parent_frame_id" : "6dmimic_base",
		"position" : 
		{
			"x" : -0.1082825,
			"y" : 1.5397126999999999,
			"z" : 0.1923301
		}
	},
	"candidate_15" : 
	{
		"gripper" : 5,
		"method" : 3,
		"orientation" : 
		{
			"w" : -0.077354634332987851,
			"x" : 0.82506208612579834,
			"y" : -0.54360422284282905,
			"z" : -0.13335390317647003
		},
		"parent_frame_id" : "6dmimic_base",
		"position" : 
		{
			"x" : -0.1036624,
			"y" : 1.5399444,
			"z" : 0.1922915
		}
	},
	"candidate_16" : 
	{
		"gripper" : 5,
		"method" : 3,
		"orientation" : 
		{
			"w" : -0.070548244730672116,
			"x" : 0.8247979424486751,
			"y" : -0.5440286413187847,
			"z" : -0.13698224966283171
		},
		"parent_frame_id" : "6dmimic_base",
		"position" : 
		{
			"x" : -0.1089579,
			"y" : 1.5390440999999999,
			"z" : 0.1919632
		}
	},
	"candidate_17" : 
	{
		"gripper" : 5,
		"method" : 3,
		"orientation" : 
		{
			"w" : 0.037148401167044924,
			"x" : 0.84264743861825864,
			"y" : -0.5371461823297291,
			"z" : 0.0062665213171035853
		},
		"parent_frame_id" : "6dmimic_base",
		"position" : 
		{
			"x" : -0.1137567,
			"y" : 1.5590196999999999,
			"z" : 0.1930635
		}
	},
	"candidate_18" : 
	{
		"gripper" : 5,
		"method" : 3,
		"orientation" : 
		{
			"w" : 0.03943281773190617,
			"x" : 0.83693875317801392,
			"y" : -0.54581653755926107,
			"z" : 0.0079299206410506154
		},
		"parent_frame_id" : "6dmimic_base",
		"position" : 
		{
			"x" : -0.1114233,
			"y" : 1.5577395000000001,
			"z" : 0.19269210000000001
		}
	},
	"candidate_19" : 
	{
		"gripper" : 5,
		"method" : 3,
		"orientation" : 
		{
			"w" : 0.039935684457483744,
			"x" : 0.83929849713780691,
			"y" : -0.54219835484496592,
			"z" : -0.0020292394002479237
		},
		"parent_frame_id" : "6dmimic_base",
		"position" : 
		{
			"x" : -0.11702940000000001,
			"y" : 1.5586116000000001,
			"z" : 0.19287000000000001
		}
	},
	"candidate_2" : 
	{
		"gripper" : 5,
		"method" : 3,
		"orientation" : 
		{
			"w" : 0.3360757319716477,
			"x" : -0.67010943051924976,
			"y" : 0.3993299191540523,
			"z" : 0.52777084911664662
		},
		"parent_frame_id" : "6dmimic_base",
		"position" : 
		{
			"x" : -0.087890399999999994,
			"y" : 1.4677788000000001,
			"z" : 0.128187
		}
	},
	"candidate_20" : 
	{
		"gripper" : 5,
		"method" : 3,
		"orientation" : 
		{
			"w" : 0.036418509385360232,
			"x" : 0.84040751244067446,
			"y" : -0.54072654098621864,
			"z" : 0.0019269355217346011
		},
		"parent_frame_id" : "6dmimic_base",
		"position" : 
		{
			"x" : -0.1127557,
			"y" : 1.5587344000000001,
			"z" : 0.19248170000000001
		}
	},
	"candidate_21" : 
	{
		"gripper" : 5,
		"method" : 3,
		"orientation" : 
		{
			"w" : 0.03651634966490911,
			"x" : 0.83828745689737305,
			"y" : -0.54400430840482217,
			"z" : 9.084424180614073e-05
		},
		"parent_frame_id" : "6dmimic_base",
		"position" : 
		{
			"x" : -0.11531950000000001,
			"y" : 1.5584047000000001,
			"z" : 0.19274540000000001
		}
	},
	"candidate_22" : 
	{
		"gripper" : 5,
		"method" : 3,
		"orientation" : 
		{
			"w" : 0.034576096293235728,
			"x" : 0.83232952253309544,
			"y" : -0.55316849204589913,
			"z" : -0.0060563101486334359
		},
		"parent_frame_id" : "6dmimic_base",
		"position" : 
		{
			"x" : -0.1199523,
			"y" : 1.5573287,
			"z" : 0.19265750000000001
		}
	},
	"candidate_23" : 
	{
		"gripper" : 5,
		"method" : 3,
		"orientation" : 
		{
			"w" : 0.10950432094544627,
			"x" : 0.8486155854278743,
			"y" : -0.51081008568455455,
			"z" : 0.083267329884660554
		},
		"parent_frame_id" : "6dmimic_base",
		"position" : 
		{
			"x" : -0.1242902,
			"y" : 1.5820312000000001,
			"z" : 0.1884363
		}
	},
	"candidate_24" : 
	{
		"gripper" : 5,
		"method" : 3,
		"orientation" : 
		{
			"w" : 0.11010671330919422,
			"x" : 0.84108875450622367,
			"y" : -0.52350819298484719,
			"z" : 0.079908639114654845
		},
		"parent_frame_id" : "6dmimic_base",
		"position" : 
		{
			"x" : -0.1247225,
			"y" : 1.5809241999999999,
			"z" : 0.18830669999999999
		}
	},
	"candidate_25" : 
	{
		"gripper" : 5,
		"method" : 3,
		"orientation" : 
		{
			"w" : 0.11012241945640577,
			"x" : 0.8405069598294127,
			"y" : -0.52455465926517986,
			"z" : 0.079142356892985155
		},
		"parent_frame_id" : "6dmimic_base",
		"position" : 
		{
			"x" : -0.12567500000000001,
			"y" : 1.5803069000000001,
			"z" : 0.18817970000000001
		}
	},
	"candidate_26" : 
	{
		"gripper" : 5,
		"method" : 3,
		"orientation" : 
		{
			"w" : 0.11327106161478091,
			"x" : 0.84447408359524956,
			"y" : -0.51713291828233665,
			"z" : 0.081281815711867156
		},
		"parent_frame_id" : "6dmimic_base",
		"position" : 
		{
			"x" : -0.12569749999999999,
			"y" : 1.580881,
			"z" : 0.1881225
		}
	},
	"candidate_27" : 
	{
		"gripper" : 5,
		"method" : 3,
		"orientation" : 
		{
			"w" : 0.11043636927081915,
			"x" : 0.84973962144165538,
			"y" : -0.51040908998061274,
			"z" : 0.072311444181638346
		},
		"parent_frame_id" : "6dmimic_base",
		"position" : 
		{
			"x" : -0.1248673,
			"y" : 1.5832237,
			"z" : 0.1877559
		}
	},
	"candidate_28" : 
	{
		"gripper" : 5,
		"method" : 3,
		"orientation" : 
		{
			"w" : 0.098622540760996982,
			"x" : 0.84000103709365992,
			"y" : -0.52791942628648258,
			"z" : 0.077284742897758163
		},
		"parent_frame_id" : "6dmimic_base",
		"position" : 
		{
			"x" : -0.124372,
			"y" : 1.5807857999999999,
			"z" : 0.18859600000000001
		}
	},
	"candidate_29" : 
	{
		"gripper" : 5,
		"method" : 3,
		"orientation" : 
		{
			"w" : 0.10252400878797996,
			"x" : 0.84082868583128245,
			"y" : -0.52645077655120909,
			"z" : 0.073113121762851715
		},
		"parent_frame_id" : "6dmimic_base",
		"position" : 
		{
			"x" : -0.12428019999999999,
			"y" : 1.5817098999999999,
			"z" : 0.1881988
		}
	},