{
	"candidate_0" : 
	{
		"gripper" : 5,
		"method" : 3,
		"orientation" : 
		{
			"w" : -0.016336467221352843,
			"x" : 0.69587885189855836,
			"y" : 0.71562877019634707,
			"z" : 0.05797591384647495
		},
		"parent_frame_id" : "angular_groundtruth_frame_id",
		"position" : 
		{
			"x" : 0.005958748059926201,
			"y" : -0.003181760702099357,
			"z" : 0.093996719222768935
		}
	},
	"candidate_1" : 
	{
		"gripper" : 5,
		"method" : 3,
		"orientation" : 
		{
			"w" : -0.013959666022229304,
			"x" : 0.6907832682186037,
			"y" : 0.72102588044520977,
			"z" : 0.052395455928758508
		},
		"parent_frame_id" : "angular_groundtruth_frame_id",
		"position" : 
		{
			"x" : 0.0061750196250759063,
			"y" : -0.0043459638419396009,
			"z" : 0.094030074419752474
		}
	},
	"candidate_10" : 
	{
		"gripper" : 5,
		"method" : 3,
		"orientation" : 
		{
			"w" : -0.039220892759654291,
			"x" : 0.24024001988997556,
			"y" : 0.96737886943713403,
			"z" : 0.070175333137308393
		},
		"parent_frame_id" : "angular_groundtruth_frame_id",
		"position" : 
		{
			"x" : 0.015825780921055507,
			"y" : -0.0056696362349463502,
			"z" : 0.094631724796297195
		}
	},
	"candidate_11" : 
	{
		"gripper" : 5,
		"method" : 3,
		"orientation" : 
		{
			"w" : 0.064033153018926897,
			"x" : 0.022914437196255234,
			"y" : -0.9956596474621312,
			"z" : -0.063533851591244903
		},
		"parent_frame_id" : "angular_groundtruth_frame_id",
		"position" : 
		{
			"x" : 0.019020752627783261,
			"y" : -0.00087134179226345393,
			"z" : 0.094923288641313261
		}
	},
	"candidate_12" : 
	{
		"gripper" : 5,
		"method" : 3,
		"orientation" : 
		{
			"w" : 0.050832122407804353,
			"x" : 0.036883031165530572,
			"y" : -0.99579463425980097,
			"z" : -0.06669920331570417
		},
		"parent_frame_id" : "angular_groundtruth_frame_id",
		"position" : 
		{
			"x" : 0.021727303975626722,
			"y" : -0.0005806636656467256,
			"z" : 0.094567798304029296
		}
	},
	"candidate_13" : 
	{
		"gripper" : 5,
		"method" : 3,
		"orientation" : 
		{
			"w" : 0.055755229405594534,
			"x" : 0.015734522905946947,
			"y" : -0.99738745312226085,
			"z" : -0.043151448841742553
		},
		"parent_frame_id" : "angular_groundtruth_frame_id",
		"position" : 
		{
			"x" : 0.017088865528629267,
			"y" : 3.9238422868684113e-05,
			"z" : 0.095159512651890557
		}
	},
	"candidate_14" : 
	{
		"gripper" : 5,
		"method" : 3,
		"orientation" : 
		{
			"w" : -0.18353758219587774,
			"x" : -0.19188893084473663,
			"y" : 0.9049288108652237,
			"z" : -0.33256043271412761
		},
		"parent_frame_id" : "angular_groundtruth_frame_id",
		"position" : 
		{
			"x" : 0.00091659127814293405,
			"y" : -0.26818720723891576,
			"z" : 0.20343184763329358
		}
	},
	"candidate_15" : 
	{
		"gripper" : 5,
		"method" : 3,
		"orientation" : 
		{
			"w" : -0.1905602101181551,
			"x" : -0.17911325056120758,
			"y" : 0.90670953134576959,
			"z" : -0.33088226842769564
		},
		"parent_frame_id" : "angular_groundtruth_frame_id",
		"position" : 
		{
			"x" : -0.0072209097947281455,
			"y" : -0.26612853181616469,
			"z" : 0.20459957410934865
		}
	},
	"candidate_16" : 
	{
		"gripper" : 5,
		"method" : 3,
		"orientation" : 
		{
			"w" : -0.073516309204673919,
			"x" : -0.23778687369797433,
			"y" : 0.72838685266999315,
			"z" : -0.63836145547437928
		},
		"parent_frame_id" : "angular_groundtruth_frame_id",
		"position" : 
		{
			"x" : -0.0060642010622063572,
			"y" : -0.22828921801544388,
			"z" : 0.19089182950315059
		}
	},
	"candidate_2" : 
	{
		"gripper" : 5,
		"method" : 3,
		"orientation" : 
		{
			"w" : -0.01101801025571543,
			"x" : 0.68894182758083344,
			"y" : 0.72298615686733525,
			"z" : 0.050286962900806628
		},
		"parent_frame_id" : "angular_groundtruth_frame_id",
		"position" : 
		{
			"x" : 0.006136042792037907,
			"y" : -0.0049670833454831809,
			"z" : 0.094208677497128371
		}
	},
	"candidate_3" : 
	{
		"gripper" : 5,
		"method" : 3,
		"orientation" : 
		{
			"w" : -0.01468139482222325,
			"x" : 0.69408587692130952,
			"y" : 0.71845592039246342,
			"z" : 0.043015608300579822
		},
		"parent_frame_id" : "angular_groundtruth_frame_id",
		"position" : 
		{
			"x" : 0.0055281073600636881,
			"y" : -0.0028207621094943425,
			"z" : 0.094531717269830479
		}
	},
	"candidate_4" : 
	{
		"gripper" : 5,
		"method" : 3,
		"orientation" : 
		{
			"w" : -0.0174743700547841,
			"x" : 0.47996462357673636,
			"y" : 0.87521637798415219,
			"z" : 0.057661930372923116
		},
		"parent_frame_id" : "angular_groundtruth_frame_id",
		"position" : 
		{
			"x" : 0.013545318021697766,
			"y" : -0.0088537514021351862,
			"z" : 0.094243191991950817
		}
	},
	"candidate_5" : 
	{
		"gripper" : 5,
		"method" : 3,
		"orientation" : 
		{
			"w" : -0.016267135782172319,
			"x" : 0.48197897412073704,
			"y" : 0.87431713082622808,
			"z" : 0.054783241440779125
		},
		"parent_frame_id" : "angular_groundtruth_frame_id",
		"position" : 
		{
			"x" : 0.01243097388429075,
			"y" : -0.0081567357185586397,
			"z" : 0.094653584112665445
		}
	},
	"candidate_6" : 
	{
		"gripper" : 5,
		"method" : 3,
		"orientation" : 
		{
			"w" : -0.019955822532554266,
			"x" : 0.4768527302669362,
			"y" : 0.87773009861089057,
			"z" : 0.042463075448372911
		},
		"parent_frame_id" : "angular_groundtruth_frame_id",
		"position" : 
		{
			"x" : 0.012090537516523621,
			"y" : -0.0077127930322310224,
			"z" : 0.09484123781788438
		}
	},
	"candidate_7" : 
	{
		"gripper" : 5,
		"method" : 3,
		"orientation" : 
		{
			"w" : -0.018342523560638178,
			"x" : 0.47686967907790972,
			"y" : 0.87804121041172256,
			"z" : 0.036090079305481207
		},
		"parent_frame_id" : "angular_groundtruth_frame_id",
		"position" : 
		{
			"x" : 0.012962969857163291,
			"y" : -0.0091888419924930787,
			"z" : 0.094666452439257504
		}
	},
	"candidate_8" : 
	{
		"gripper" : 5,
		"method" : 3,
		"orientation" : 
		{
			"w" : -0.04548325336033382,
			"x" : 0.23915110645780072,
			"y" : 0.96698369680932605,
			"z" : 0.075369437099786926
		},
		"parent_frame_id" : "angular_groundtruth_frame_id",
		"position" : 
		{
			"x" : 0.018996587642260788,
			"y" : -0.0066755935960777849,
			"z" : 0.094199428473121391
		}
	},
	"candidate_9" : 
	{
		"gripper" : 5,
		"method" : 3,
		"orientation" : 
		{
			"w" : -0.048079391262918041,
			"x" : 0.24478765455204299,
			"y" : 0.96610544582945357,
			"z" : 0.066390088517561952
		},
		"parent_frame_id" : "angular_groundtruth_frame_id",
		"position" : 
		{
			"x" : 0.016350319068328182,
			"y" : -0.0058670952699265777,
			"z" : 0.094878566853235785
		}
	}
}
