{
	"object_pose_0" : 
	{
		"orientation" : 
		{
			"w" : -0.076298238545347188,
			"x" : -0.32985756421647106,
			"y" : 0.90275795890847399,
			"z" : -0.26533198071594877
		},
		"parent_frame_id" : "camera_link",
		"position" : 
		{
			"x" : -0.032660389201767732,
			"y" : -0.045018373678301471,
			"z" : 0.54894643371470475
		}
	}
}
