{
	"candidate_0" : 
	{
		"gripper" : 5,
		"method" : 3,
		"orientation" : 
		{
			"w" : 0.055105970336633225,
			"x" : 0.83687882024209015,
			"y" : -0.54460624657649481,
			"z" : 0.0010992967422730482
		},
		"parent_frame_id" : "6dmimic_base",
		"position" : 
		{
			"x" : -0.12548809999999999,
			"y" : 1.5400868000000001,
			"z" : 0.19361300000000001
		}
	},
	"candidate_1" : 
	{
		"gripper" : 5,
		"method" : 3,
		"orientation" : 
		{
			"w" : 0.049893849255304795,
			"x" : 0.84105378385451368,
			"y" : -0.53864064860025573,
			"z" : -0.0023212380294717443
		},
		"parent_frame_id" : "6dmimic_base",
		"position" : 
		{
			"x" : -0.12612670000000001,
			"y" : 1.5410869,
			"z" : 0.1937017
		}
	},
	"candidate_10" : 
	{
		"gripper" : 5,
		"method" : 3,
		"orientation" : 
		{
			"w" : 0.049394726135495823,
			"x" : 0.99713879337591926,
			"y" : -0.049454724505782782,
			"z" : 0.028785725609620772
		},
		"parent_frame_id" : "6dmimic_base",
		"position" : 
		{
			"x" : -0.1355587,
			"y" : 1.5386529,
			"z" : 0.19466929999999999
		}
	},
	"candidate_11" : 
	{
		"gripper" : 5,
		"method" : 3,
		"orientation" : 
		{
			"w" : 0.032459967765870096,
			"x" : 0.97478670445431226,
			"y" : 0.2135891471467937,
			"z" : 0.055829271290653258
		},
		"parent_frame_id" : "6dmimic_base",
		"position" : 
		{
			"x" : -0.13670099999999999,
			"y" : 1.5329744999999999,
			"z" : 0.19486490000000001
		}
	},
	"candidate_12" : 
	{
		"gripper" : 5,
		"method" : 3,
		"orientation" : 
		{
			"w" : 0.037820439950628774,
			"x" : 0.97203504856930933,
			"y" : 0.22760886066665328,
			"z" : 0.04372282265395757
		},
		"parent_frame_id" : "6dmimic_base",
		"position" : 
		{
			"x" : -0.1391202,
			"y" : 1.5316901000000001,
			"z" : 0.19458320000000001
		}
	},
	"candidate_13" : 
	{
		"gripper" : 5,
		"method" : 3,
		"orientation" : 
		{
			"w" : 0.014162117243883958,
			"x" : 0.97734529722264751,
			"y" : 0.2066181451483505,
			"z" : 0.043641110519786593
		},
		"parent_frame_id" : "6dmimic_base",
		"position" : 
		{
			"x" : -0.13455310000000001,
			"y" : 1.5328519,
			"z" : 0.19500200000000001
		}
	},
	"candidate_14" : 
	{
		"gripper" : 5,
		"method" : 3,
		"orientation" : 
		{
			"w" : 0.38082302269770335,
			"x" : -0.84889388519512632,
			"y" : -0.35212247941067798,
			"z" : -0.10179762548991456
		},
		"parent_frame_id" : "6dmimic_base",
		"position" : 
		{
			"x" : -0.21584639999999999,
			"y" : 1.7855764999999999,
			"z" : 0.31417139999999999
		}
	},
	"candidate_15" : 
	{
		"gripper" : 5,
		"method" : 3,
		"orientation" : 
		{
			"w" : 0.38030295575578188,
			"x" : -0.85325821081240283,
			"y" : -0.33984197377550879,
			"z" : -0.10875440397979104
		},
		"parent_frame_id" : "6dmimic_base",
		"position" : 
		{
			"x" : -0.2074617,
			"y" : 1.7867081,
			"z" : 0.31499579999999999
		}
	},
	"candidate_16" : 
	{
		"gripper" : 5,
		"method" : 3,
		"orientation" : 
		{
			"w" : 0.65760216399784444,
			"x" : -0.6594606167216478,
			"y" : -0.35917523588712397,
			"z" : 0.060532956510360086
		},
		"parent_frame_id" : "6dmimic_base",
		"position" : 
		{
			"x" : -0.1948782,
			"y" : 1.7514396999999999,
			"z" : 0.29971880000000001
		}
	},
	"candidate_2" : 
	{
		"gripper" : 5,
		"method" : 3,
		"orientation" : 
		{
			"w" : 0.048319455734982017,
			"x" : 0.84252968001376249,
			"y" : -0.53644888037068739,
			"z" : -0.0056184733173692131
		},
		"parent_frame_id" : "6dmimic_base",
		"position" : 
		{
			"x" : -0.12631680000000001,
			"y" : 1.5416745999999999,
			"z" : 0.1939053
		}
	},
	"candidate_3" : 
	{
		"gripper" : 5,
		"method" : 3,
		"orientation" : 
		{
			"w" : 0.040662196844963826,
			"x" : 0.83901853663076897,
			"y" : -0.54257054345561551,
			"z" : -0.0034185248254812589
		},
		"parent_frame_id" : "6dmimic_base",
		"position" : 
		{
			"x" : -0.12492780000000001,
			"y" : 1.5398997999999999,
			"z" : 0.1941206
		}
	},
	"candidate_4" : 
	{
		"gripper" : 5,
		"method" : 3,
		"orientation" : 
		{
			"w" : 0.047587928132585243,
			"x" : 0.95205414070881178,
			"y" : -0.30219334949011478,
			"z" : 0.0027352841167486777
		},
		"parent_frame_id" : "6dmimic_base",
		"position" : 
		{
			"x" : -0.13466069999999999,
			"y" : 1.5424868,
			"z" : 0.19433880000000001
		}
	},
	"candidate_5" : 
	{
		"gripper" : 5,
		"method" : 3,
		"orientation" : 
		{
			"w" : 0.045050297511141785,
			"x" : 0.95148494021371166,
			"y" : -0.30437791538239717,
			"z" : 0.00098176786121131551
		},
		"parent_frame_id" : "6dmimic_base",
		"position" : 
		{
			"x" : -0.1333445,
			"y" : 1.5422491,
			"z" : 0.19468559999999999
		}
	},
	"candidate_6" : 
	{
		"gripper" : 5,
		"method" : 3,
		"orientation" : 
		{
			"w" : 0.032096124898309576,
			"x" : 0.9537106125368231,
			"y" : -0.29899967149593154,
			"z" : 0.0022589259560013755
		},
		"parent_frame_id" : "6dmimic_base",
		"position" : 
		{
			"x" : -0.13285240000000001,
			"y" : 1.54196,
			"z" : 0.1948444
		}
	},
	"candidate_7" : 
	{
		"gripper" : 5,
		"method" : 3,
		"orientation" : 
		{
			"w" : 0.026148047586580257,
			"x" : 0.95387764703962497,
			"y" : -0.29905419032798963,
			"z" : -0.00055256929789259442
		},
		"parent_frame_id" : "6dmimic_base",
		"position" : 
		{
			"x" : -0.13422729999999999,
			"y" : 1.5430075000000001,
			"z" : 0.1947584
		}
	},
	"candidate_8" : 
	{
		"gripper" : 5,
		"method" : 3,
		"orientation" : 
		{
			"w" : 0.05327486228827031,
			"x" : 0.99675477200362972,
			"y" : -0.0484679408812995,
			"z" : 0.035952360741470867
		},
		"parent_frame_id" : "6dmimic_base",
		"position" : 
		{
			"x" : -0.13890169999999999,
			"y" : 1.5384009000000001,
			"z" : 0.1943793
		}
	},
	"candidate_9" : 
	{
		"gripper" : 5,
		"method" : 3,
		"orientation" : 
		{
			"w" : 0.04409339035840644,
			"x" : 0.99687063891181316,
			"y" : -0.054387499077042462,
			"z" : 0.0366974405973957
		},
		"parent_frame_id" : "6dmimic_base",
		"position" : 
		{
			"x" : -0.13610900000000001,
			"y" : 1.5386317,
			"z" : 0.1949418
		}
	}
}
