{
	"candidate_0" : 
	{
		"gripper" : 5,
		"method" : 3,
		"orientation" : 
		{
			"w" : 0.032989706637671458,
			"x" : 0.82003704378018405,
			"y" : -0.5712533428148624,
			"z" : 0.010979271700007216
		},
		"parent_frame_id" : "6dmimic_base",
		"position" : 
		{
			"x" : -0.031152599999999999,
			"y" : 1.5125143999999999,
			"z" : 0.079580300000000007
		}
	},
	"candidate_1" : 
	{
		"gripper" : 5,
		"method" : 3,
		"orientation" : 
		{
			"w" : 0.048315475456604404,
			"x" : 0.83464991608201533,
			"y" : -0.54854270660656923,
			"z" : 0.011226372719025497
		},
		"parent_frame_id" : "6dmimic_base",
		"position" : 
		{
			"x" : -0.0290563,
			"y" : 1.4953873,
			"z" : 0.078257400000000005
		}
	},
	"candidate_2" : 
	{
		"gripper" : 5,
		"method" : 3,
		"orientation" : 
		{
			"w" : 0.054807522413899259,
			"x" : 0.82937207500744725,
			"y" : -0.55579570285322766,
			"z" : 0.015140454899962904
		},
		"parent_frame_id" : "6dmimic_base",
		"position" : 
		{
			"x" : -0.023359000000000001,
			"y" : 1.4763198,
			"z" : 0.077395900000000004
		}
	},
	"candidate_3" : 
	{
		"gripper" : 5,
		"method" : 3,
		"orientation" : 
		{
			"w" : 0.058111954969493042,
			"x" : 0.83588587978105866,
			"y" : -0.54554997713159148,
			"z" : 0.017117801377195596
		},
		"parent_frame_id" : "6dmimic_base",
		"position" : 
		{
			"x" : -0.023864300000000001,
			"y" : 1.4567330999999999,
			"z" : 0.076621999999999996
		}
	},
	"candidate_4" : 
	{
		"gripper" : 5,
		"method" : 3,
		"orientation" : 
		{
			"w" : 0.046273093310338714,
			"x" : 0.84122257618034268,
			"y" : -0.53848121410973038,
			"z" : 0.015535771976657547
		},
		"parent_frame_id" : "6dmimic_base",
		"position" : 
		{
			"x" : -0.0138298,
			"y" : 1.4402196,
			"z" : 0.076252100000000003
		}
	},
	"candidate_5" : 
	{
		"gripper" : 5,
		"method" : 3,
		"orientation" : 
		{
			"w" : 0.055871904154366298,
			"x" : 0.83169458141989305,
			"y" : -0.55209304147946003,
			"z" : 0.018860729384449233
		},
		"parent_frame_id" : "6dmimic_base",
		"position" : 
		{
			"x" : -0.0082637000000000006,
			"y" : 1.4199997,
			"z" : 0.075589299999999998
		}
	}
}
