{
	"candidate_0" : 
	{
		"gripper" : 5,
		"method" : 3,
		"orientation" : 
		{
			"w" : 0.11790813095801098,
			"x" : 0.73584365803005736,
			"y" : 0.66449327982245621,
			"z" : -0.055501933855742806
		},
		"parent_frame_id" : "angular_groundtruth_frame_id",
		"position" : 
		{
			"x" : -0.0060412906602050039,
			"y" : 0.026585318220845013,
			"z" : 0.10516510523846447
		}
	},
	"candidate_1" : 
	{
		"gripper" : 5,
		"method" : 3,
		"orientation" : 
		{
			"w" : 0.2281138364062755,
			"x" : -0.70236043796852954,
			"y" : -0.65200468085747387,
			"z" : 0.17188306768442937
		},
		"parent_frame_id" : "angular_groundtruth_frame_id",
		"position" : 
		{
			"x" : 0.049471029261240113,
			"y" : -0.0022073329218847385,
			"z" : 0.097387022881504387
		}
	},
	"candidate_2" : 
	{
		"gripper" : 5,
		"method" : 3,
		"orientation" : 
		{
			"w" : 0.037294684882675976,
			"x" : 0.94378256005771555,
			"y" : 0.3061871856951402,
			"z" : 0.11888226581999586
		},
		"parent_frame_id" : "angular_groundtruth_frame_id",
		"position" : 
		{
			"x" : -0.026858788846942674,
			"y" : -0.0044161302008771238,
			"z" : 0.10217208803155377
		}
	},
	"candidate_3" : 
	{
		"gripper" : 5,
		"method" : 3,
		"orientation" : 
		{
			"w" : 0.14464781063059995,
			"x" : 0.45586067228203164,
			"y" : 0.87820841990882126,
			"z" : -0.0042461214772455888
		},
		"parent_frame_id" : "angular_groundtruth_frame_id",
		"position" : 
		{
			"x" : -0.022367209449804061,
			"y" : 0.0084973296879572568,
			"z" : 0.10541477160943924
		}
	}
}
