{
	"object_pose_0" : 
	{
		"orientation" : 
		{
			"w" : -0.081501784706140515,
			"x" : -0.32805139985702125,
			"y" : 0.8997745774002901,
			"z" : -0.27594566520321562
		},
		"parent_frame_id" : "camera_link",
		"position" : 
		{
			"x" : -0.013618798998058113,
			"y" : 0.0062329867981359421,
			"z" : 0.56867157598179929
		}
	}
}
