{
	"candidate_0" : 
	{
		"gripper" : 5,
		"method" : 3,
		"orientation" : 
		{
			"w" : -0.048210276020952098,
			"x" : 0.81186971082205972,
			"y" : -0.57293142492579008,
			"z" : -0.10145405003346392
		},
		"parent_frame_id" : "6dmimic_base",
		"position" : 
		{
			"x" : -0.067915500000000004,
			"y" : 1.5211756000000001,
			"z" : 0.1590588
		}
	},
	"candidate_1" : 
	{
		"gripper" : 5,
		"method" : 3,
		"orientation" : 
		{
			"w" : 0.15030670111826377,
			"x" : -0.80974877110925381,
			"y" : 0.54616033722881374,
			"z" : -0.15304806213770483
		},
		"parent_frame_id" : "6dmimic_base",
		"position" : 
		{
			"x" : -0.1305434,
			"y" : 1.5271201000000001,
			"z" : 0.15274450000000001
		}
	},
	"candidate_2" : 
	{
		"gripper" : 5,
		"method" : 3,
		"orientation" : 
		{
			"w" : 0.13354120253116494,
			"x" : 0.50607837629394858,
			"y" : -0.85174707441617703,
			"z" : 0.02404881489168046
		},
		"parent_frame_id" : "6dmimic_base",
		"position" : 
		{
			"x" : -0.060365099999999998,
			"y" : 1.5579361,
			"z" : 0.15651599999999999
		}
	},
	"candidate_3" : 
	{
		"gripper" : 5,
		"method" : 3,
		"orientation" : 
		{
			"w" : -0.0083709912545931256,
			"x" : 0.96183870261612248,
			"y" : -0.24331578018931446,
			"z" : -0.1248746081716175
		},
		"parent_frame_id" : "6dmimic_base",
		"position" : 
		{
			"x" : -0.059582700000000002,
			"y" : 1.5441688,
			"z" : 0.15951889999999999
		}
	}
}
