{
	"candidate_0" : 
	{
		"gripper" : 5,
		"method" : 3,
		"orientation" : 
		{
			"w" : 0.35490403542108206,
			"x" : 0.58256887931910495,
			"y" : -0.70144706492137554,
			"z" : 0.20646704725912313
		},
		"parent_frame_id" : "6dmimic_base",
		"position" : 
		{
			"x" : -0.030123899999999999,
			"y" : 1.6039192,
			"z" : 0.029630900000000002
		}
	},
	"candidate_1" : 
	{
		"gripper" : 5,
		"method" : 3,
		"orientation" : 
		{
			"w" : 0.33170052963429841,
			"x" : 0.58164163956792148,
			"y" : -0.714933381400775,
			"z" : 0.20134056203338707
		},
		"parent_frame_id" : "6dmimic_base",
		"position" : 
		{
			"x" : -0.0097158999999999995,
			"y" : 1.6049739999999999,
			"z" : 0.030884499999999999
		}
	},
	"candidate_2" : 
	{
		"gripper" : 5,
		"method" : 3,
		"orientation" : 
		{
			"w" : 0.34541857742440252,
			"x" : 0.60576499175995391,
			"y" : -0.69106412236784409,
			"z" : 0.1901713961249864
		},
		"parent_frame_id" : "6dmimic_base",
		"position" : 
		{
			"x" : 0.0051238000000000004,
			"y" : 1.6024457000000001,
			"z" : 0.032271300000000003
		}
	},
	"candidate_3" : 
	{
		"gripper" : 5,
		"method" : 3,
		"orientation" : 
		{
			"w" : 0.33966540610225637,
			"x" : 0.58586439008210245,
			"y" : -0.71187752583733854,
			"z" : 0.18606643044575408
		},
		"parent_frame_id" : "6dmimic_base",
		"position" : 
		{
			"x" : 0.0273026,
			"y" : 1.6027651000000001,
			"z" : 0.031128900000000001
		}
	},
	"candidate_4" : 
	{
		"gripper" : 5,
		"method" : 3,
		"orientation" : 
		{
			"w" : 0.29810141326154499,
			"x" : 0.62074160174861448,
			"y" : -0.70930463404380018,
			"z" : 0.15067298163249038
		},
		"parent_frame_id" : "6dmimic_base",
		"position" : 
		{
			"x" : 0.0409565,
			"y" : 1.6040836000000001,
			"z" : 0.037897100000000003
		}
	},
	"candidate_5" : 
	{
		"gripper" : 5,
		"method" : 3,
		"orientation" : 
		{
			"w" : 0.33140699070790219,
			"x" : 0.60996111067893632,
			"y" : -0.69497398539883548,
			"z" : 0.18742467710552416
		},
		"parent_frame_id" : "6dmimic_base",
		"position" : 
		{
			"x" : 0.055886699999999997,
			"y" : 1.5989618999999999,
			"z" : 0.032757000000000001
		}
	}
}
