{
	"candidate_0" : 
	{
		"gripper" : 5,
		"method" : 3,
		"orientation" : 
		{
			"w" : 0.056382707200228664,
			"x" : 0.99651406796241326,
			"y" : 0.044191415811686299,
			"z" : 0.042753028551607335
		},
		"parent_frame_id" : "linear_groundtruth_frame_id",
		"position" : 
		{
			"x" : 0.0030476467745900273,
			"y" : 0.17495573445654744,
			"z" : 0.024857235453406807
		}
	},
	"candidate_1" : 
	{
		"gripper" : 5,
		"method" : 3,
		"orientation" : 
		{
			"w" : 0.057819567396101661,
			"x" : 0.9966435975612864,
			"y" : 0.042768570899443421,
			"z" : 0.039106091717836619
		},
		"parent_frame_id" : "linear_groundtruth_frame_id",
		"position" : 
		{
			"x" : 0.0030767915169005915,
			"y" : 0.1645354384168185,
			"z" : 0.025002060443420612
		}
	},
	"candidate_2" : 
	{
		"gripper" : 5,
		"method" : 3,
		"orientation" : 
		{
			"w" : 0.050179071131365105,
			"x" : 0.99640434954047929,
			"y" : 0.053302435829720204,
			"z" : 0.042653058176716538
		},
		"parent_frame_id" : "linear_groundtruth_frame_id",
		"position" : 
		{
			"x" : 0.0028647359698844325,
			"y" : 0.15756331808855961,
			"z" : 0.025062905091171025
		}
	},
	"candidate_3" : 
	{
		"gripper" : 5,
		"method" : 3,
		"orientation" : 
		{
			"w" : 0.04529782157494805,
			"x" : 0.99826119437488059,
			"y" : 0.029399690276039728,
			"z" : 0.023629502268862238
		},
		"parent_frame_id" : "linear_groundtruth_frame_id",
		"position" : 
		{
			"x" : 0.0034395493311079541,
			"y" : 0.14450565609131738,
			"z" : 0.025037302778082117
		}
	},
	"candidate_4" : 
	{
		"gripper" : 5,
		"method" : 3,
		"orientation" : 
		{
			"w" : 0.041519806776138646,
			"x" : 0.99775445047684963,
			"y" : 0.033202088510156373,
			"z" : 0.040740440811014821
		},
		"parent_frame_id" : "linear_groundtruth_frame_id",
		"position" : 
		{
			"x" : 0.0025191720500512683,
			"y" : 0.13717293755306115,
			"z" : 0.02502066317475447
		}
	},
	"candidate_5" : 
	{
		"gripper" : 5,
		"method" : 3,
		"orientation" : 
		{
			"w" : 0.039749670687628608,
			"x" : 0.99779942942305599,
			"y" : 0.036054125725311026,
			"z" : 0.038940497447166128
		},
		"parent_frame_id" : "linear_groundtruth_frame_id",
		"position" : 
		{
			"x" : 0.004981938651132764,
			"y" : 0.12523534219013766,
			"z" : 0.025150238009115269
		}
	},
	"candidate_6" : 
	{
		"gripper" : 5,
		"method" : 3,
		"orientation" : 
		{
			"w" : 0.025944906988750585,
			"x" : 0.99840759573560878,
			"y" : 0.030362026004351016,
			"z" : 0.039840707269039932
		},
		"parent_frame_id" : "linear_groundtruth_frame_id",
		"position" : 
		{
			"x" : 0.0052787085760809919,
			"y" : 0.11917532329104819,
			"z" : 0.025731358234293907
		}
	},
	"candidate_7" : 
	{
		"gripper" : 5,
		"method" : 3,
		"orientation" : 
		{
			"w" : 0.037614707701311791,
			"x" : 0.99767443336545547,
			"y" : 0.043933986805145299,
			"z" : 0.036064713736110039
		},
		"parent_frame_id" : "linear_groundtruth_frame_id",
		"position" : 
		{
			"x" : 0.0047120183615271868,
			"y" : 0.10674643960996016,
			"z" : 0.025395264245909169
		}
	},
	"candidate_8" : 
	{
		"gripper" : 5,
		"method" : 3,
		"orientation" : 
		{
			"w" : 0.039021348651486702,
			"x" : 0.99712577534130298,
			"y" : 0.056119228214202774,
			"z" : 0.03268263643078391
		},
		"parent_frame_id" : "linear_groundtruth_frame_id",
		"position" : 
		{
			"x" : 0.0044243844165385961,
			"y" : 0.097238532682399015,
			"z" : 0.025326930653808043
		}
	},
	"candidate_9" : 
	{
		"gripper" : 5,
		"method" : 3,
		"orientation" : 
		{
			"w" : 0.037709699524573786,
			"x" : 0.99777318594082154,
			"y" : 0.047397895463373939,
			"z" : 0.027930046274799777
		},
		"parent_frame_id" : "linear_groundtruth_frame_id",
		"position" : 
		{
			"x" : 0.0047882581903290339,
			"y" : 0.085590489594401908,
			"z" : 0.025286891742641874
		}
	}
}
