{
	"object_pose_0" : 
	{
		"orientation" : 
		{
			"w" : 0.11158193204539192,
			"x" : 0.30766488591399749,
			"y" : 0.90512250358335267,
			"z" : -0.27137740297558305
		},
		"parent_frame_id" : "camera_link",
		"position" : 
		{
			"x" : -0.0030933633337852338,
			"y" : -0.0097319937965937853,
			"z" : 0.58047925420977531
		}
	}
}
