{
	"candidate_0" : 
	{
		"gripper" : 5,
		"method" : 3,
		"orientation" : 
		{
			"w" : 0.070014113036130102,
			"x" : 0.79071488733308171,
			"y" : -0.60805351332862356,
			"z" : -0.011786257010345056
		},
		"parent_frame_id" : "6dmimic_base",
		"position" : 
		{
			"x" : 0.073395799999999997,
			"y" : 1.5885691,
			"z" : 0.077268100000000006
		}
	},
	"candidate_1" : 
	{
		"gripper" : 5,
		"method" : 3,
		"orientation" : 
		{
			"w" : 0.068773649053217645,
			"x" : 0.78986745286601423,
			"y" : -0.60921201503223077,
			"z" : -0.015502026939355918
		},
		"parent_frame_id" : "6dmimic_base",
		"position" : 
		{
			"x" : 0.063132900000000006,
			"y" : 1.5867761,
			"z" : 0.077518299999999998
		}
	},
	"candidate_2" : 
	{
		"gripper" : 5,
		"method" : 3,
		"orientation" : 
		{
			"w" : 0.065132330310399139,
			"x" : 0.79650077257452789,
			"y" : -0.60106780700248574,
			"z" : -0.0078606756541459641
		},
		"parent_frame_id" : "6dmimic_base",
		"position" : 
		{
			"x" : 0.056226400000000003,
			"y" : 1.5858057000000001,
			"z" : 0.077652499999999999
		}
	},
	"candidate_3" : 
	{
		"gripper" : 5,
		"method" : 3,
		"orientation" : 
		{
			"w" : 0.049333974923485895,
			"x" : 0.78235735931437722,
			"y" : -0.62057342405932514,
			"z" : -0.019280731214569403
		},
		"parent_frame_id" : "6dmimic_base",
		"position" : 
		{
			"x" : 0.043454699999999999,
			"y" : 1.5830291000000001,
			"z" : 0.077751200000000006
		}
	},
	"candidate_4" : 
	{
		"gripper" : 5,
		"method" : 3,
		"orientation" : 
		{
			"w" : 0.057443170961703316,
			"x" : 0.78455947695231576,
			"y" : -0.6173755604280049,
			"z" : -0.003758539660570024
		},
		"parent_frame_id" : "6dmimic_base",
		"position" : 
		{
			"x" : 0.036071800000000001,
			"y" : 1.5826986999999999,
			"z" : 0.077820399999999998
		}
	},
	"candidate_5" : 
	{
		"gripper" : 5,
		"method" : 3,
		"orientation" : 
		{
			"w" : 0.054906447529064151,
			"x" : 0.78641687647948855,
			"y" : -0.61523802854543452,
			"z" : -0.0039933243682438273
		},
		"parent_frame_id" : "6dmimic_base",
		"position" : 
		{
			"x" : 0.024725899999999999,
			"y" : 1.5782437,
			"z" : 0.078039200000000003
		}
	},
	"candidate_6" : 
	{
		"gripper" : 5,
		"method" : 3,
		"orientation" : 
		{
			"w" : 0.044978856166982953,
			"x" : 0.78321646636068754,
			"y" : -0.6200948852078485,
			"z" : 0.0055859339821624568
		},
		"parent_frame_id" : "6dmimic_base",
		"position" : 
		{
			"x" : 0.018810899999999998,
			"y" : 1.5769188999999999,
			"z" : 0.078679899999999997
		}
	},
	"candidate_7" : 
	{
		"gripper" : 5,
		"method" : 3,
		"orientation" : 
		{
			"w" : 0.051356231946204325,
			"x" : 0.79137604124737559,
			"y" : -0.60914968445559026,
			"z" : -0.0048125572801427201
		},
		"parent_frame_id" : "6dmimic_base",
		"position" : 
		{
			"x" : 0.0064615999999999996,
			"y" : 1.5753804,
			"z" : 0.078475299999999998
		}
	},
	"candidate_8" : 
	{
		"gripper" : 5,
		"method" : 3,
		"orientation" : 
		{
			"w" : 0.050152441823309878,
			"x" : 0.79878314159114105,
			"y" : -0.59946758519295296,
			"z" : -0.0082969628103570572
		},
		"parent_frame_id" : "6dmimic_base",
		"position" : 
		{
			"x" : -0.0029583999999999999,
			"y" : 1.5740571999999999,
			"z" : 0.078506400000000004
		}
	},
	"candidate_9" : 
	{
		"gripper" : 5,
		"method" : 3,
		"orientation" : 
		{
			"w" : 0.046157451166816466,
			"x" : 0.79361769242695479,
			"y" : -0.60656194866736768,
			"z" : -0.011092808370465279
		},
		"parent_frame_id" : "6dmimic_base",
		"position" : 
		{
			"x" : -0.0143768,
			"y" : 1.5717277000000001,
			"z" : 0.078579099999999999
		}
	}
}
