{
	"candidate_0" : 
	{
		"gripper" : 5,
		"method" : 3,
		"orientation" : 
		{
			"w" : -0.016186977592325631,
			"x" : 0.69180551941895818,
			"y" : 0.72088951614997132,
			"z" : 0.03822839995280012
		},
		"parent_frame_id" : "angular_groundtruth_frame_id",
		"position" : 
		{
			"x" : -0.001032276543232753,
			"y" : 0.0010576066613987448,
			"z" : 0.095809724695480963
		}
	},
	"candidate_1" : 
	{
		"gripper" : 5,
		"method" : 3,
		"orientation" : 
		{
			"w" : -0.020891593476545144,
			"x" : 0.69048940895396316,
			"y" : 0.72218140936179975,
			"z" : 0.035241018949825585
		},
		"parent_frame_id" : "angular_groundtruth_frame_id",
		"position" : 
		{
			"x" : -0.0034000158803429025,
			"y" : 0.0015897903336402632,
			"z" : 0.096036694854900087
		}
	},
	"candidate_10" : 
	{
		"gripper" : 5,
		"method" : 3,
		"orientation" : 
		{
			"w" : -0.018937379550990698,
			"x" : 0.43110935343377982,
			"y" : 0.90057425939204483,
			"z" : 0.052460502838992243
		},
		"parent_frame_id" : "angular_groundtruth_frame_id",
		"position" : 
		{
			"x" : 0.007539480259828292,
			"y" : -0.0031448385815695443,
			"z" : 0.09597647212371109
		}
	},
	"candidate_11" : 
	{
		"gripper" : 5,
		"method" : 3,
		"orientation" : 
		{
			"w" : -0.026510734363433326,
			"x" : 0.44445308287570834,
			"y" : 0.89393303982946293,
			"z" : 0.051403875214290379
		},
		"parent_frame_id" : "angular_groundtruth_frame_id",
		"position" : 
		{
			"x" : 0.0036607123052083321,
			"y" : -0.0015069907059713978,
			"z" : 0.096383483341688614
		}
	},
	"candidate_12" : 
	{
		"gripper" : 5,
		"method" : 3,
		"orientation" : 
		{
			"w" : -0.017355402013526401,
			"x" : 0.43517847458439529,
			"y" : 0.89855299895488117,
			"z" : 0.05404621493256441
		},
		"parent_frame_id" : "angular_groundtruth_frame_id",
		"position" : 
		{
			"x" : 0.007566899207109833,
			"y" : -0.0017202068759652853,
			"z" : 0.096256179521382365
		}
	},
	"candidate_13" : 
	{
		"gripper" : 5,
		"method" : 3,
		"orientation" : 
		{
			"w" : -0.019007203685979211,
			"x" : 0.44644751883454664,
			"y" : 0.89318754313876803,
			"z" : 0.050391982658435239
		},
		"parent_frame_id" : "angular_groundtruth_frame_id",
		"position" : 
		{
			"x" : 0.0069079990255635649,
			"y" : -0.0012633133587672662,
			"z" : 0.096316411553731482
		}
	},
	"candidate_14" : 
	{
		"gripper" : 5,
		"method" : 3,
		"orientation" : 
		{
			"w" : -0.026249801815381543,
			"x" : 0.45756685201400671,
			"y" : 0.8876365935338375,
			"z" : 0.04521948321564967
		},
		"parent_frame_id" : "angular_groundtruth_frame_id",
		"position" : 
		{
			"x" : 0.0061771583493304902,
			"y" : -0.0025323777240009821,
			"z" : 0.096185008486557241
		}
	},
	"candidate_15" : 
	{
		"gripper" : 5,
		"method" : 3,
		"orientation" : 
		{
			"w" : -0.028719792823136768,
			"x" : 0.38321084148560258,
			"y" : 0.92225616874146576,
			"z" : 0.042049776294358611
		},
		"parent_frame_id" : "angular_groundtruth_frame_id",
		"position" : 
		{
			"x" : 0.0085926007198356205,
			"y" : -0.0033745933260112887,
			"z" : 0.095624593076454587
		}
	},
	"candidate_16" : 
	{
		"gripper" : 5,
		"method" : 3,
		"orientation" : 
		{
			"w" : -0.02451088359661751,
			"x" : 0.39794433786423172,
			"y" : 0.91597042839449383,
			"z" : 0.045140833553653843
		},
		"parent_frame_id" : "angular_groundtruth_frame_id",
		"position" : 
		{
			"x" : 0.0087694472907096192,
			"y" : -0.0036765552246215312,
			"z" : 0.095998594375529947
		}
	},
	"candidate_17" : 
	{
		"gripper" : 5,
		"method" : 3,
		"orientation" : 
		{
			"w" : -0.015737054996954408,
			"x" : 0.4147210060615063,
			"y" : 0.90865746622591026,
			"z" : 0.045830571709979451
		},
		"parent_frame_id" : "angular_groundtruth_frame_id",
		"position" : 
		{
			"x" : 0.0096782221722091655,
			"y" : -0.003617706306734312,
			"z" : 0.096096425506953562
		}
	},
	"candidate_18" : 
	{
		"gripper" : 5,
		"method" : 3,
		"orientation" : 
		{
			"w" : -0.024145824399181337,
			"x" : 0.40710869877952227,
			"y" : 0.91192769711856692,
			"z" : 0.045468250132979893
		},
		"parent_frame_id" : "angular_groundtruth_frame_id",
		"position" : 
		{
			"x" : 0.0083461524148097203,
			"y" : -0.0031987183829009606,
			"z" : 0.096086917871217328
		}
	},
	"candidate_19" : 
	{
		"gripper" : 5,
		"method" : 3,
		"orientation" : 
		{
			"w" : -0.024469151963948037,
			"x" : 0.42102671402405134,
			"y" : 0.90589002110988182,
			"z" : 0.038743210164013463
		},
		"parent_frame_id" : "angular_groundtruth_frame_id",
		"position" : 
		{
			"x" : 0.010824753257170213,
			"y" : -0.0038675831881520889,
			"z" : 0.095783398630884434
		}
	},
	"candidate_2" : 
	{
		"gripper" : 5,
		"method" : 3,
		"orientation" : 
		{
			"w" : -0.027675792712807325,
			"x" : 0.6929796788596857,
			"y" : 0.71950070895167884,
			"z" : 0.036495821723535674
		},
		"parent_frame_id" : "angular_groundtruth_frame_id",
		"position" : 
		{
			"x" : -0.003514837104105131,
			"y" : 0.0025919457005690949,
			"z" : 0.096154496747947307
		}
	},
	"candidate_20" : 
	{
		"gripper" : 5,
		"method" : 3,
		"orientation" : 
		{
			"w" : -0.026581804714463253,
			"x" : 0.33273016458732946,
			"y" : 0.94164708790046014,
			"z" : 0.043414364908331927
		},
		"parent_frame_id" : "angular_groundtruth_frame_id",
		"position" : 
		{
			"x" : 0.014263372852157466,
			"y" : -0.0075786055500610058,
			"z" : 0.095311667397727867
		}
	},
	"candidate_21" : 
	{
		"gripper" : 5,
		"method" : 3,
		"orientation" : 
		{
			"w" : -0.028837325138691978,
			"x" : 0.3304452089479562,
			"y" : 0.94237786252701905,
			"z" : 0.043569906830215305
		},
		"parent_frame_id" : "angular_groundtruth_frame_id",
		"position" : 
		{
			"x" : 0.015253321948207964,
			"y" : -0.0077357995579653656,
			"z" : 0.095113554908538664
		}
	},
	"candidate_22" : 
	{
		"gripper" : 5,
		"method" : 3,
		"orientation" : 
		{
			"w" : -0.025935725853999007,
			"x" : 0.33340551769993382,
			"y" : 0.94127902713130662,
			"z" : 0.046496150103061108
		},
		"parent_frame_id" : "angular_groundtruth_frame_id",
		"position" : 
		{
			"x" : 0.012910942364262819,
			"y" : -0.0072523178539332352,
			"z" : 0.095432168297252484
		}
	},
	"candidate_23" : 
	{
		"gripper" : 5,
		"method" : 3,
		"orientation" : 
		{
			"w" : -0.027344237496334651,
			"x" : 0.33327273001727586,
			"y" : 0.94129464578590472,
			"z" : 0.046324614594878577
		},
		"parent_frame_id" : "angular_groundtruth_frame_id",
		"position" : 
		{
			"x" : 0.011045980060094305,
			"y" : -0.0055731825880422723,
			"z" : 0.095641548867405571
		}
	},
	"candidate_24" : 
	{
		"gripper" : 5,
		"method" : 3,
		"orientation" : 
		{
			"w" : -0.011862985914958022,
			"x" : 0.33876020050139205,
			"y" : 0.93936010600517572,
			"z" : 0.051994108968066964
		},
		"parent_frame_id" : "angular_groundtruth_frame_id",
		"position" : 
		{
			"x" : 0.013888726070741443,
			"y" : -0.0065161413652774121,
			"z" : 0.095577027853391144
		}
	},
	"candidate_25" : 
	{
		"gripper" : 5,
		"method" : 3,
		"orientation" : 
		{
			"w" : -0.0096692044300674476,
			"x" : 0.13113559780154818,
			"y" : 0.99029835683731537,
			"z" : 0.044934685046558301
		},
		"parent_frame_id" : "angular_groundtruth_frame_id",
		"position" : 
		{
			"x" : 0.014900795834701582,
			"y" : -0.00042587437509495306,
			"z" : 0.09457054203996236
		}
	},
	"candidate_3" : 
	{
		"gripper" : 5,
		"method" : 3,
		"orientation" : 
		{
			"w" : -0.026451236897273512,
			"x" : 0.69437875297757601,
			"y" : 0.71825580138386891,
			"z" : 0.035314066012381032
		},
		"parent_frame_id" : "angular_groundtruth_frame_id",
		"position" : 
		{
			"x" : -0.0026473682510618204,
			"y" : 0.0030374762733664544,
			"z" : 0.096270124450601888
		}
	},
	"candidate_4" : 
	{
		"gripper" : 5,
		"method" : 3,
		"orientation" : 
		{
			"w" : -0.025372220722561824,
			"x" : 0.69299361592957842,
			"y" : 0.71960971070711999,
			"z" : 0.03574860769972249
		},
		"parent_frame_id" : "angular_groundtruth_frame_id",
		"position" : 
		{
			"x" : -0.0066114660197634581,
			"y" : 0.0034639547142930292,
			"z" : 0.096461884593224301
		}
	},