{
	"object_pose_0" : 
	{
		"orientation" : 
		{
			"w" : -0.080180138054352632,
			"x" : -0.32842140888538651,
			"y" : 0.89936783967695944,
			"z" : -0.27721504660320662
		},
		"parent_frame_id" : "camera_link",
		"position" : 
		{
			"x" : -0.019445506203375575,
			"y" : 0.0080588783054896251,
			"z" : 0.56749333793365297
		}
	}
}
