{
	"candidate_0" : 
	{
		"gripper" : 5,
		"method" : 3,
		"orientation" : 
		{
			"w" : 0.034889880683875545,
			"x" : 0.84067407817486461,
			"y" : -0.5403212027084513,
			"z" : 0.010138462131849026
		},
		"parent_frame_id" : "6dmimic_base",
		"position" : 
		{
			"x" : -0.0832706,
			"y" : 1.5373764999999999,
			"z" : 0.15004500000000001
		}
	},
	"candidate_1" : 
	{
		"gripper" : 5,
		"method" : 3,
		"orientation" : 
		{
			"w" : 0.031031382489549453,
			"x" : 0.84170926570795013,
			"y" : -0.53885199302598086,
			"z" : 0.014180794551041778
		},
		"parent_frame_id" : "6dmimic_base",
		"position" : 
		{
			"x" : -0.080864800000000001,
			"y" : 1.5377730999999999,
			"z" : 0.150224
		}
	},
	"candidate_10" : 
	{
		"gripper" : 5,
		"method" : 3,
		"orientation" : 
		{
			"w" : 0.044212221564242572,
			"x" : 0.96712875915077601,
			"y" : -0.24989708083975065,
			"z" : 0.016083894914036515
		},
		"parent_frame_id" : "6dmimic_base",
		"position" : 
		{
			"x" : -0.092818399999999995,
			"y" : 1.5380449,
			"z" : 0.15043670000000001
		}
	},
	"candidate_11" : 
	{
		"gripper" : 5,
		"method" : 3,
		"orientation" : 
		{
			"w" : 0.041910374807344136,
			"x" : 0.96323699993793077,
			"y" : -0.26434238154245415,
			"z" : 0.023261722948792557
		},
		"parent_frame_id" : "6dmimic_base",
		"position" : 
		{
			"x" : -0.088586799999999993,
			"y" : 1.5379814000000001,
			"z" : 0.1507492
		}
	},
	"candidate_12" : 
	{
		"gripper" : 5,
		"method" : 3,
		"orientation" : 
		{
			"w" : 0.046129297455026905,
			"x" : 0.96592442044832072,
			"y" : -0.25424883156130668,
			"z" : 0.014820038717612279
		},
		"parent_frame_id" : "6dmimic_base",
		"position" : 
		{
			"x" : -0.0922988,
			"y" : 1.5367052999999999,
			"z" : 0.15068799999999999
		}
	},
	"candidate_13" : 
	{
		"gripper" : 5,
		"method" : 3,
		"orientation" : 
		{
			"w" : 0.042383337244913985,
			"x" : 0.96280591139454652,
			"y" : -0.26638717676556667,
			"z" : 0.015694004032475832
		},
		"parent_frame_id" : "6dmimic_base",
		"position" : 
		{
			"x" : -0.0915126,
			"y" : 1.5365283999999999,
			"z" : 0.15072840000000001
		}
	},
	"candidate_14" : 
	{
		"gripper" : 5,
		"method" : 3,
		"orientation" : 
		{
			"w" : 0.036074740612938999,
			"x" : 0.95951809823386436,
			"y" : -0.2784777669832556,
			"z" : 0.021766156008739698
		},
		"parent_frame_id" : "6dmimic_base",
		"position" : 
		{
			"x" : -0.091316599999999998,
			"y" : 1.5379871000000001,
			"z" : 0.15061150000000001
		}
	},
	"candidate_15" : 
	{
		"gripper" : 5,
		"method" : 3,
		"orientation" : 
		{
			"w" : 0.031461187617992839,
			"x" : 0.97921930146345282,
			"y" : -0.19891946395616972,
			"z" : 0.023891424706009384
		},
		"parent_frame_id" : "6dmimic_base",
		"position" : 
		{
			"x" : -0.093891500000000003,
			"y" : 1.5378654,
			"z" : 0.15010509999999999
		}
	},
	"candidate_16" : 
	{
		"gripper" : 5,
		"method" : 3,
		"orientation" : 
		{
			"w" : 0.03550105995710931,
			"x" : 0.97586398618416104,
			"y" : -0.21451708763715699,
			"z" : 0.020287294604100073
		},
		"parent_frame_id" : "6dmimic_base",
		"position" : 
		{
			"x" : -0.094161499999999995,
			"y" : 1.5380745,
			"z" : 0.1504896
		}
	},
	"candidate_17" : 
	{
		"gripper" : 5,
		"method" : 3,
		"orientation" : 
		{
			"w" : 0.038089409488356679,
			"x" : 0.971827110736042,
			"y" : -0.23230057172961951,
			"z" : 0.011734909345921219
		},
		"parent_frame_id" : "6dmimic_base",
		"position" : 
		{
			"x" : -0.094981200000000002,
			"y" : 1.5376749999999999,
			"z" : 0.15060100000000001
		}
	},
	"candidate_18" : 
	{
		"gripper" : 5,
		"method" : 3,
		"orientation" : 
		{
			"w" : 0.036017336254078304,
			"x" : 0.97365461658850339,
			"y" : -0.22427968257358114,
			"z" : 0.019951517981065599
		},
		"parent_frame_id" : "6dmimic_base",
		"position" : 
		{
			"x" : -0.093585600000000005,
			"y" : 1.5377886999999999,
			"z" : 0.15056149999999999
		}
	},
	"candidate_19" : 
	{
		"gripper" : 5,
		"method" : 3,
		"orientation" : 
		{
			"w" : 0.029544528957658512,
			"x" : 0.97034499371213057,
			"y" : -0.23916500052574377,
			"z" : 0.018916038432934594
		},
		"parent_frame_id" : "6dmimic_base",
		"position" : 
		{
			"x" : -0.096147800000000005,
			"y" : 1.5374783999999999,
			"z" : 0.15031030000000001
		}
	},
	"candidate_2" : 
	{
		"gripper" : 5,
		"method" : 3,
		"orientation" : 
		{
			"w" : 0.031008589555721087,
			"x" : 0.83963377806339001,
			"y" : -0.541857053010112,
			"z" : 0.021083647975613132
		},
		"parent_frame_id" : "6dmimic_base",
		"position" : 
		{
			"x" : -0.080376500000000003,
			"y" : 1.5368824999999999,
			"z" : 0.15031939999999999
		}
	},
	"candidate_20" : 
	{
		"gripper" : 5,
		"method" : 3,
		"orientation" : 
		{
			"w" : 0.03254777396915965,
			"x" : 0.9885522295141187,
			"y" : -0.14562825766709775,
			"z" : 0.022305660742580738
		},
		"parent_frame_id" : "6dmimic_base",
		"position" : 
		{
			"x" : -0.100756,
			"y" : 1.5396380000000001,
			"z" : 0.1499693
		}
	},
	"candidate_21" : 
	{
		"gripper" : 5,
		"method" : 3,
		"orientation" : 
		{
			"w" : 0.032238865464755871,
			"x" : 0.98885430583350464,
			"y" : -0.14326388532753201,
			"z" : 0.024561688641925841
		},
		"parent_frame_id" : "6dmimic_base",
		"position" : 
		{
			"x" : -0.1017395,
			"y" : 1.5394128,
			"z" : 0.14978949999999999
		}
	},
	"candidate_22" : 
	{
		"gripper" : 5,
		"method" : 3,
		"orientation" : 
		{
			"w" : 0.035705807268854702,
			"x" : 0.98834117419022227,
			"y" : -0.14632593286477191,
			"z" : 0.022260729970650015
		},
		"parent_frame_id" : "6dmimic_base",
		"position" : 
		{
			"x" : -0.099373600000000006,
			"y" : 1.5398438999999999,
			"z" : 0.1500619
		}
	},
	"candidate_23" : 
	{
		"gripper" : 5,
		"method" : 3,
		"orientation" : 
		{
			"w" : 0.035265674319168543,
			"x" : 0.98834331084086768,
			"y" : -0.14620653388944188,
			"z" : 0.023611047815841529
		},
		"parent_frame_id" : "6dmimic_base",
		"position" : 
		{
			"x" : -0.097001500000000004,
			"y" : 1.5389835999999999,
			"z" : 0.15020720000000001
		}
	},
	"candidate_24" : 
	{
		"gripper" : 5,
		"method" : 3,
		"orientation" : 
		{
			"w" : 0.043870589187592957,
			"x" : 0.98739590597570681,
			"y" : -0.15177241541243261,
			"z" : 0.0094778788039497283
		},
		"parent_frame_id" : "6dmimic_base",
		"position" : 
		{
			"x" : -0.1000002,
			"y" : 1.5387875,
			"z" : 0.15020739999999999
		}
	},
	"candidate_25" : 
	{
		"gripper" : 5,
		"method" : 3,
		"orientation" : 
		{
			"w" : 0.034889209707131552,
			"x" : 0.99745816363677631,
			"y" : 0.0617002679755791,
			"z" : 0.0072822916793821926
		},
		"parent_frame_id" : "6dmimic_base",
		"position" : 
		{
			"x" : -0.098659999999999998,
			"y" : 1.5327521,
			"z" : 0.14908569999999999
		}
	},
	"candidate_3" : 
	{
		"gripper" : 5,
		"method" : 3,
		"orientation" : 
		{
			"w" : 0.030108416989225152,
			"x" : 0.83865828816973254,
			"y" : -0.54346980894452412,
			"z" : 0.019655169203525603
		},
		"parent_frame_id" : "6dmimic_base",
		"position" : 
		{
			"x" : -0.081011200000000005,
			"y" : 1.5361385999999999,
			"z" : 0.15043989999999999
		}
	},
	"candidate_4" : 
	{
		"gripper" : 5,
		"method" : 3,
		"orientation" : 
		{
			"w" : 0.03071663601182496,
			"x" : 0.83971436063428928,
			"y" : -0.54183705659196868,
			"z" : 0.018678461403862257
		},
		"parent_frame_id" : "6dmimic_base",
		"position" : 
		{
			"x" : -0.077163300000000004,
			"y" : 1.5372372999999999,
			"z" : 0.15056040000000001
		}
	},
	"candidate_5" : 
	{
		"gripper" : 5,
		"method" : 3,
		"orientation" : 
		{
			"w" : 0.0383444327452553,
			"x" : 0.93604952514103068,
			"y" : -0.3496977291422172,
			"z" : 0.0072449426134602122
		},
		"parent_frame_id" : "6dmimic_base",
		"position" : 
		{
			"x" : -0.089469900000000005,
			"y" : 1.5407029999999999,
			"z" : 0.15000820000000001
		}
	},
	"candidate_6" : 
	{
		"gripper" : 5,
		"method" : 3,
		"orientation" : 
		{
			"w" : 0.040624859787050688,
			"x" : 0.9373154754022005,
			"y" : -0.3460543629109834,
			"z" : 0.0059748011768353242
		},
		"parent_frame_id" : "6dmimic_base",