{
	"candidate_0" : 
	{
		"gripper" : 5,
		"method" : 3,
		"orientation" : 
		{
			"w" : 0.02797577322291047,
			"x" : 0.89554282595855061,
			"y" : 0.44027002397098253,
			"z" : 0.058161060679322807
		},
		"parent_frame_id" : "angular_groundtruth_frame_id",
		"position" : 
		{
			"x" : 0.0013293485481205738,
			"y" : 0.0024122235151977306,
			"z" : 0.095375394049695833
		}
	},
	"candidate_1" : 
	{
		"gripper" : 5,
		"method" : 3,
		"orientation" : 
		{
			"w" : 0.023946050132079143,
			"x" : 0.89317920660031269,
			"y" : 0.4462059313544024,
			"z" : 0.050574285996526372
		},
		"parent_frame_id" : "angular_groundtruth_frame_id",
		"position" : 
		{
			"x" : -0.0022723619222061826,
			"y" : 0.0032279751177345692,
			"z" : 0.095945041457342492
		}
	},
	"candidate_10" : 
	{
		"gripper" : 5,
		"method" : 3,
		"orientation" : 
		{
			"w" : 0.022898285397442646,
			"x" : 0.96004489259837922,
			"y" : 0.27217397190088438,
			"z" : 0.060916350361134401
		},
		"parent_frame_id" : "angular_groundtruth_frame_id",
		"position" : 
		{
			"x" : -0.0030288471337622694,
			"y" : 0.0060422961880135309,
			"z" : 0.09497575333624983
		}
	},
	"candidate_11" : 
	{
		"gripper" : 5,
		"method" : 3,
		"orientation" : 
		{
			"w" : 0.025432908634409224,
			"x" : 0.95972461946837428,
			"y" : 0.2717821303275581,
			"z" : 0.066455214838959595
		},
		"parent_frame_id" : "angular_groundtruth_frame_id",
		"position" : 
		{
			"x" : -0.0021021110240620083,
			"y" : 0.0051724234946221789,
			"z" : 0.095076382935911447
		}
	},
	"candidate_12" : 
	{
		"gripper" : 5,
		"method" : 3,
		"orientation" : 
		{
			"w" : 0.030773762689870851,
			"x" : 0.96148101844502065,
			"y" : 0.26474390262245312,
			"z" : 0.067215271509281291
		},
		"parent_frame_id" : "angular_groundtruth_frame_id",
		"position" : 
		{
			"x" : -0.0034434938719726527,
			"y" : 0.0046328522836482878,
			"z" : 0.0948154757694981
		}
	},
	"candidate_13" : 
	{
		"gripper" : 5,
		"method" : 3,
		"orientation" : 
		{
			"w" : 0.029083686726251973,
			"x" : 0.96085193001437208,
			"y" : 0.26780175257488692,
			"z" : 0.064806859759478391
		},
		"parent_frame_id" : "angular_groundtruth_frame_id",
		"position" : 
		{
			"x" : -0.0033822140628862098,
			"y" : 0.0043909581379747379,
			"z" : 0.095028845040648291
		}
	},
	"candidate_14" : 
	{
		"gripper" : 5,
		"method" : 3,
		"orientation" : 
		{
			"w" : 0.024139670760976659,
			"x" : 0.96137386095293176,
			"y" : 0.26619548816254601,
			"z" : 0.065707974051165879
		},
		"parent_frame_id" : "angular_groundtruth_frame_id",
		"position" : 
		{
			"x" : -0.0013135761244019513,
			"y" : 0.0053420922659989161,
			"z" : 0.095033270589112109
		}
	},
	"candidate_15" : 
	{
		"gripper" : 5,
		"method" : 3,
		"orientation" : 
		{
			"w" : 0.013047242142479444,
			"x" : 0.95914707046950198,
			"y" : 0.27580349665826948,
			"z" : 0.061636822706233128
		},
		"parent_frame_id" : "angular_groundtruth_frame_id",
		"position" : 
		{
			"x" : -0.0037779477077036451,
			"y" : 0.0052055591379578173,
			"z" : 0.095175392523663693
		}
	},
	"candidate_16" : 
	{
		"gripper" : 5,
		"method" : 3,
		"orientation" : 
		{
			"w" : 0.0097399917401839835,
			"x" : 0.95981104790857985,
			"y" : 0.27337722008582982,
			"z" : 0.062711884134336524
		},
		"parent_frame_id" : "angular_groundtruth_frame_id",
		"position" : 
		{
			"x" : -0.0068433404394230759,
			"y" : 0.006144864931066165,
			"z" : 0.095392453878465733
		}
	},
	"candidate_17" : 
	{
		"gripper" : 5,
		"method" : 3,
		"orientation" : 
		{
			"w" : 0.012367017706235203,
			"x" : 0.95752659224663528,
			"y" : 0.28071152877336647,
			"z" : 0.064737312481434869
		},
		"parent_frame_id" : "angular_groundtruth_frame_id",
		"position" : 
		{
			"x" : -0.0069349877603817802,
			"y" : 0.0061643508544300257,
			"z" : 0.095272555904706194
		}
	},
	"candidate_18" : 
	{
		"gripper" : 5,
		"method" : 3,
		"orientation" : 
		{
			"w" : 0.0010585457063076766,
			"x" : 0.99844111587828099,
			"y" : 0.038948974827396961,
			"z" : 0.039964921676580202
		},
		"parent_frame_id" : "angular_groundtruth_frame_id",
		"position" : 
		{
			"x" : -0.0042627848208598492,
			"y" : 0.01210172554624624,
			"z" : 0.09547887147832132
		}
	},
	"candidate_19" : 
	{
		"gripper" : 5,
		"method" : 3,
		"orientation" : 
		{
			"w" : 0.013818275304330361,
			"x" : 0.99807653364072013,
			"y" : 0.032475650431189607,
			"z" : 0.050966855822281006
		},
		"parent_frame_id" : "angular_groundtruth_frame_id",
		"position" : 
		{
			"x" : -0.0058409818036373913,
			"y" : 0.012928896114275635,
			"z" : 0.09508086902815209
		}
	},
	"candidate_2" : 
	{
		"gripper" : 5,
		"method" : 3,
		"orientation" : 
		{
			"w" : 0.022365950708664924,
			"x" : 0.89356544051927367,
			"y" : 0.44521443959703422,
			"z" : 0.053147629606527996
		},
		"parent_frame_id" : "angular_groundtruth_frame_id",
		"position" : 
		{
			"x" : -0.0016629878770685158,
			"y" : 0.0032928392200604222,
			"z" : 0.095978812106155137
		}
	},
	"candidate_20" : 
	{
		"gripper" : 5,
		"method" : 3,
		"orientation" : 
		{
			"w" : 0.016489009522497825,
			"x" : 0.99810064728131631,
			"y" : 0.027906342691725265,
			"z" : 0.052387465095730328
		},
		"parent_frame_id" : "angular_groundtruth_frame_id",
		"position" : 
		{
			"x" : -0.0047007521694156819,
			"y" : 0.012574224972598969,
			"z" : 0.094993780164119829
		}
	},
	"candidate_21" : 
	{
		"gripper" : 5,
		"method" : 3,
		"orientation" : 
		{
			"w" : 0.011647006655539709,
			"x" : 0.99784144659198193,
			"y" : 0.032270899490789942,
			"z" : 0.055994497455036561
		},
		"parent_frame_id" : "angular_groundtruth_frame_id",
		"position" : 
		{
			"x" : -0.0039438133571346647,
			"y" : 0.011931347080221529,
			"z" : 0.095048547164471808
		}
	},
	"candidate_22" : 
	{
		"gripper" : 5,
		"method" : 3,
		"orientation" : 
		{
			"w" : 0.019175141674017578,
			"x" : 0.99715439912501935,
			"y" : 0.037776963086269329,
			"z" : 0.062356389467173284
		},
		"parent_frame_id" : "angular_groundtruth_frame_id",
		"position" : 
		{
			"x" : -0.0043669777624253947,
			"y" : 0.011125269946018809,
			"z" : 0.094851867060410919
		}
	},
	"candidate_23" : 
	{
		"gripper" : 5,
		"method" : 3,
		"orientation" : 
		{
			"w" : 0.010396707196932737,
			"x" : 0.99711306459209936,
			"y" : 0.041329805970265886,
			"z" : 0.062843392951633673
		},
		"parent_frame_id" : "angular_groundtruth_frame_id",
		"position" : 
		{
			"x" : -0.0023007654599714548,
			"y" : 0.010892726392303069,
			"z" : 0.094938567424506015
		}
	},
	"candidate_24" : 
	{
		"gripper" : 5,
		"method" : 3,
		"orientation" : 
		{
			"w" : 0.011040985768255688,
			"x" : 0.9971893689423863,
			"y" : 0.04607664874883622,
			"z" : 0.058037931920660854
		},
		"parent_frame_id" : "angular_groundtruth_frame_id",
		"position" : 
		{
			"x" : -0.0035372789949669353,
			"y" : 0.011169140387447563,
			"z" : 0.095171755920818862
		}
	},
	"candidate_25" : 
	{
		"gripper" : 5,
		"method" : 3,
		"orientation" : 
		{
			"w" : 0.0099801453846889744,
			"x" : 0.99773514204676872,
			"y" : 0.043938850182542954,
			"z" : 0.049943572836263328
		},
		"parent_frame_id" : "angular_groundtruth_frame_id",
		"position" : 
		{
			"x" : -0.0052970972165522021,
			"y" : 0.011658557088137411,
			"z" : 0.095326585254499566
		}
	},
	"candidate_26" : 
	{
		"gripper" : 5,
		"method" : 3,
		"orientation" : 
		{
			"w" : 0.010604667401165026,
			"x" : 0.9973048275599854,
			"y" : 0.047504378111214857,
			"z" : 0.054899508332273944
		},
		"parent_frame_id" : "angular_groundtruth_frame_id",
		"position" : 
		{
			"x" : -0.0029553330231304967,
			"y" : 0.011593132468362057,
			"z" : 0.095187564416422385
		}
	},
	"candidate_27" : 
	{
		"gripper" : 5,
		"method" : 3,
		"orientation" : 
		{
			"w" : 0.011411204497197611,
			"x" : 0.99756816765158474,
			"y" : 0.043630906536173096,
			"z" : 0.053140185312194985
		},
		"parent_frame_id" : "angular_groundtruth_frame_id",
		"position" : 
		{
			"x" : -0.0035111886455161563,
			"y" : 0.011515892992118405,
			"z" : 0.09519081835476588
		}
	},