{
	"object_pose_0" : 
	{
		"orientation" : 
		{
			"w" : -0.10091845092082959,
			"x" : -0.32202052331972369,
			"y" : 0.89938935689065524,
			"z" : -0.27787997924464619
		},
		"parent_frame_id" : "camera_link",
		"position" : 
		{
			"x" : -0.032731555143826162,
			"y" : -0.046129325873865284,
			"z" : 0.54950093189957583
		}
	}
}
