{
	"candidate_0" : 
	{
		"gripper" : 5,
		"method" : 3,
		"orientation" : 
		{
			"w" : 0.045713316453921446,
			"x" : 0.60503188994794832,
			"y" : -0.79433922736491613,
			"z" : -0.029527897217809389
		},
		"parent_frame_id" : "6dmimic_base",
		"position" : 
		{
			"x" : -0.1249791,
			"y" : 1.5357997999999999,
			"z" : 0.1949053
		}
	},
	"candidate_1" : 
	{
		"gripper" : 5,
		"method" : 3,
		"orientation" : 
		{
			"w" : 0.037403845039483741,
			"x" : 0.61021999998003873,
			"y" : -0.79089025398450152,
			"z" : -0.026927869446996315
		},
		"parent_frame_id" : "6dmimic_base",
		"position" : 
		{
			"x" : -0.1213303,
			"y" : 1.536375,
			"z" : 0.1955404
		}
	},
	"candidate_10" : 
	{
		"gripper" : 5,
		"method" : 3,
		"orientation" : 
		{
			"w" : 0.050092678658746129,
			"x" : 0.4524610867095758,
			"y" : -0.88997254784247382,
			"z" : -0.026805832297413283
		},
		"parent_frame_id" : "6dmimic_base",
		"position" : 
		{
			"x" : -0.1195527,
			"y" : 1.5340830999999999,
			"z" : 0.19449040000000001
		}
	},
	"candidate_11" : 
	{
		"gripper" : 5,
		"method" : 3,
		"orientation" : 
		{
			"w" : 0.056023883146664039,
			"x" : 0.45214530437596917,
			"y" : -0.8897354041768798,
			"z" : -0.028228687573728994
		},
		"parent_frame_id" : "6dmimic_base",
		"position" : 
		{
			"x" : -0.1207438,
			"y" : 1.5345386000000001,
			"z" : 0.19459770000000001
		}
	},
	"candidate_12" : 
	{
		"gripper" : 5,
		"method" : 3,
		"orientation" : 
		{
			"w" : 0.057912958876269502,
			"x" : 0.4456395830995778,
			"y" : -0.89271182931299353,
			"z" : -0.033422162911437861
		},
		"parent_frame_id" : "6dmimic_base",
		"position" : 
		{
			"x" : -0.11969879999999999,
			"y" : 1.5355567999999999,
			"z" : 0.1943888
		}
	},
	"candidate_13" : 
	{
		"gripper" : 5,
		"method" : 3,
		"orientation" : 
		{
			"w" : 0.055172643497569486,
			"x" : 0.44845748975253441,
			"y" : -0.89151891198076672,
			"z" : -0.032185227589312575
		},
		"parent_frame_id" : "6dmimic_base",
		"position" : 
		{
			"x" : -0.1198495,
			"y" : 1.5357498000000001,
			"z" : 0.19460959999999999
		}
	},
	"candidate_14" : 
	{
		"gripper" : 5,
		"method" : 3,
		"orientation" : 
		{
			"w" : 0.055135388858382525,
			"x" : 0.44695337970957405,
			"y" : -0.89244253652317707,
			"z" : -0.02718610427593713
		},
		"parent_frame_id" : "6dmimic_base",
		"position" : 
		{
			"x" : -0.1214118,
			"y" : 1.5340853999999999,
			"z" : 0.19452849999999999
		}
	},
	"candidate_15" : 
	{
		"gripper" : 5,
		"method" : 3,
		"orientation" : 
		{
			"w" : 0.048849738766913411,
			"x" : 0.45577379255812034,
			"y" : -0.88859249226718084,
			"z" : -0.016950980089420111
		},
		"parent_frame_id" : "6dmimic_base",
		"position" : 
		{
			"x" : -0.1191753,
			"y" : 1.5351353000000001,
			"z" : 0.19473860000000001
		}
	},
	"candidate_16" : 
	{
		"gripper" : 5,
		"method" : 3,
		"orientation" : 
		{
			"w" : 0.049311415579604563,
			"x" : 0.45351065704005233,
			"y" : -0.88978271257381358,
			"z" : -0.013534867912979684
		},
		"parent_frame_id" : "6dmimic_base",
		"position" : 
		{
			"x" : -0.1159743,
			"y" : 1.5354080999999999,
			"z" : 0.19500210000000001
		}
	},
	"candidate_17" : 
	{
		"gripper" : 5,
		"method" : 3,
		"orientation" : 
		{
			"w" : 0.05168190838878494,
			"x" : 0.46033261207191684,
			"y" : -0.88610332470894637,
			"z" : -0.015612960900828015
		},
		"parent_frame_id" : "6dmimic_base",
		"position" : 
		{
			"x" : -0.1158805,
			"y" : 1.5354295,
			"z" : 0.19488349999999999
		}
	},
	"candidate_18" : 
	{
		"gripper" : 5,
		"method" : 3,
		"orientation" : 
		{
			"w" : 0.029493387858855566,
			"x" : 0.23036913656764496,
			"y" : -0.97257880140762121,
			"z" : -0.012275016993866831
		},
		"parent_frame_id" : "6dmimic_base",
		"position" : 
		{
			"x" : -0.1161199,
			"y" : 1.5288921,
			"z" : 0.19481760000000001
		}
	},
	"candidate_19" : 
	{
		"gripper" : 5,
		"method" : 3,
		"orientation" : 
		{
			"w" : 0.042862616147749173,
			"x" : 0.22427685107387058,
			"y" : -0.97331682050566537,
			"z" : -0.02273889025660724
		},
		"parent_frame_id" : "6dmimic_base",
		"position" : 
		{
			"x" : -0.11433649999999999,
			"y" : 1.5287341999999999,
			"z" : 0.19443009999999999
		}
	},
	"candidate_2" : 
	{
		"gripper" : 5,
		"method" : 3,
		"orientation" : 
		{
			"w" : 0.039641610536799557,
			"x" : 0.60935625978977304,
			"y" : -0.79151338735490473,
			"z" : -0.024900783261413421
		},
		"parent_frame_id" : "6dmimic_base",
		"position" : 
		{
			"x" : -0.1218723,
			"y" : 1.5360836,
			"z" : 0.19555649999999999
		}
	},
	"candidate_20" : 
	{
		"gripper" : 5,
		"method" : 3,
		"orientation" : 
		{
			"w" : 0.044856353918065139,
			"x" : 0.21984987548249899,
			"y" : -0.97417782754025906,
			"z" : -0.025129665585681742
		},
		"parent_frame_id" : "6dmimic_base",
		"position" : 
		{
			"x" : -0.1155291,
			"y" : 1.5286379000000001,
			"z" : 0.1943259
		}
	},
	"candidate_21" : 
	{
		"gripper" : 5,
		"method" : 3,
		"orientation" : 
		{
			"w" : 0.04738583814543406,
			"x" : 0.22410788568789122,
			"y" : -0.97321345169474704,
			"z" : -0.019642183080150442
		},
		"parent_frame_id" : "6dmimic_base",
		"position" : 
		{
			"x" : -0.1164761,
			"y" : 1.5289482000000001,
			"z" : 0.19438369999999999
		}
	},
	"candidate_22" : 
	{
		"gripper" : 5,
		"method" : 3,
		"orientation" : 
		{
			"w" : 0.054971334024674981,
			"x" : 0.22957074708753722,
			"y" : -0.97139723169825309,
			"z" : -0.025745732970492687
		},
		"parent_frame_id" : "6dmimic_base",
		"position" : 
		{
			"x" : -0.11638569999999999,
			"y" : 1.5298655000000001,
			"z" : 0.19422500000000001
		}
	},
	"candidate_23" : 
	{
		"gripper" : 5,
		"method" : 3,
		"orientation" : 
		{
			"w" : 0.053698497511256597,
			"x" : 0.23297771130476458,
			"y" : -0.97084946177836784,
			"z" : -0.017005292260971958
		},
		"parent_frame_id" : "6dmimic_base",
		"position" : 
		{
			"x" : -0.11839429999999999,
			"y" : 1.5292994,
			"z" : 0.1942673
		}
	},
	"candidate_24" : 
	{
		"gripper" : 5,
		"method" : 3,
		"orientation" : 
		{
			"w" : 0.049014505518979352,
			"x" : 0.23756331622020566,
			"y" : -0.96995793243651018,
			"z" : -0.018516434286293751
		},
		"parent_frame_id" : "6dmimic_base",
		"position" : 
		{
			"x" : -0.11714339999999999,
			"y" : 1.5294987,
			"z" : 0.19452320000000001
		}
	},
	"candidate_25" : 
	{
		"gripper" : 5,
		"method" : 3,
		"orientation" : 
		{
			"w" : 0.040904985366101695,
			"x" : 0.23540441713907567,
			"y" : -0.97084930259646829,
			"z" : -0.019057130202679032
		},
		"parent_frame_id" : "6dmimic_base",
		"position" : 
		{
			"x" : -0.11532489999999999,
			"y" : 1.5297004000000001,
			"z" : 0.1947065
		}
	},
	"candidate_26" : 
	{
		"gripper" : 5,
		"method" : 3,
		"orientation" : 
		{
			"w" : 0.045822762629104508,
			"x" : 0.2389218434591272,
			"y" : -0.96977715273234921,
			"z" : -0.018678896687624458
		},
		"parent_frame_id" : "6dmimic_base",
		"position" : 
		{
			"x" : -0.1175239,
			"y" : 1.5288843999999999,
			"z" : 0.1945096
		}
	},
	"candidate_27" : 
	{
		"gripper" : 5,
		"method" : 3,
		"orientation" : 
		{
			"w" : 0.044323346958329825,
			"x" : 0.2351450436514928,
			"y" : -0.97074625817551652,
			"z" : -0.019848213994770693
		},
		"parent_frame_id" : "6dmimic_base",
		"position" : 
		{
			"x" : -0.11703669999999999,
			"y" : 1.5291656,
			"z" : 0.1945297
		}
	},
	"candidate_3" : 
	{
		"gripper" : 5,
		"method" : 3,
		"orientation" : 
		{
			"w" : 0.044270540440599984,
			"x" : 0.61532079862330591,
			"y" : -0.78662587581061483,
			"z" : -0.025301492759469343
		},
		"parent_frame_id" : "6dmimic_base",
		"position" : 
		{
			"x" : -0.1214939,
			"y" : 1.5368226,
			"z" : 0.1953357
		}
	},
	"candidate_4" : 
	{
		"gripper" : 5,
		"method" : 3,
		"orientation" : 
		{
			"w" : 0.043493220696523748,
			"x" : 0.6068020735206614,
			"y" : -0.79324695046464466,
			"z" : -0.025668246979698092
		},
		"parent_frame_id" : "6dmimic_base",
		"position" : 
		{
			"x" : -0.1228868,
			"y" : 1.5366531999999999,
			"z" : 0.1953733
		}
	},
	"candidate_5" : 
	{
		"gripper" : 5,