{
	"candidate_0" : 
	{
		"gripper" : 5,
		"method" : 3,
		"orientation" : 
		{
			"w" : 0.35898992008092945,
			"x" : 0.59470567531108431,
			"y" : -0.68080629650850788,
			"z" : 0.23228039880163048
		},
		"parent_frame_id" : "6dmimic_base",
		"position" : 
		{
			"x" : -0.035232199999999998,
			"y" : 1.6020859000000001,
			"z" : 0.027017099999999999
		}
	},
	"candidate_1" : 
	{
		"gripper" : 5,
		"method" : 3,
		"orientation" : 
		{
			"w" : 0.33545731138182,
			"x" : 0.60828823651273956,
			"y" : -0.68948123501943825,
			"z" : 0.20510836188895892
		},
		"parent_frame_id" : "6dmimic_base",
		"position" : 
		{
			"x" : -0.0130895,
			"y" : 1.6047667999999999,
			"z" : 0.030042800000000001
		}
	},
	"candidate_2" : 
	{
		"gripper" : 5,
		"method" : 3,
		"orientation" : 
		{
			"w" : 0.31614292640210923,
			"x" : 0.60531083775356065,
			"y" : -0.70215395909972944,
			"z" : 0.20157444655652321
		},
		"parent_frame_id" : "6dmimic_base",
		"position" : 
		{
			"x" : 0.0034164,
			"y" : 1.6053995000000001,
			"z" : 0.0302037
		}
	},
	"candidate_3" : 
	{
		"gripper" : 5,
		"method" : 3,
		"orientation" : 
		{
			"w" : 0.26978365231293733,
			"x" : 0.62307341591774845,
			"y" : -0.71664682899235277,
			"z" : 0.15941650421611325
		},
		"parent_frame_id" : "6dmimic_base",
		"position" : 
		{
			"x" : 0.0245194,
			"y" : 1.6081688000000001,
			"z" : 0.036563499999999999
		}
	},
	"candidate_4" : 
	{
		"gripper" : 5,
		"method" : 3,
		"orientation" : 
		{
			"w" : 0.27531883217601832,
			"x" : 0.6111585590791796,
			"y" : -0.72246464257942311,
			"z" : 0.16949807236685804
		},
		"parent_frame_id" : "6dmimic_base",
		"position" : 
		{
			"x" : 0.046326699999999998,
			"y" : 1.6052016,
			"z" : 0.0350122
		}
	},
	"candidate_5" : 
	{
		"gripper" : 5,
		"method" : 3,
		"orientation" : 
		{
			"w" : 0.29724664816586116,
			"x" : 0.61249634449433998,
			"y" : -0.70732755007074499,
			"z" : 0.19021144825206854
		},
		"parent_frame_id" : "6dmimic_base",
		"position" : 
		{
			"x" : 0.066995100000000002,
			"y" : 1.6017055,
			"z" : 0.031219
		}
	}
}
