{
	"candidate_0" : 
	{
		"gripper" : 5,
		"method" : 3,
		"orientation" : 
		{
			"w" : -0.44316363349526111,
			"x" : 0.53347404831903233,
			"y" : 0.53419270869644708,
			"z" : -0.4833731309174451
		},
		"parent_frame_id" : "gt01_frame_id",
		"position" : 
		{
			"x" : 0.026081862975680506,
			"y" : -0.024122327441706171,
			"z" : -0.0043380055632405989
		}
	},
	"candidate_1" : 
	{
		"gripper" : 5,
		"method" : 3,
		"orientation" : 
		{
			"w" : -0.46694009924308127,
			"x" : 0.54010079096028352,
			"y" : 0.53025383875406518,
			"z" : -0.45726244740795768
		},
		"parent_frame_id" : "gt01_frame_id",
		"position" : 
		{
			"x" : 0.022502991359483512,
			"y" : -0.0036658751770293208,
			"z" : -0.0054420810125530572
		}
	},
	"candidate_2" : 
	{
		"gripper" : 5,
		"method" : 3,
		"orientation" : 
		{
			"w" : -0.45243446453808445,
			"x" : 0.54461303018332552,
			"y" : 0.51669012623671118,
			"z" : -0.48138447845995713
		},
		"parent_frame_id" : "gt01_frame_id",
		"position" : 
		{
			"x" : 0.023033716498411003,
			"y" : 0.015054289326708492,
			"z" : -0.00082752246487949321
		}
	},
	"candidate_3" : 
	{
		"gripper" : 5,
		"method" : 3,
		"orientation" : 
		{
			"w" : -0.4724543593924776,
			"x" : 0.54331212522645889,
			"y" : 0.50394195720775969,
			"z" : -0.47711771779987866
		},
		"parent_frame_id" : "gt01_frame_id",
		"position" : 
		{
			"x" : 0.020605661329353236,
			"y" : 0.035885695690380803,
			"z" : 0.00013223949913318545
		}
	},
	"candidate_4" : 
	{
		"gripper" : 5,
		"method" : 3,
		"orientation" : 
		{
			"w" : -0.46124434224064564,
			"x" : 0.5498580886919967,
			"y" : 0.50493074168424401,
			"z" : -0.47953590601036128
		},
		"parent_frame_id" : "gt01_frame_id",
		"position" : 
		{
			"x" : 0.020208774327317894,
			"y" : 0.055518147244742133,
			"z" : -0.0033410280982833773
		}
	},
	"candidate_5" : 
	{
		"gripper" : 5,
		"method" : 3,
		"orientation" : 
		{
			"w" : -0.46227753663910637,
			"x" : 0.54658891602190385,
			"y" : 0.50373967665189123,
			"z" : -0.48351460595056278
		},
		"parent_frame_id" : "gt01_frame_id",
		"position" : 
		{
			"x" : 0.020016011577351375,
			"y" : 0.075839807105509083,
			"z" : -0.0019224377960774253
		}
	}
}
