{
	"object_pose_0" : 
	{
		"orientation" : 
		{
			"w" : 0.47201852422209217,
			"x" : -0.54849483792980502,
			"y" : 0.66555023803660074,
			"z" : 0.18274307406979681
		},
		"parent_frame_id" : "camera_link",
		"position" : 
		{
			"x" : 0.0091030750734994587,
			"y" : 0.0094996295389579433,
			"z" : 0.5674499742688216
		}
	}
}
