{
	"candidate_0" : 
	{
		"gripper" : 5,
		"method" : 3,
		"orientation" : 
		{
			"w" : 0.040678723938812666,
			"x" : 0.67101656064969351,
			"y" : -0.73676257016992397,
			"z" : -0.072546067771962819
		},
		"parent_frame_id" : "6dmimic_base",
		"position" : 
		{
			"x" : -0.075561699999999996,
			"y" : 1.5833969999999999,
			"z" : 0.089319999999999997
		}
	},
	"candidate_1" : 
	{
		"gripper" : 5,
		"method" : 3,
		"orientation" : 
		{
			"w" : 0.064195846756460492,
			"x" : 0.68561233007709699,
			"y" : -0.72313894332949324,
			"z" : -0.053709354360099194
		},
		"parent_frame_id" : "6dmimic_base",
		"position" : 
		{
			"x" : -0.077826199999999998,
			"y" : 1.5630332,
			"z" : 0.085758899999999999
		}
	},
	"candidate_2" : 
	{
		"gripper" : 5,
		"method" : 3,
		"orientation" : 
		{
			"w" : 0.050529752302324205,
			"x" : 0.66522051880462918,
			"y" : -0.74298891834790604,
			"z" : -0.053813313462138058
		},
		"parent_frame_id" : "6dmimic_base",
		"position" : 
		{
			"x" : -0.074205999999999994,
			"y" : 1.5440931,
			"z" : 0.086191500000000004
		}
	},
	"candidate_3" : 
	{
		"gripper" : 5,
		"method" : 3,
		"orientation" : 
		{
			"w" : 0.05320181228665382,
			"x" : 0.67069992096399689,
			"y" : -0.73917866745662231,
			"z" : -0.030758425924559345
		},
		"parent_frame_id" : "6dmimic_base",
		"position" : 
		{
			"x" : -0.074406799999999995,
			"y" : 1.5232433999999999,
			"z" : 0.0837392
		}
	},
	"candidate_4" : 
	{
		"gripper" : 5,
		"method" : 3,
		"orientation" : 
		{
			"w" : 0.055956364752200116,
			"x" : 0.66322052930494768,
			"y" : -0.74528919822597284,
			"z" : -0.039388142376488834
		},
		"parent_frame_id" : "6dmimic_base",
		"position" : 
		{
			"x" : -0.078928600000000002,
			"y" : 1.5038244000000001,
			"z" : 0.083407499999999996
		}
	},
	"candidate_5" : 
	{
		"gripper" : 5,
		"method" : 3,
		"orientation" : 
		{
			"w" : 0.050880450800463037,
			"x" : 0.66310940750784564,
			"y" : -0.74584008044791628,
			"z" : -0.037678479247195938
		},
		"parent_frame_id" : "6dmimic_base",
		"position" : 
		{
			"x" : -0.078599100000000005,
			"y" : 1.4834563000000001,
			"z" : 0.083180900000000002
		}
	}
}
