{
	"candidate_0" : 
	{
		"gripper" : 5,
		"method" : 3,
		"orientation" : 
		{
			"w" : 0.0043636144461150529,
			"x" : 0.65406979403631726,
			"y" : 0.75340851924184638,
			"z" : 0.067448250770969387
		},
		"parent_frame_id" : "angular_groundtruth_frame_id",
		"position" : 
		{
			"x" : -0.0014504181446257846,
			"y" : -0.0042474275506711248,
			"z" : 0.093759812094078285
		}
	},
	"candidate_1" : 
	{
		"gripper" : 5,
		"method" : 3,
		"orientation" : 
		{
			"w" : 0.0013120965912848531,
			"x" : 0.6599618348704992,
			"y" : 0.74750344100212052,
			"z" : 0.075413928467415195
		},
		"parent_frame_id" : "angular_groundtruth_frame_id",
		"position" : 
		{
			"x" : -0.0025296210954956588,
			"y" : -0.001414213319530574,
			"z" : 0.094294213223430234
		}
	},
	"candidate_10" : 
	{
		"gripper" : 5,
		"method" : 3,
		"orientation" : 
		{
			"w" : 0.023275767439108253,
			"x" : 0.029011168555575968,
			"y" : -0.99689679881681048,
			"z" : -0.069378406280026783
		},
		"parent_frame_id" : "angular_groundtruth_frame_id",
		"position" : 
		{
			"x" : 0.013882634185535928,
			"y" : 0.00025613969544733238,
			"z" : 0.095545743271943429
		}
	},
	"candidate_11" : 
	{
		"gripper" : 5,
		"method" : 3,
		"orientation" : 
		{
			"w" : 0.0089527794600392334,
			"x" : 0.022476757137505455,
			"y" : -0.99730404326832212,
			"z" : -0.069276896648004196
		},
		"parent_frame_id" : "angular_groundtruth_frame_id",
		"position" : 
		{
			"x" : 0.018477512508413649,
			"y" : 0.00027291727034702701,
			"z" : 0.095788612642260462
		}
	},
	"candidate_12" : 
	{
		"gripper" : 5,
		"method" : 3,
		"orientation" : 
		{
			"w" : 0.01520393744850094,
			"x" : 0.022182664247573005,
			"y" : -0.99771089668222646,
			"z" : -0.062046243516341609
		},
		"parent_frame_id" : "angular_groundtruth_frame_id",
		"position" : 
		{
			"x" : 0.015523475254393741,
			"y" : 0.00056674704673828971,
			"z" : 0.095756643291313392
		}
	},
	"candidate_13" : 
	{
		"gripper" : 5,
		"method" : 3,
		"orientation" : 
		{
			"w" : 0.035871523279309508,
			"x" : 0.25852899150224889,
			"y" : -0.96389855766239119,
			"z" : -0.052683630349605437
		},
		"parent_frame_id" : "angular_groundtruth_frame_id",
		"position" : 
		{
			"x" : 0.012107490619221072,
			"y" : 0.0087115170551777376,
			"z" : 0.096199076243256437
		}
	},
	"candidate_14" : 
	{
		"gripper" : 5,
		"method" : 3,
		"orientation" : 
		{
			"w" : 0.029620215156936188,
			"x" : 0.25016006243288885,
			"y" : -0.96708045224645633,
			"z" : -0.036027557513925577
		},
		"parent_frame_id" : "angular_groundtruth_frame_id",
		"position" : 
		{
			"x" : 0.013524350104572459,
			"y" : 0.010260963344261884,
			"z" : 0.096269338696362824
		}
	},
	"candidate_15" : 
	{
		"gripper" : 5,
		"method" : 3,
		"orientation" : 
		{
			"w" : 0.034344788658393785,
			"x" : 0.24036746076071158,
			"y" : -0.96930829370358718,
			"z" : -0.038540252423909044
		},
		"parent_frame_id" : "angular_groundtruth_frame_id",
		"position" : 
		{
			"x" : 0.012223161497948231,
			"y" : 0.010503736992331177,
			"z" : 0.096364270993717263
		}
	},
	"candidate_2" : 
	{
		"gripper" : 5,
		"method" : 3,
		"orientation" : 
		{
			"w" : 0.0045041492247883119,
			"x" : 0.65730276054775494,
			"y" : 0.74966773807343767,
			"z" : 0.077013480040297053
		},
		"parent_frame_id" : "angular_groundtruth_frame_id",
		"position" : 
		{
			"x" : -0.0017138982845655874,
			"y" : -0.0019623319177751652,
			"z" : 0.094342467541755792
		}
	},
	"candidate_3" : 
	{
		"gripper" : 5,
		"method" : 3,
		"orientation" : 
		{
			"w" : -0.0023638630221106544,
			"x" : 0.4616559101694892,
			"y" : 0.883389206801794,
			"z" : 0.080571347657157816
		},
		"parent_frame_id" : "angular_groundtruth_frame_id",
		"position" : 
		{
			"x" : 0.0086882238561411928,
			"y" : -0.0078220413092476605,
			"z" : 0.094998194579970399
		}
	},
	"candidate_4" : 
	{
		"gripper" : 5,
		"method" : 3,
		"orientation" : 
		{
			"w" : -0.0054152905212632649,
			"x" : 0.45942004491916311,
			"y" : 0.88454633186570331,
			"z" : 0.080508904712295909
		},
		"parent_frame_id" : "angular_groundtruth_frame_id",
		"position" : 
		{
			"x" : 0.0071170561972572757,
			"y" : -0.0072441192038391489,
			"z" : 0.095117043227360976
		}
	},
	"candidate_5" : 
	{
		"gripper" : 5,
		"method" : 3,
		"orientation" : 
		{
			"w" : -0.003366335685272271,
			"x" : 0.46208209424529395,
			"y" : 0.88353852591497373,
			"z" : 0.076344477114802495
		},
		"parent_frame_id" : "angular_groundtruth_frame_id",
		"position" : 
		{
			"x" : 0.0048713506618406916,
			"y" : -0.0066235923031994128,
			"z" : 0.095322245365370123
		}
	},
	"candidate_6" : 
	{
		"gripper" : 5,
		"method" : 3,
		"orientation" : 
		{
			"w" : -0.0040989408832481609,
			"x" : 0.46227282964415511,
			"y" : 0.88381461674053985,
			"z" : 0.071824458871572155
		},
		"parent_frame_id" : "angular_groundtruth_frame_id",
		"position" : 
		{
			"x" : 0.0054826385029117502,
			"y" : -0.0067000842578824049,
			"z" : 0.095499537142354388
		}
	},
	"candidate_7" : 
	{
		"gripper" : 5,
		"method" : 3,
		"orientation" : 
		{
			"w" : -0.020692896120803116,
			"x" : 0.21284304604211693,
			"y" : 0.97394276536712598,
			"z" : 0.075532321496708799
		},
		"parent_frame_id" : "angular_groundtruth_frame_id",
		"position" : 
		{
			"x" : 0.011618471676936443,
			"y" : -0.0046342539981121629,
			"z" : 0.095260700736014753
		}
	},
	"candidate_8" : 
	{
		"gripper" : 5,
		"method" : 3,
		"orientation" : 
		{
			"w" : -0.017938717263767057,
			"x" : 0.21697566226632137,
			"y" : 0.97383976688348062,
			"z" : 0.065083583516507587
		},
		"parent_frame_id" : "angular_groundtruth_frame_id",
		"position" : 
		{
			"x" : 0.0086224123741983176,
			"y" : -0.0045546259328500503,
			"z" : 0.09527703230408327
		}
	},
	"candidate_9" : 
	{
		"gripper" : 5,
		"method" : 3,
		"orientation" : 
		{
			"w" : -0.010498660725675294,
			"x" : 0.2094570668552323,
			"y" : 0.97591701465148439,
			"z" : 0.060029124440596437
		},
		"parent_frame_id" : "angular_groundtruth_frame_id",
		"position" : 
		{
			"x" : 0.013217308845309587,
			"y" : -0.0054934267632932195,
			"z" : 0.095283981002795462
		}
	}
}
