{
	"object_pose_0" : 
	{
		"orientation" : 
		{
			"w" : -0.10293850463089005,
			"x" : -0.32137426446686923,
			"y" : 0.89964900749392884,
			"z" : -0.27704615543219713
		},
		"parent_frame_id" : "camera_link",
		"position" : 
		{
			"x" : -0.032660861845098317,
			"y" : -0.045761289632971519,
			"z" : 0.54931022113007733
		}
	}
}
