{
	"candidate_0" : 
	{
		"gripper" : 5,
		"method" : 3,
		"orientation" : 
		{
			"w" : 0.044194872927953238,
			"x" : 0.86606171042031987,
			"y" : -0.4979720252566015,
			"z" : 0.0027908802465618013
		},
		"parent_frame_id" : "6dmimic_base",
		"position" : 
		{
			"x" : -0.1246727,
			"y" : 1.5426230000000001,
			"z" : 0.19355510000000001
		}
	},
	"candidate_1" : 
	{
		"gripper" : 5,
		"method" : 3,
		"orientation" : 
		{
			"w" : 0.05148814427303184,
			"x" : 0.86153311492404894,
			"y" : -0.50503356122157639,
			"z" : 0.0071249511182324872
		},
		"parent_frame_id" : "6dmimic_base",
		"position" : 
		{
			"x" : -0.12260509999999999,
			"y" : 1.5403708,
			"z" : 0.19401579999999999
		}
	},
	"candidate_10" : 
	{
		"gripper" : 5,
		"method" : 3,
		"orientation" : 
		{
			"w" : 0.042863934020522076,
			"x" : 0.97378943733438372,
			"y" : 0.21831539645832451,
			"z" : 0.047277928946953041
		},
		"parent_frame_id" : "6dmimic_base",
		"position" : 
		{
			"x" : -0.1372369,
			"y" : 1.5325765,
			"z" : 0.19473370000000001
		}
	},
	"candidate_11" : 
	{
		"gripper" : 5,
		"method" : 3,
		"orientation" : 
		{
			"w" : 0.045432029672345706,
			"x" : 0.97559060323722546,
			"y" : 0.21228562556120714,
			"z" : 0.03307141870504246
		},
		"parent_frame_id" : "6dmimic_base",
		"position" : 
		{
			"x" : -0.1415025,
			"y" : 1.5308185000000001,
			"z" : 0.19484380000000001
		}
	},
	"candidate_12" : 
	{
		"gripper" : 5,
		"method" : 3,
		"orientation" : 
		{
			"w" : 0.037127587135921361,
			"x" : 0.9758274235964064,
			"y" : 0.21201945591946517,
			"z" : 0.03781708532235116
		},
		"parent_frame_id" : "6dmimic_base",
		"position" : 
		{
			"x" : -0.13864650000000001,
			"y" : 1.5316597999999999,
			"z" : 0.19488610000000001
		}
	},
	"candidate_13" : 
	{
		"gripper" : 5,
		"method" : 3,
		"orientation" : 
		{
			"w" : 0.027190434497668923,
			"x" : 0.896935177029901,
			"y" : 0.43709821339038996,
			"z" : 0.060935378304374892
		},
		"parent_frame_id" : "6dmimic_base",
		"position" : 
		{
			"x" : -0.1323975,
			"y" : 1.5253534,
			"z" : 0.19512260000000001
		}
	},
	"candidate_14" : 
	{
		"gripper" : 5,
		"method" : 3,
		"orientation" : 
		{
			"w" : 0.011890428079595325,
			"x" : 0.90137551045857378,
			"y" : 0.42980465937199941,
			"z" : 0.051466121359095757
		},
		"parent_frame_id" : "6dmimic_base",
		"position" : 
		{
			"x" : -0.13312860000000001,
			"y" : 1.5233756000000001,
			"z" : 0.19509389999999999
		}
	},
	"candidate_15" : 
	{
		"gripper" : 5,
		"method" : 3,
		"orientation" : 
		{
			"w" : 0.013299852064830312,
			"x" : 0.90544151423045716,
			"y" : 0.42049709265768426,
			"z" : 0.056400117992302358
		},
		"parent_frame_id" : "6dmimic_base",
		"position" : 
		{
			"x" : -0.1318291,
			"y" : 1.5236358000000001,
			"z" : 0.19521759999999999
		}
	},
	"candidate_2" : 
	{
		"gripper" : 5,
		"method" : 3,
		"orientation" : 
		{
			"w" : 0.053651761895243413,
			"x" : 0.86321451994057474,
			"y" : -0.50195917047627958,
			"z" : 0.0043786052647258773
		},
		"parent_frame_id" : "6dmimic_base",
		"position" : 
		{
			"x" : -0.1235709,
			"y" : 1.5405709000000001,
			"z" : 0.19406119999999999
		}
	},
	"candidate_3" : 
	{
		"gripper" : 5,
		"method" : 3,
		"orientation" : 
		{
			"w" : 0.055068785063682499,
			"x" : 0.95692176982071775,
			"y" : -0.28454763245621439,
			"z" : 0.017343593006016983
		},
		"parent_frame_id" : "6dmimic_base",
		"position" : 
		{
			"x" : -0.13545989999999999,
			"y" : 1.5420701000000001,
			"z" : 0.19463820000000001
		}
	},
	"candidate_4" : 
	{
		"gripper" : 5,
		"method" : 3,
		"orientation" : 
		{
			"w" : 0.054421766949600686,
			"x" : 0.9575950156582681,
			"y" : -0.28219586510351807,
			"z" : 0.020385067745824895
		},
		"parent_frame_id" : "6dmimic_base",
		"position" : 
		{
			"x" : -0.13378309999999999,
			"y" : 1.5421193,
			"z" : 0.19478110000000001
		}
	},
	"candidate_5" : 
	{
		"gripper" : 5,
		"method" : 3,
		"orientation" : 
		{
			"w" : 0.050721718153395851,
			"x" : 0.95705012097879072,
			"y" : -0.28491364850242884,
			"z" : 0.017509601339951122
		},
		"parent_frame_id" : "6dmimic_base",
		"position" : 
		{
			"x" : -0.13146459999999999,
			"y" : 1.5423791,
			"z" : 0.19502849999999999
		}
	},
	"candidate_6" : 
	{
		"gripper" : 5,
		"method" : 3,
		"orientation" : 
		{
			"w" : 0.046138504398998893,
			"x" : 0.95725436220736582,
			"y" : -0.28501565163664055,
			"z" : 0.017360955300151259
		},
		"parent_frame_id" : "6dmimic_base",
		"position" : 
		{
			"x" : -0.13206370000000001,
			"y" : 1.5422118,
			"z" : 0.19519149999999999
		}
	},
	"candidate_7" : 
	{
		"gripper" : 5,
		"method" : 3,
		"orientation" : 
		{
			"w" : 0.047327161629507578,
			"x" : 0.99778083631238024,
			"y" : -0.023396065549466841,
			"z" : 0.040572978405171357
		},
		"parent_frame_id" : "6dmimic_base",
		"position" : 
		{
			"x" : -0.13697970000000001,
			"y" : 1.5379898999999999,
			"z" : 0.19469700000000001
		}
	},
	"candidate_8" : 
	{
		"gripper" : 5,
		"method" : 3,
		"orientation" : 
		{
			"w" : 0.037561539637502472,
			"x" : 0.9982802948438777,
			"y" : -0.027302119905731021,
			"z" : 0.035779573993186056
		},
		"parent_frame_id" : "6dmimic_base",
		"position" : 
		{
			"x" : -0.13416629999999999,
			"y" : 1.5390440000000001,
			"z" : 0.194797
		}
	},
	"candidate_9" : 
	{
		"gripper" : 5,
		"method" : 3,
		"orientation" : 
		{
			"w" : 0.034063836215361513,
			"x" : 0.99884919559850449,
			"y" : -0.019316290690596684,
			"z" : 0.027691522682407446
		},
		"parent_frame_id" : "6dmimic_base",
		"position" : 
		{
			"x" : -0.13879040000000001,
			"y" : 1.5381853000000001,
			"z" : 0.1947064
		}
	}
}
