{
	"candidate_0" : 
	{
		"gripper" : 5,
		"method" : 3,
		"orientation" : 
		{
			"w" : 0.015678070978736382,
			"x" : 0.69884847216417667,
			"y" : 0.71241532212302316,
			"z" : 0.061882306425429141
		},
		"parent_frame_id" : "angular_groundtruth_frame_id",
		"position" : 
		{
			"x" : 0.00073749438926891744,
			"y" : -0.0044237723429936902,
			"z" : 0.094233254588980062
		}
	},
	"candidate_1" : 
	{
		"gripper" : 5,
		"method" : 3,
		"orientation" : 
		{
			"w" : 0.012737939979639394,
			"x" : 0.69787925678209306,
			"y" : 0.7130576393121697,
			"z" : 0.065962799037822387
		},
		"parent_frame_id" : "angular_groundtruth_frame_id",
		"position" : 
		{
			"x" : -0.00053196293813122198,
			"y" : -0.0027476644806105279,
			"z" : 0.094525520677559011
		}
	},
	"candidate_10" : 
	{
		"gripper" : 5,
		"method" : 3,
		"orientation" : 
		{
			"w" : 0.034473164856766068,
			"x" : 0.020791058623372861,
			"y" : -0.99793214162996891,
			"z" : -0.050107619060394064
		},
		"parent_frame_id" : "angular_groundtruth_frame_id",
		"position" : 
		{
			"x" : 0.010851661593461992,
			"y" : 0.00017963294477937701,
			"z" : 0.095376581319059281
		}
	},
	"candidate_11" : 
	{
		"gripper" : 5,
		"method" : 3,
		"orientation" : 
		{
			"w" : 0.029437753153495408,
			"x" : 0.020102727610276351,
			"y" : -0.99804885377543451,
			"z" : -0.051261920656976455
		},
		"parent_frame_id" : "angular_groundtruth_frame_id",
		"position" : 
		{
			"x" : 0.0088686915325642962,
			"y" : 0.0010841448354605098,
			"z" : 0.095632178298413112
		}
	},
	"candidate_12" : 
	{
		"gripper" : 5,
		"method" : 3,
		"orientation" : 
		{
			"w" : 0.028749469623297351,
			"x" : 0.26700389585352546,
			"y" : -0.96170231147697394,
			"z" : -0.054873050719493062
		},
		"parent_frame_id" : "angular_groundtruth_frame_id",
		"position" : 
		{
			"x" : 0.01025694514821298,
			"y" : 0.011152166053843077,
			"z" : 0.096494931914320736
		}
	},
	"candidate_13" : 
	{
		"gripper" : 5,
		"method" : 3,
		"orientation" : 
		{
			"w" : 0.019441636702089388,
			"x" : 0.26136723551667224,
			"y" : -0.96402985681514253,
			"z" : -0.044222461823064441
		},
		"parent_frame_id" : "angular_groundtruth_frame_id",
		"position" : 
		{
			"x" : 0.015932148627616001,
			"y" : 0.0096197239797155294,
			"z" : 0.096300341690991748
		}
	},
	"candidate_14" : 
	{
		"gripper" : 5,
		"method" : 3,
		"orientation" : 
		{
			"w" : 0.012592020876348906,
			"x" : 0.26515523529279328,
			"y" : -0.96324236944844521,
			"z" : -0.041210191778468901
		},
		"parent_frame_id" : "angular_groundtruth_frame_id",
		"position" : 
		{
			"x" : 0.014863841178746791,
			"y" : 0.0097895575986642405,
			"z" : 0.096289970624620858
		}
	},
	"candidate_15" : 
	{
		"gripper" : 5,
		"method" : 3,
		"orientation" : 
		{
			"w" : 0.014456295742686731,
			"x" : 0.25672911749180161,
			"y" : -0.96565232679434498,
			"z" : -0.037373245804295276
		},
		"parent_frame_id" : "angular_groundtruth_frame_id",
		"position" : 
		{
			"x" : 0.014766716995080005,
			"y" : 0.0091318898334690462,
			"z" : 0.096254956217651413
		}
	},
	"candidate_2" : 
	{
		"gripper" : 5,
		"method" : 3,
		"orientation" : 
		{
			"w" : 0.012954366274174522,
			"x" : 0.69622324157744131,
			"y" : 0.71494778307601425,
			"z" : 0.06288918632425694
		},
		"parent_frame_id" : "angular_groundtruth_frame_id",
		"position" : 
		{
			"x" : 0.00063833833650491639,
			"y" : -0.0035014951863907491,
			"z" : 0.094439608278506323
		}
	},
	"candidate_3" : 
	{
		"gripper" : 5,
		"method" : 3,
		"orientation" : 
		{
			"w" : -0.0021300639804217383,
			"x" : 0.48318377333838364,
			"y" : 0.87274604825746172,
			"z" : 0.069593385180668016
		},
		"parent_frame_id" : "angular_groundtruth_frame_id",
		"position" : 
		{
			"x" : 0.0078463500565357676,
			"y" : -0.0075464629725331273,
			"z" : 0.094653825987697837
		}
	},
	"candidate_4" : 
	{
		"gripper" : 5,
		"method" : 3,
		"orientation" : 
		{
			"w" : -0.0029699394873076226,
			"x" : 0.49319796786244702,
			"y" : 0.86787625570689986,
			"z" : 0.059478977260593813
		},
		"parent_frame_id" : "angular_groundtruth_frame_id",
		"position" : 
		{
			"x" : 0.0059088214396434656,
			"y" : -0.0078742636482577247,
			"z" : 0.095033204585715708
		}
	},
	"candidate_5" : 
	{
		"gripper" : 5,
		"method" : 3,
		"orientation" : 
		{
			"w" : 0.0098290310541398439,
			"x" : 0.48340668776680734,
			"y" : 0.87276271647091419,
			"z" : 0.067131252849709708
		},
		"parent_frame_id" : "angular_groundtruth_frame_id",
		"position" : 
		{
			"x" : 0.0061144095315597497,
			"y" : -0.0073347313866482765,
			"z" : 0.094979842470180181
		}
	},
	"candidate_6" : 
	{
		"gripper" : 5,
		"method" : 3,
		"orientation" : 
		{
			"w" : -0.0095781723179798814,
			"x" : 0.24202061078926351,
			"y" : 0.96768348574759722,
			"z" : 0.070163765432157993
		},
		"parent_frame_id" : "angular_groundtruth_frame_id",
		"position" : 
		{
			"x" : 0.012404580418963017,
			"y" : -0.0055271729811919631,
			"z" : 0.094488193368172907
		}
	},
	"candidate_7" : 
	{
		"gripper" : 5,
		"method" : 3,
		"orientation" : 
		{
			"w" : -0.0091584095059006488,
			"x" : 0.25289496184537563,
			"y" : 0.96548043006364626,
			"z" : 0.061707381832849628
		},
		"parent_frame_id" : "angular_groundtruth_frame_id",
		"position" : 
		{
			"x" : 0.01130896297549858,
			"y" : -0.0051592647192815373,
			"z" : 0.094669943922183336
		}
	},
	"candidate_8" : 
	{
		"gripper" : 5,
		"method" : 3,
		"orientation" : 
		{
			"w" : -0.0063905609132454567,
			"x" : 0.25117262335532659,
			"y" : 0.96611685653018686,
			"z" : 0.05907362809450302
		},
		"parent_frame_id" : "angular_groundtruth_frame_id",
		"position" : 
		{
			"x" : 0.012753422272796385,
			"y" : -0.0053287537300462217,
			"z" : 0.094701822309803368
		}
	},
	"candidate_9" : 
	{
		"gripper" : 5,
		"method" : 3,
		"orientation" : 
		{
			"w" : 0.047438763745064776,
			"x" : 0.024618796705594546,
			"y" : -0.9967464354182809,
			"z" : -0.060332595038332562
		},
		"parent_frame_id" : "angular_groundtruth_frame_id",
		"position" : 
		{
			"x" : 0.010052923443309974,
			"y" : 0.00037245010847184118,
			"z" : 0.095570969565545547
		}
	}
}
