{
	"object_pose_0" : 
	{
		"orientation" : 
		{
			"w" : -0.10188217573002799,
			"x" : -0.32171282749050412,
			"y" : 0.89944868695132019,
			"z" : -0.27769285715081704
		},
		"parent_frame_id" : "camera_link",
		"position" : 
		{
			"x" : -0.032728176516403078,
			"y" : -0.045878101639356711,
			"z" : 0.5493835895843141
		}
	}
}
