{
	"candidate_0" : 
	{
		"gripper" : 5,
		"method" : 3,
		"orientation" : 
		{
			"w" : 0.042539339018588765,
			"x" : 0.83436415200932679,
			"y" : -0.54947156054911395,
			"z" : -0.010386078438943567
		},
		"parent_frame_id" : "6dmimic_base",
		"position" : 
		{
			"x" : -0.1268668,
			"y" : 1.5421611,
			"z" : 0.1939678
		}
	},
	"candidate_1" : 
	{
		"gripper" : 5,
		"method" : 3,
		"orientation" : 
		{
			"w" : 0.045976406841894295,
			"x" : 0.83486084773465674,
			"y" : -0.54849679505974069,
			"z" : -0.0066933357059085485
		},
		"parent_frame_id" : "6dmimic_base",
		"position" : 
		{
			"x" : -0.1250569,
			"y" : 1.5410682,
			"z" : 0.19423599999999999
		}
	},
	"candidate_10" : 
	{
		"gripper" : 5,
		"method" : 3,
		"orientation" : 
		{
			"w" : 0.022836571528417782,
			"x" : 0.97584994342732345,
			"y" : 0.21048300974727149,
			"z" : 0.05377993604911796
		},
		"parent_frame_id" : "6dmimic_base",
		"position" : 
		{
			"x" : -0.13453609999999999,
			"y" : 1.5340194,
			"z" : 0.19467509999999999
		}
	},
	"candidate_11" : 
	{
		"gripper" : 5,
		"method" : 3,
		"orientation" : 
		{
			"w" : 0.024925006973105353,
			"x" : 0.97616957150042172,
			"y" : 0.20991909317102747,
			"z" : 0.04904779328703196
		},
		"parent_frame_id" : "6dmimic_base",
		"position" : 
		{
			"x" : -0.13235469999999999,
			"y" : 1.5339145000000001,
			"z" : 0.1949534
		}
	},
	"candidate_12" : 
	{
		"gripper" : 5,
		"method" : 3,
		"orientation" : 
		{
			"w" : 0.031784231351357231,
			"x" : 0.89326244424354595,
			"y" : 0.4451914491348743,
			"z" : 0.053633403384831996
		},
		"parent_frame_id" : "6dmimic_base",
		"position" : 
		{
			"x" : -0.12984670000000001,
			"y" : 1.5239914999999999,
			"z" : 0.19542309999999999
		}
	},
	"candidate_13" : 
	{
		"gripper" : 5,
		"method" : 3,
		"orientation" : 
		{
			"w" : 0.023015200841665185,
			"x" : 0.89650656966755515,
			"y" : 0.44039876893601787,
			"z" : 0.042369746196678715
		},
		"parent_frame_id" : "6dmimic_base",
		"position" : 
		{
			"x" : -0.1356967,
			"y" : 1.5232863000000001,
			"z" : 0.19512760000000001
		}
	},
	"candidate_14" : 
	{
		"gripper" : 5,
		"method" : 3,
		"orientation" : 
		{
			"w" : 0.021425807235559369,
			"x" : 0.89501587088029,
			"y" : 0.44413146086943062,
			"z" : 0.035139310219267958
		},
		"parent_frame_id" : "6dmimic_base",
		"position" : 
		{
			"x" : -0.1346398,
			"y" : 1.5235314,
			"z" : 0.19514029999999999
		}
	},
	"candidate_15" : 
	{
		"gripper" : 5,
		"method" : 3,
		"orientation" : 
		{
			"w" : 0.017171695914473293,
			"x" : 0.89890037614749052,
			"y" : 0.4363265280291535,
			"z" : 0.036088884152125189
		},
		"parent_frame_id" : "6dmimic_base",
		"position" : 
		{
			"x" : -0.1347979,
			"y" : 1.5241811000000001,
			"z" : 0.1951312
		}
	},
	"candidate_2" : 
	{
		"gripper" : 5,
		"method" : 3,
		"orientation" : 
		{
			"w" : 0.042980755662309661,
			"x" : 0.83633881640744812,
			"y" : -0.54647474053652367,
			"z" : -0.0074429005384267864
		},
		"parent_frame_id" : "6dmimic_base",
		"position" : 
		{
			"x" : -0.12642829999999999,
			"y" : 1.5413319000000001,
			"z" : 0.1941447
		}
	},
	"candidate_3" : 
	{
		"gripper" : 5,
		"method" : 3,
		"orientation" : 
		{
			"w" : 0.045637610498272099,
			"x" : 0.95032271533842427,
			"y" : -0.30756236398513809,
			"z" : 0.014468499565796661
		},
		"parent_frame_id" : "6dmimic_base",
		"position" : 
		{
			"x" : -0.13465759999999999,
			"y" : 1.5423678999999999,
			"z" : 0.1943067
		}
	},
	"candidate_4" : 
	{
		"gripper" : 5,
		"method" : 3,
		"orientation" : 
		{
			"w" : 0.035549854435898628,
			"x" : 0.9472534542601333,
			"y" : -0.31823787719651853,
			"z" : 0.013105523998892461
		},
		"parent_frame_id" : "6dmimic_base",
		"position" : 
		{
			"x" : -0.13298599999999999,
			"y" : 1.5433865,
			"z" : 0.1947517
		}
	},
	"candidate_5" : 
	{
		"gripper" : 5,
		"method" : 3,
		"orientation" : 
		{
			"w" : 0.04551129950745305,
			"x" : 0.95045168786463041,
			"y" : -0.30751457228909573,
			"z" : 0.0022579819026398995
		},
		"parent_frame_id" : "6dmimic_base",
		"position" : 
		{
			"x" : -0.13297229999999999,
			"y" : 1.5428096,
			"z" : 0.1946734
		}
	},
	"candidate_6" : 
	{
		"gripper" : 5,
		"method" : 3,
		"orientation" : 
		{
			"w" : 0.045274713511758866,
			"x" : 0.99719030945698994,
			"y" : -0.052889643149941865,
			"z" : 0.027647290807104381
		},
		"parent_frame_id" : "6dmimic_base",
		"position" : 
		{
			"x" : -0.13812679999999999,
			"y" : 1.5387795,
			"z" : 0.19394449999999999
		}
	},
	"candidate_7" : 
	{
		"gripper" : 5,
		"method" : 3,
		"orientation" : 
		{
			"w" : 0.036993531567155652,
			"x" : 0.99694820059233891,
			"y" : -0.063889339615001733,
			"z" : 0.025375504752549766
		},
		"parent_frame_id" : "6dmimic_base",
		"position" : 
		{
			"x" : -0.13697190000000001,
			"y" : 1.5388424000000001,
			"z" : 0.1941436
		}
	},
	"candidate_8" : 
	{
		"gripper" : 5,
		"method" : 3,
		"orientation" : 
		{
			"w" : 0.034944159990069959,
			"x" : 0.99721751285186866,
			"y" : -0.061995909661296908,
			"z" : 0.022195606082956267
		},
		"parent_frame_id" : "6dmimic_base",
		"position" : 
		{
			"x" : -0.13837840000000001,
			"y" : 1.5384542999999999,
			"z" : 0.19414219999999999
		}
	},
	"candidate_9" : 
	{
		"gripper" : 5,
		"method" : 3,
		"orientation" : 
		{
			"w" : 0.03044599279659975,
			"x" : 0.97402799262942175,
			"y" : 0.21365079645157417,
			"z" : 0.068526259729657077
		},
		"parent_frame_id" : "6dmimic_base",
		"position" : 
		{
			"x" : -0.13372339999999999,
			"y" : 1.5341327,
			"z" : 0.194885
		}
	}
}
