{
	"candidate_0" : 
	{
		"gripper" : 5,
		"method" : 3,
		"orientation" : 
		{
			"w" : 0.037842465164211976,
			"x" : 0.99763578091040939,
			"y" : 0.029087062948620603,
			"z" : 0.049444304490971772
		},
		"parent_frame_id" : "linear_groundtruth_frame_id",
		"position" : 
		{
			"x" : 0.065039971986996736,
			"y" : 0.0074887194955507441,
			"z" : 0.016036435745023135
		}
	},
	"candidate_1" : 
	{
		"gripper" : 5,
		"method" : 3,
		"orientation" : 
		{
			"w" : 0.033649381978438531,
			"x" : 0.99791795363044644,
			"y" : 0.038714912459346683,
			"z" : 0.039097729700795225
		},
		"parent_frame_id" : "linear_groundtruth_frame_id",
		"position" : 
		{
			"x" : 0.07606827613605871,
			"y" : 0.0081815592243738577,
			"z" : 0.016124030299343124
		}
	},
	"candidate_10" : 
	{
		"gripper" : 5,
		"method" : 3,
		"orientation" : 
		{
			"w" : 0.023651411262131977,
			"x" : 0.99911404140710847,
			"y" : 0.013428247239990698,
			"z" : 0.032115808950205126
		},
		"parent_frame_id" : "linear_groundtruth_frame_id",
		"position" : 
		{
			"x" : 0.1672485028170585,
			"y" : 0.0084983921068285118,
			"z" : 0.015187151317768016
		}
	},
	"candidate_2" : 
	{
		"gripper" : 5,
		"method" : 3,
		"orientation" : 
		{
			"w" : 0.03276941269821293,
			"x" : 0.99772101909205513,
			"y" : 0.033741314937401033,
			"z" : 0.048378273218670012
		},
		"parent_frame_id" : "linear_groundtruth_frame_id",
		"position" : 
		{
			"x" : 0.086071259073988715,
			"y" : 0.0079177363996574268,
			"z" : 0.015676852694086849
		}
	},
	"candidate_3" : 
	{
		"gripper" : 5,
		"method" : 3,
		"orientation" : 
		{
			"w" : 0.03093780931265127,
			"x" : 0.99773288573721564,
			"y" : 0.024255751023126201,
			"z" : 0.054622332573100785
		},
		"parent_frame_id" : "linear_groundtruth_frame_id",
		"position" : 
		{
			"x" : 0.097597879697885137,
			"y" : 0.0070376930762613976,
			"z" : 0.01528437699839081
		}
	},
	"candidate_4" : 
	{
		"gripper" : 5,
		"method" : 3,
		"orientation" : 
		{
			"w" : 0.025273517166733546,
			"x" : 0.99882633112109942,
			"y" : 0.018431938238108365,
			"z" : 0.036979362379213225
		},
		"parent_frame_id" : "linear_groundtruth_frame_id",
		"position" : 
		{
			"x" : 0.10779701762089378,
			"y" : 0.0095528573189467836,
			"z" : 0.015898524480486537
		}
	},
	"candidate_5" : 
	{
		"gripper" : 5,
		"method" : 3,
		"orientation" : 
		{
			"w" : 0.026280429638529682,
			"x" : 0.9984555703621476,
			"y" : 0.033269734627088751,
			"z" : 0.035901779742177155
		},
		"parent_frame_id" : "linear_groundtruth_frame_id",
		"position" : 
		{
			"x" : 0.11571069063776407,
			"y" : 0.007568622820576909,
			"z" : 0.015619856420714048
		}
	},
	"candidate_6" : 
	{
		"gripper" : 5,
		"method" : 3,
		"orientation" : 
		{
			"w" : 0.029490882806802586,
			"x" : 0.9989137132702145,
			"y" : 0.0090480203530221414,
			"z" : 0.034925844294425919
		},
		"parent_frame_id" : "linear_groundtruth_frame_id",
		"position" : 
		{
			"x" : 0.1260744442327606,
			"y" : 0.0028848733919771274,
			"z" : 0.015407389359071218
		}
	},
	"candidate_7" : 
	{
		"gripper" : 5,
		"method" : 3,
		"orientation" : 
		{
			"w" : 0.036418375532422588,
			"x" : 0.99824270859546871,
			"y" : 0.028969761620612027,
			"z" : 0.036687185381362335
		},
		"parent_frame_id" : "linear_groundtruth_frame_id",
		"position" : 
		{
			"x" : 0.13677300595024411,
			"y" : 0.0062046984431794461,
			"z" : 0.015090595851227559
		}
	},
	"candidate_8" : 
	{
		"gripper" : 5,
		"method" : 3,
		"orientation" : 
		{
			"w" : 0.024957373935486343,
			"x" : 0.99855941651824531,
			"y" : 0.031782999044840013,
			"z" : 0.035299605390166432
		},
		"parent_frame_id" : "linear_groundtruth_frame_id",
		"position" : 
		{
			"x" : 0.14886678008988596,
			"y" : 0.010086863355143416,
			"z" : 0.015203742418340015
		}
	},
	"candidate_9" : 
	{
		"gripper" : 5,
		"method" : 3,
		"orientation" : 
		{
			"w" : 0.034467494571505074,
			"x" : 0.99874539445280963,
			"y" : 0.029447160170403497,
			"z" : 0.021271897780023179
		},
		"parent_frame_id" : "linear_groundtruth_frame_id",
		"position" : 
		{
			"x" : 0.15586103182980504,
			"y" : 0.0061515940003968317,
			"z" : 0.015252276367566271
		}
	}
}
