{
	"object_pose_0" : 
	{
		"orientation" : 
		{
			"w" : 0.12534008087298315,
			"x" : 0.35563570581746812,
			"y" : 0.88819363971527621,
			"z" : -0.26253673110992637
		},
		"parent_frame_id" : "camera_link",
		"position" : 
		{
			"x" : 0.0048424117065093836,
			"y" : 0.022816849704317688,
			"z" : 0.55918266887888968
		}
	}
}
