{
	"candidate_0" : 
	{
		"gripper" : 5,
		"method" : 3,
		"orientation" : 
		{
			"w" : 0.059811278886719506,
			"x" : 0.81398530413439207,
			"y" : -0.57776717275033174,
			"z" : 0.0059690588257198425
		},
		"parent_frame_id" : "6dmimic_base",
		"position" : 
		{
			"x" : -0.036059500000000001,
			"y" : 1.4872240000000001,
			"z" : 0.076957899999999996
		}
	},
	"candidate_1" : 
	{
		"gripper" : 5,
		"method" : 3,
		"orientation" : 
		{
			"w" : 0.050126101540923451,
			"x" : 0.81990412243511857,
			"y" : -0.57030215447581123,
			"z" : 0.00023782021603039119
		},
		"parent_frame_id" : "6dmimic_base",
		"position" : 
		{
			"x" : -0.032380699999999998,
			"y" : 1.4768045000000001,
			"z" : 0.076850000000000002
		}
	},
	"candidate_10" : 
	{
		"gripper" : 5,
		"method" : 3,
		"orientation" : 
		{
			"w" : 0.038211234037644329,
			"x" : 0.80554197975265807,
			"y" : -0.59130495641774561,
			"z" : 0.00068481040914236332
		},
		"parent_frame_id" : "6dmimic_base",
		"position" : 
		{
			"x" : -0.0071986000000000003,
			"y" : 1.3892002000000001,
			"z" : 0.074368000000000004
		}
	},
	"candidate_2" : 
	{
		"gripper" : 5,
		"method" : 3,
		"orientation" : 
		{
			"w" : 0.055071579498249389,
			"x" : 0.81684817776916452,
			"y" : -0.57415968382193183,
			"z" : 0.0081751501675992426
		},
		"parent_frame_id" : "6dmimic_base",
		"position" : 
		{
			"x" : -0.029911199999999999,
			"y" : 1.4671166,
			"z" : 0.076237299999999994
		}
	},
	"candidate_3" : 
	{
		"gripper" : 5,
		"method" : 3,
		"orientation" : 
		{
			"w" : 0.057475661028609196,
			"x" : 0.81120662857581083,
			"y" : -0.58175334272585588,
			"z" : 0.014261920322445183
		},
		"parent_frame_id" : "6dmimic_base",
		"position" : 
		{
			"x" : -0.0276175,
			"y" : 1.4557941000000001,
			"z" : 0.075661599999999996
		}
	},
	"candidate_4" : 
	{
		"gripper" : 5,
		"method" : 3,
		"orientation" : 
		{
			"w" : 0.042383650582173304,
			"x" : 0.80838048919874383,
			"y" : -0.58712155920602282,
			"z" : 0.0035896464472436607
		},
		"parent_frame_id" : "6dmimic_base",
		"position" : 
		{
			"x" : -0.022403200000000002,
			"y" : 1.4466634,
			"z" : 0.076070299999999993
		}
	},
	"candidate_5" : 
	{
		"gripper" : 5,
		"method" : 3,
		"orientation" : 
		{
			"w" : 0.042378767897296499,
			"x" : 0.81701740571282022,
			"y" : -0.57504963518481356,
			"z" : 0.0021250570846127921
		},
		"parent_frame_id" : "6dmimic_base",
		"position" : 
		{
			"x" : -0.022155999999999999,
			"y" : 1.4385129000000001,
			"z" : 0.075683899999999998
		}
	},
	"candidate_6" : 
	{
		"gripper" : 5,
		"method" : 3,
		"orientation" : 
		{
			"w" : 0.044610751408312832,
			"x" : 0.80277101433546194,
			"y" : -0.59461603617478409,
			"z" : -0.00059069906643528444
		},
		"parent_frame_id" : "6dmimic_base",
		"position" : 
		{
			"x" : -0.0238353,
			"y" : 1.4272673,
			"z" : 0.075357599999999997
		}
	},
	"candidate_7" : 
	{
		"gripper" : 5,
		"method" : 3,
		"orientation" : 
		{
			"w" : 0.05098634313765868,
			"x" : 0.81426263856834091,
			"y" : -0.57824344386263904,
			"z" : -0.0033567655634079395
		},
		"parent_frame_id" : "6dmimic_base",
		"position" : 
		{
			"x" : -0.017726700000000001,
			"y" : 1.4178879,
			"z" : 0.074816599999999997
		}
	},
	"candidate_8" : 
	{
		"gripper" : 5,
		"method" : 3,
		"orientation" : 
		{
			"w" : 0.04097612302070356,
			"x" : 0.8161977681444329,
			"y" : -0.57631258954027265,
			"z" : 0.0024412610724405745
		},
		"parent_frame_id" : "6dmimic_base",
		"position" : 
		{
			"x" : -0.010688899999999999,
			"y" : 1.4073146999999999,
			"z" : 0.074674500000000005
		}
	},
	"candidate_9" : 
	{
		"gripper" : 5,
		"method" : 3,
		"orientation" : 
		{
			"w" : 0.04013238850579863,
			"x" : 0.81478695333070217,
			"y" : -0.57818838190673694,
			"z" : -0.014484719636942421
		},
		"parent_frame_id" : "6dmimic_base",
		"position" : 
		{
			"x" : -0.012563700000000001,
			"y" : 1.3995112999999999,
			"z" : 0.074656299999999995
		}
	}
}
