{
	"candidate_0" : 
	{
		"gripper" : 5,
		"method" : 3,
		"orientation" : 
		{
			"w" : 0.03685660801795055,
			"x" : 0.99775478821195573,
			"y" : 0.034867697985134977,
			"z" : 0.043717464276233381
		},
		"parent_frame_id" : "linear_groundtruth_frame_id",
		"position" : 
		{
			"x" : 0.0039414999206216026,
			"y" : 0.17445319134077905,
			"z" : 0.024635720966858773
		}
	},
	"candidate_1" : 
	{
		"gripper" : 5,
		"method" : 3,
		"orientation" : 
		{
			"w" : 0.037846302099772113,
			"x" : 0.99813586285991929,
			"y" : 0.019924822214354414,
			"z" : 0.043536859670668525
		},
		"parent_frame_id" : "linear_groundtruth_frame_id",
		"position" : 
		{
			"x" : 0.0040183032157413926,
			"y" : 0.16741353223677233,
			"z" : 0.025161696673163918
		}
	},
	"candidate_10" : 
	{
		"gripper" : 5,
		"method" : 3,
		"orientation" : 
		{
			"w" : 0.057625555233899027,
			"x" : 0.99735755650593549,
			"y" : 0.039465409469987396,
			"z" : 0.019992031409056702
		},
		"parent_frame_id" : "linear_groundtruth_frame_id",
		"position" : 
		{
			"x" : 0.0049374898506562171,
			"y" : 0.074005416443295252,
			"z" : 0.025505485680466948
		}
	},
	"candidate_2" : 
	{
		"gripper" : 5,
		"method" : 3,
		"orientation" : 
		{
			"w" : 0.033477251028886212,
			"x" : 0.99825962885751451,
			"y" : 0.032958504493890713,
			"z" : 0.035647216417729076
		},
		"parent_frame_id" : "linear_groundtruth_frame_id",
		"position" : 
		{
			"x" : 0.0038467688243805165,
			"y" : 0.15493139991398233,
			"z" : 0.025041056673971912
		}
	},
	"candidate_3" : 
	{
		"gripper" : 5,
		"method" : 3,
		"orientation" : 
		{
			"w" : 0.030477329674397091,
			"x" : 0.99828811070738466,
			"y" : 0.026929862580543099,
			"z" : 0.042032878768786863
		},
		"parent_frame_id" : "linear_groundtruth_frame_id",
		"position" : 
		{
			"x" : 0.0042064693957725484,
			"y" : 0.14636977088344608,
			"z" : 0.025156663489014987
		}
	},
	"candidate_4" : 
	{
		"gripper" : 5,
		"method" : 3,
		"orientation" : 
		{
			"w" : 0.029740281683598421,
			"x" : 0.99823660148248583,
			"y" : 0.026821946293640968,
			"z" : 0.043815366061440944
		},
		"parent_frame_id" : "linear_groundtruth_frame_id",
		"position" : 
		{
			"x" : 0.0052342778381687279,
			"y" : 0.13656749615636612,
			"z" : 0.025352372383769587
		}
	},
	"candidate_5" : 
	{
		"gripper" : 5,
		"method" : 3,
		"orientation" : 
		{
			"w" : 0.021411590706091013,
			"x" : 0.99885729454719041,
			"y" : 0.022387101784869856,
			"z" : 0.036393221717454113
		},
		"parent_frame_id" : "linear_groundtruth_frame_id",
		"position" : 
		{
			"x" : 0.0044874015660640023,
			"y" : 0.12637389808289548,
			"z" : 0.025494361065590689
		}
	},
	"candidate_6" : 
	{
		"gripper" : 5,
		"method" : 3,
		"orientation" : 
		{
			"w" : 0.029918779124425275,
			"x" : 0.99746340792281296,
			"y" : 0.049643366755810915,
			"z" : 0.04131770380672261
		},
		"parent_frame_id" : "linear_groundtruth_frame_id",
		"position" : 
		{
			"x" : 0.0035649972903340509,
			"y" : 0.11773406617050355,
			"z" : 0.025192791601392192
		}
	},
	"candidate_7" : 
	{
		"gripper" : 5,
		"method" : 3,
		"orientation" : 
		{
			"w" : 0.01065588218593011,
			"x" : 0.99843963846039374,
			"y" : 0.035912025554266869,
			"z" : 0.04141336676131941
		},
		"parent_frame_id" : "linear_groundtruth_frame_id",
		"position" : 
		{
			"x" : 0.0026406309562127688,
			"y" : 0.10830664965541784,
			"z" : 0.025968827015371152
		}
	},
	"candidate_8" : 
	{
		"gripper" : 5,
		"method" : 3,
		"orientation" : 
		{
			"w" : 0.013774610187818193,
			"x" : 0.9977634978575467,
			"y" : 0.052461551387010343,
			"z" : 0.039064665406418508
		},
		"parent_frame_id" : "linear_groundtruth_frame_id",
		"position" : 
		{
			"x" : 0.0036962880782556596,
			"y" : 0.097769996610151039,
			"z" : 0.025756479814105698
		}
	},
	"candidate_9" : 
	{
		"gripper" : 5,
		"method" : 3,
		"orientation" : 
		{
			"w" : 0.021265677247141616,
			"x" : 0.99730523634410106,
			"y" : 0.060979837609190513,
			"z" : 0.034806550202714649
		},
		"parent_frame_id" : "linear_groundtruth_frame_id",
		"position" : 
		{
			"x" : 0.012256588625027575,
			"y" : 0.089306622747261505,
			"z" : 0.0096905903391139494
		}
	}
}
