{
	"object_pose_0" : 
	{
		"orientation" : 
		{
			"w" : 0.11114124689782894,
			"x" : 0.30766659757398956,
			"y" : 0.90521059976909291,
			"z" : -0.27126340937428783
		},
		"parent_frame_id" : "camera_link",
		"position" : 
		{
			"x" : -0.0031053624061427067,
			"y" : -0.0098080526179624705,
			"z" : 0.58046771384304252
		}
	}
}
