{
	"candidate_0" : 
	{
		"gripper" : 5,
		"method" : 3,
		"orientation" : 
		{
			"w" : 0.055481427808105319,
			"x" : 0.78559627425941303,
			"y" : -0.61624579707775118,
			"z" : 0.0011927372344001062
		},
		"parent_frame_id" : "6dmimic_base",
		"position" : 
		{
			"x" : 0.073003299999999993,
			"y" : 1.5875577000000001,
			"z" : 0.077092999999999995
		}
	},
	"candidate_1" : 
	{
		"gripper" : 5,
		"method" : 3,
		"orientation" : 
		{
			"w" : 0.056248497833441782,
			"x" : 0.77625390936010707,
			"y" : -0.62790589332335456,
			"z" : 0.00040475230974796814
		},
		"parent_frame_id" : "6dmimic_base",
		"position" : 
		{
			"x" : 0.066084599999999993,
			"y" : 1.5862866,
			"z" : 0.077690899999999993
		}
	},
	"candidate_10" : 
	{
		"gripper" : 5,
		"method" : 3,
		"orientation" : 
		{
			"w" : 0.056024907578011547,
			"x" : 0.7880666765667782,
			"y" : -0.61228460504774374,
			"z" : -0.03032631592192641
		},
		"parent_frame_id" : "6dmimic_base",
		"position" : 
		{
			"x" : -0.025817099999999999,
			"y" : 1.5695983,
			"z" : 0.078964999999999994
		}
	},
	"candidate_2" : 
	{
		"gripper" : 5,
		"method" : 3,
		"orientation" : 
		{
			"w" : 0.047711642636922201,
			"x" : 0.78468085239663055,
			"y" : -0.61805477094411931,
			"z" : -0.002803417948891572
		},
		"parent_frame_id" : "6dmimic_base",
		"position" : 
		{
			"x" : 0.053751899999999998,
			"y" : 1.5843495000000001,
			"z" : 0.077698000000000003
		}
	},
	"candidate_3" : 
	{
		"gripper" : 5,
		"method" : 3,
		"orientation" : 
		{
			"w" : 0.049586085083297926,
			"x" : 0.7808689297054261,
			"y" : -0.62271090356678493,
			"z" : 0.00400816240344571
		},
		"parent_frame_id" : "6dmimic_base",
		"position" : 
		{
			"x" : 0.045376,
			"y" : 1.5825465999999999,
			"z" : 0.077895400000000004
		}
	},
	"candidate_4" : 
	{
		"gripper" : 5,
		"method" : 3,
		"orientation" : 
		{
			"w" : 0.050172727565007104,
			"x" : 0.78077471841300472,
			"y" : -0.62276749934672082,
			"z" : 0.0058462170001580271
		},
		"parent_frame_id" : "6dmimic_base",
		"position" : 
		{
			"x" : 0.035891399999999997,
			"y" : 1.5798728,
			"z" : 0.078176499999999996
		}
	},
	"candidate_5" : 
	{
		"gripper" : 5,
		"method" : 3,
		"orientation" : 
		{
			"w" : 0.03905869778232713,
			"x" : 0.77832237597727705,
			"y" : -0.62662435083072798,
			"z" : 0.0055335455725932584
		},
		"parent_frame_id" : "6dmimic_base",
		"position" : 
		{
			"x" : 0.025720099999999999,
			"y" : 1.5788878,
			"z" : 0.078432100000000005
		}
	},
	"candidate_6" : 
	{
		"gripper" : 5,
		"method" : 3,
		"orientation" : 
		{
			"w" : 0.048505356771249127,
			"x" : 0.79487401837464,
			"y" : -0.60482044175225158,
			"z" : 0.0038416814102122145
		},
		"parent_frame_id" : "6dmimic_base",
		"position" : 
		{
			"x" : 0.017045000000000001,
			"y" : 1.578344,
			"z" : 0.078229199999999999
		}
	},
	"candidate_7" : 
	{
		"gripper" : 5,
		"method" : 3,
		"orientation" : 
		{
			"w" : 0.033957944007933047,
			"x" : 0.7867582199197134,
			"y" : -0.6161104996229928,
			"z" : 0.016316055951851365
		},
		"parent_frame_id" : "6dmimic_base",
		"position" : 
		{
			"x" : 0.0076065999999999998,
			"y" : 1.5776562999999999,
			"z" : 0.079116000000000006
		}
	},
	"candidate_8" : 
	{
		"gripper" : 5,
		"method" : 3,
		"orientation" : 
		{
			"w" : 0.034687521972065122,
			"x" : 0.79689159331680748,
			"y" : -0.60299558428558397,
			"z" : 0.012525559968504752
		},
		"parent_frame_id" : "6dmimic_base",
		"position" : 
		{
			"x" : -0.0026021,
			"y" : 1.5748358,
			"z" : 0.078994499999999995
		}
	},
	"candidate_9" : 
	{
		"gripper" : 5,
		"method" : 3,
		"orientation" : 
		{
			"w" : 0.037596846187434106,
			"x" : 0.80200059229780218,
			"y" : -0.59612223720359969,
			"z" : 0.0044503283146152366
		},
		"parent_frame_id" : "6dmimic_base",
		"position" : 
		{
			"x" : -0.0096924000000000003,
			"y" : 1.5651359,
			"z" : 0.062834299999999996
		}
	}
}
