{
	"candidate_0" : 
	{
		"gripper" : 5,
		"method" : 3,
		"orientation" : 
		{
			"w" : 0.59000069853074832,
			"x" : -0.73001088704826689,
			"y" : -0.24421456437063155,
			"z" : 0.24360321646787442
		},
		"parent_frame_id" : "gt01_frame_id",
		"position" : 
		{
			"x" : -0.010880019275673232,
			"y" : -0.042902299198976923,
			"z" : 0.0096060568547906011
		}
	},
	"candidate_1" : 
	{
		"gripper" : 5,
		"method" : 3,
		"orientation" : 
		{
			"w" : 0.6087162752073213,
			"x" : -0.71198400123982253,
			"y" : -0.27258959397335447,
			"z" : 0.21963194561287985
		},
		"parent_frame_id" : "gt01_frame_id",
		"position" : 
		{
			"x" : 0.011088007822348478,
			"y" : -0.04157497639213914,
			"z" : 0.0078107968076019663
		}
	},
	"candidate_2" : 
	{
		"gripper" : 5,
		"method" : 3,
		"orientation" : 
		{
			"w" : 0.57719526473978822,
			"x" : -0.73528305386797577,
			"y" : -0.26240525369047879,
			"z" : 0.23947429902222275
		},
		"parent_frame_id" : "gt01_frame_id",
		"position" : 
		{
			"x" : 0.030039253352456122,
			"y" : -0.042951217745313963,
			"z" : 0.015097435153601124
		}
	},
	"candidate_3" : 
	{
		"gripper" : 5,
		"method" : 3,
		"orientation" : 
		{
			"w" : 0.57261318930657679,
			"x" : -0.7234781594660229,
			"y" : -0.2698294711565159,
			"z" : 0.27547331032824435
		},
		"parent_frame_id" : "gt01_frame_id",
		"position" : 
		{
			"x" : 0.054175201125259739,
			"y" : -0.044533132369589445,
			"z" : 0.017837090841821862
		}
	},
	"candidate_4" : 
	{
		"gripper" : 5,
		"method" : 3,
		"orientation" : 
		{
			"w" : 0.59971757884746246,
			"x" : -0.74242840746750638,
			"y" : -0.20842464498869659,
			"z" : 0.21377102883210355
		},
		"parent_frame_id" : "gt01_frame_id",
		"position" : 
		{
			"x" : 0.068250860374536676,
			"y" : -0.034101437788403244,
			"z" : 0.0094069621640913703
		}
	},
	"candidate_5" : 
	{
		"gripper" : 5,
		"method" : 3,
		"orientation" : 
		{
			"w" : 0.617307375796875,
			"x" : -0.74402947522042984,
			"y" : -0.18102541083322612,
			"z" : 0.18050358562269378
		},
		"parent_frame_id" : "gt01_frame_id",
		"position" : 
		{
			"x" : 0.087032513966281727,
			"y" : -0.025496442775031714,
			"z" : 0.014454647504873047
		}
	}
}
