{
	"candidate_0" : 
	{
		"gripper" : 5,
		"method" : 3,
		"orientation" : 
		{
			"w" : 0.35625785511761576,
			"x" : 0.57306507596281253,
			"y" : -0.70199565868875602,
			"z" : 0.22776930118185656
		},
		"parent_frame_id" : "6dmimic_base",
		"position" : 
		{
			"x" : -0.061259099999999997,
			"y" : 1.6011649999999999,
			"z" : 0.0528099
		}
	},
	"candidate_1" : 
	{
		"gripper" : 5,
		"method" : 3,
		"orientation" : 
		{
			"w" : 0.35992165745098009,
			"x" : 0.60713174419088423,
			"y" : -0.6732028213495822,
			"z" : 0.2205570380206372
		},
		"parent_frame_id" : "6dmimic_base",
		"position" : 
		{
			"x" : -0.062707799999999994,
			"y" : 1.5998509999999999,
			"z" : 0.074804300000000004
		}
	},
	"candidate_2" : 
	{
		"gripper" : 5,
		"method" : 3,
		"orientation" : 
		{
			"w" : 0.36228234710136276,
			"x" : 0.57665028291355114,
			"y" : -0.70280870973604503,
			"z" : 0.20563528324099575
		},
		"parent_frame_id" : "6dmimic_base",
		"position" : 
		{
			"x" : -0.054995099999999998,
			"y" : 1.6007344999999999,
			"z" : 0.093615799999999999
		}
	},
	"candidate_3" : 
	{
		"gripper" : 5,
		"method" : 3,
		"orientation" : 
		{
			"w" : 0.32841483770301538,
			"x" : 0.57803254700782591,
			"y" : -0.72027451119857089,
			"z" : 0.1980573086099261
		},
		"parent_frame_id" : "6dmimic_base",
		"position" : 
		{
			"x" : -0.051710800000000001,
			"y" : 1.6020593999999999,
			"z" : 0.1176992
		}
	},
	"candidate_4" : 
	{
		"gripper" : 5,
		"method" : 3,
		"orientation" : 
		{
			"w" : 0.38694622899301578,
			"x" : 0.55534759144559309,
			"y" : -0.68893603529212866,
			"z" : 0.25928518627107539
		},
		"parent_frame_id" : "6dmimic_base",
		"position" : 
		{
			"x" : -0.0604489,
			"y" : 1.5920638,
			"z" : 0.13190289999999999
		}
	},
	"candidate_5" : 
	{
		"gripper" : 5,
		"method" : 3,
		"orientation" : 
		{
			"w" : 0.41229015516709355,
			"x" : 0.54939775039286753,
			"y" : -0.66617866780527313,
			"z" : 0.29049083010784016
		},
		"parent_frame_id" : "6dmimic_base",
		"position" : 
		{
			"x" : -0.055540100000000002,
			"y" : 1.5831096,
			"z" : 0.15055769999999999
		}
	}
}
