{
	"candidate_0" : 
	{
		"gripper" : 5,
		"method" : 3,
		"orientation" : 
		{
			"w" : 0.031044898293501193,
			"x" : 0.99766374287485837,
			"y" : 0.033084182106323169,
			"z" : 0.051075506235674008
		},
		"parent_frame_id" : "linear_groundtruth_frame_id",
		"position" : 
		{
			"x" : 0.0021620879057854467,
			"y" : 0.17671358849272986,
			"z" : 0.02469389344115179
		}
	},
	"candidate_1" : 
	{
		"gripper" : 5,
		"method" : 3,
		"orientation" : 
		{
			"w" : 0.04212442470359911,
			"x" : 0.99698535307367864,
			"y" : 0.03511806268211963,
			"z" : 0.054885884099629606
		},
		"parent_frame_id" : "linear_groundtruth_frame_id",
		"position" : 
		{
			"x" : 0.0031631467713850565,
			"y" : 0.16572613172479586,
			"z" : 0.024949823263800644
		}
	},
	"candidate_10" : 
	{
		"gripper" : 5,
		"method" : 3,
		"orientation" : 
		{
			"w" : 0.045066908245632767,
			"x" : 0.99783462899244324,
			"y" : 0.044855611224608904,
			"z" : 0.016822636724356903
		},
		"parent_frame_id" : "linear_groundtruth_frame_id",
		"position" : 
		{
			"x" : 0.00208483715761947,
			"y" : 0.073697026657135234,
			"z" : 0.026142094270372597
		}
	},
	"candidate_2" : 
	{
		"gripper" : 5,
		"method" : 3,
		"orientation" : 
		{
			"w" : 0.032715807155345625,
			"x" : 0.99774246862259652,
			"y" : 0.032695133628606078,
			"z" : 0.048689531791427522
		},
		"parent_frame_id" : "linear_groundtruth_frame_id",
		"position" : 
		{
			"x" : 0.0032092857765027888,
			"y" : 0.15619939253324203,
			"z" : 0.025144774499078495
		}
	},
	"candidate_3" : 
	{
		"gripper" : 5,
		"method" : 3,
		"orientation" : 
		{
			"w" : 0.042047349011967147,
			"x" : 0.99727023948943194,
			"y" : 0.033757891738514921,
			"z" : 0.05044298380476131
		},
		"parent_frame_id" : "linear_groundtruth_frame_id",
		"position" : 
		{
			"x" : 0.0033515544099600456,
			"y" : 0.14304769720511809,
			"z" : 0.025019263321483978
		}
	},
	"candidate_4" : 
	{
		"gripper" : 5,
		"method" : 3,
		"orientation" : 
		{
			"w" : 0.039353675678270417,
			"x" : 0.99745523957045734,
			"y" : 0.038613920080797323,
			"z" : 0.045202858759646386
		},
		"parent_frame_id" : "linear_groundtruth_frame_id",
		"position" : 
		{
			"x" : 0.0035065787866705258,
			"y" : 0.13450306077384275,
			"z" : 0.025032024603406717
		}
	},
	"candidate_5" : 
	{
		"gripper" : 5,
		"method" : 3,
		"orientation" : 
		{
			"w" : 0.030929787645745353,
			"x" : 0.99798895289455081,
			"y" : 0.031797234046617481,
			"z" : 0.045280614435008179
		},
		"parent_frame_id" : "linear_groundtruth_frame_id",
		"position" : 
		{
			"x" : 0.0025248034493593652,
			"y" : 0.12742171341719452,
			"z" : 0.025429519937876854
		}
	},
	"candidate_6" : 
	{
		"gripper" : 5,
		"method" : 3,
		"orientation" : 
		{
			"w" : 0.027870677856966102,
			"x" : 0.9973351900857893,
			"y" : 0.041738645878119457,
			"z" : 0.052949309462887915
		},
		"parent_frame_id" : "linear_groundtruth_frame_id",
		"position" : 
		{
			"x" : 0.0029744219797710257,
			"y" : 0.11821975470917992,
			"z" : 0.025373678677709309
		}
	},
	"candidate_7" : 
	{
		"gripper" : 5,
		"method" : 3,
		"orientation" : 
		{
			"w" : 0.02680033453150503,
			"x" : 0.9973619232262928,
			"y" : 0.042698199827304995,
			"z" : 0.052228343826482976
		},
		"parent_frame_id" : "linear_groundtruth_frame_id",
		"position" : 
		{
			"x" : 0.0045053708769400395,
			"y" : 0.1085992885931589,
			"z" : 0.025670887043699055
		}
	},
	"candidate_8" : 
	{
		"gripper" : 5,
		"method" : 3,
		"orientation" : 
		{
			"w" : 0.043675414376040993,
			"x" : 0.99668641022836502,
			"y" : 0.046697142115183048,
			"z" : 0.050279566062675196
		},
		"parent_frame_id" : "linear_groundtruth_frame_id",
		"position" : 
		{
			"x" : 0.0038909300830377962,
			"y" : 0.097364369513047583,
			"z" : 0.025669848099488947
		}
	},
	"candidate_9" : 
	{
		"gripper" : 5,
		"method" : 3,
		"orientation" : 
		{
			"w" : 0.025401032109703459,
			"x" : 0.99728624046642422,
			"y" : 0.044933391960762181,
			"z" : 0.05249697544628424
		},
		"parent_frame_id" : "linear_groundtruth_frame_id",
		"position" : 
		{
			"x" : 0.0034834948649574587,
			"y" : 0.087440858104387814,
			"z" : 0.025238579092180587
		}
	}
}
