{
	"object_pose_0" : 
	{
		"orientation" : 
		{
			"w" : 0.11083980627584571,
			"x" : 0.30745367055973449,
			"y" : 0.90536862408747332,
			"z" : -0.2710986227907014
		},
		"parent_frame_id" : "camera_link",
		"position" : 
		{
			"x" : -0.0031263231454827373,
			"y" : -0.0099954691094048531,
			"z" : 0.58053013073942528
		}
	}
}
