{
	"candidate_0" : 
	{
		"gripper" : 5,
		"method" : 3,
		"orientation" : 
		{
			"w" : 0.055707292593235494,
			"x" : 0.78426321582258396,
			"y" : -0.61783716588780924,
			"z" : 0.010253892298542362
		},
		"parent_frame_id" : "6dmimic_base",
		"position" : 
		{
			"x" : 0.074776499999999996,
			"y" : 1.5896538,
			"z" : 0.077163800000000005
		}
	},
	"candidate_1" : 
	{
		"gripper" : 5,
		"method" : 3,
		"orientation" : 
		{
			"w" : 0.066614434172273487,
			"x" : 0.78509726785701539,
			"y" : -0.61575031829716731,
			"z" : 0.0060284890557026835
		},
		"parent_frame_id" : "6dmimic_base",
		"position" : 
		{
			"x" : 0.064118400000000006,
			"y" : 1.5868119000000001,
			"z" : 0.077519900000000003
		}
	},
	"candidate_10" : 
	{
		"gripper" : 5,
		"method" : 3,
		"orientation" : 
		{
			"w" : 0.044231181539943897,
			"x" : 0.79169263671808399,
			"y" : -0.60880488625048701,
			"z" : -0.024959607839066013
		},
		"parent_frame_id" : "6dmimic_base",
		"position" : 
		{
			"x" : -0.0267599,
			"y" : 1.5723754000000001,
			"z" : 0.079683400000000001
		}
	},
	"candidate_2" : 
	{
		"gripper" : 5,
		"method" : 3,
		"orientation" : 
		{
			"w" : 0.055448952885172334,
			"x" : 0.78405261052278497,
			"y" : -0.61816896197868554,
			"z" : 0.0073520067014645751
		},
		"parent_frame_id" : "6dmimic_base",
		"position" : 
		{
			"x" : 0.054738299999999997,
			"y" : 1.5851606,
			"z" : 0.077813400000000005
		}
	},
	"candidate_3" : 
	{
		"gripper" : 5,
		"method" : 3,
		"orientation" : 
		{
			"w" : 0.063702227611378809,
			"x" : 0.78439870001125267,
			"y" : -0.61697125283524146,
			"z" : 0.0026793269523317093
		},
		"parent_frame_id" : "6dmimic_base",
		"position" : 
		{
			"x" : 0.041797300000000003,
			"y" : 1.5828082000000001,
			"z" : 0.077821299999999996
		}
	},
	"candidate_4" : 
	{
		"gripper" : 5,
		"method" : 3,
		"orientation" : 
		{
			"w" : 0.058221578737398992,
			"x" : 0.78762365452026695,
			"y" : -0.61339958904658742,
			"z" : 0.00041323956955420169
		},
		"parent_frame_id" : "6dmimic_base",
		"position" : 
		{
			"x" : 0.033401300000000002,
			"y" : 1.5812168,
			"z" : 0.077920199999999995
		}
	},
	"candidate_5" : 
	{
		"gripper" : 5,
		"method" : 3,
		"orientation" : 
		{
			"w" : 0.051893445995109561,
			"x" : 0.78363075858756748,
			"y" : -0.61902757997584745,
			"z" : 0.0058957346846624584
		},
		"parent_frame_id" : "6dmimic_base",
		"position" : 
		{
			"x" : 0.026260800000000001,
			"y" : 1.5809907000000001,
			"z" : 0.078406500000000004
		}
	},
	"candidate_6" : 
	{
		"gripper" : 5,
		"method" : 3,
		"orientation" : 
		{
			"w" : 0.054413779969901335,
			"x" : 0.78960748733184816,
			"y" : -0.61104036368925074,
			"z" : 0.013741558913762175
		},
		"parent_frame_id" : "6dmimic_base",
		"position" : 
		{
			"x" : 0.017265699999999998,
			"y" : 1.5789983000000001,
			"z" : 0.078439099999999998
		}
	},
	"candidate_7" : 
	{
		"gripper" : 5,
		"method" : 3,
		"orientation" : 
		{
			"w" : 0.053122365691707925,
			"x" : 0.79023964376447098,
			"y" : -0.61033321359742121,
			"z" : 0.013881212705062131
		},
		"parent_frame_id" : "6dmimic_base",
		"position" : 
		{
			"x" : 0.0080449000000000007,
			"y" : 1.5758620999999999,
			"z" : 0.078814899999999993
		}
	},
	"candidate_8" : 
	{
		"gripper" : 5,
		"method" : 3,
		"orientation" : 
		{
			"w" : 0.064727628747538429,
			"x" : 0.79229625292012917,
			"y" : -0.60669158274723267,
			"z" : 0.0015182585752819347
		},
		"parent_frame_id" : "6dmimic_base",
		"position" : 
		{
			"x" : -0.0031327999999999998,
			"y" : 1.5745788000000001,
			"z" : 0.078938800000000003
		}
	},
	"candidate_9" : 
	{
		"gripper" : 5,
		"method" : 3,
		"orientation" : 
		{
			"w" : 0.052206553778846684,
			"x" : 0.79162463904516012,
			"y" : -0.60858867497050562,
			"z" : 0.014991040550964205
		},
		"parent_frame_id" : "6dmimic_base",
		"position" : 
		{
			"x" : -0.012988400000000001,
			"y" : 1.5733169,
			"z" : 0.078614299999999998
		}
	}
}
