{
	"candidate_0" : 
	{
		"gripper" : 5,
		"method" : 3,
		"orientation" : 
		{
			"w" : 0.62415840483802865,
			"x" : -0.70253877902359463,
			"y" : -0.24160614054108889,
			"z" : 0.24185124041634345
		},
		"parent_frame_id" : "gt01_frame_id",
		"position" : 
		{
			"x" : -0.01120941462953827,
			"y" : -0.041874942984961638,
			"z" : 0.013614616253189493
		}
	},
	"candidate_1" : 
	{
		"gripper" : 5,
		"method" : 3,
		"orientation" : 
		{
			"w" : 0.61773166995315865,
			"x" : -0.70485083797512893,
			"y" : -0.24074764520546552,
			"z" : 0.25225671739453026
		},
		"parent_frame_id" : "gt01_frame_id",
		"position" : 
		{
			"x" : 0.0094395396754767061,
			"y" : -0.041810589837413259,
			"z" : 0.012405596182304107
		}
	},
	"candidate_2" : 
	{
		"gripper" : 5,
		"method" : 3,
		"orientation" : 
		{
			"w" : 0.60866486694636535,
			"x" : -0.71610874578141326,
			"y" : -0.24916190060080531,
			"z" : 0.2337385104118041
		},
		"parent_frame_id" : "gt01_frame_id",
		"position" : 
		{
			"x" : 0.030618871963909881,
			"y" : -0.03876229163462197,
			"z" : 0.0081337861803271183
		}
	},
	"candidate_3" : 
	{
		"gripper" : 5,
		"method" : 3,
		"orientation" : 
		{
			"w" : 0.59125673184859506,
			"x" : -0.72810484817233234,
			"y" : -0.27156982372910216,
			"z" : 0.21570497896758772
		},
		"parent_frame_id" : "gt01_frame_id",
		"position" : 
		{
			"x" : 0.049869169380866711,
			"y" : -0.041691421981059129,
			"z" : 0.0021520714753041625
		}
	},
	"candidate_4" : 
	{
		"gripper" : 5,
		"method" : 3,
		"orientation" : 
		{
			"w" : 0.63773278723463334,
			"x" : -0.71340947657197251,
			"y" : -0.20673371248727065,
			"z" : 0.20397299562559881
		},
		"parent_frame_id" : "gt01_frame_id",
		"position" : 
		{
			"x" : 0.064284946324707104,
			"y" : -0.033845280381631593,
			"z" : 0.0070207162268931533
		}
	},
	"candidate_5" : 
	{
		"gripper" : 5,
		"method" : 3,
		"orientation" : 
		{
			"w" : 0.62912081637118655,
			"x" : -0.741999799184062,
			"y" : -0.17136426875404515,
			"z" : 0.15581265614080986
		},
		"parent_frame_id" : "gt01_frame_id",
		"position" : 
		{
			"x" : 0.079175034972943537,
			"y" : -0.02674857179003709,
			"z" : -0.0025245853175134281
		}
	}
}
