{
	"object_pose_0" : 
	{
		"orientation" : 
		{
			"w" : 0.46867103589088188,
			"x" : -0.5502642092058676,
			"y" : 0.66562117478311944,
			"z" : 0.1857530783840674
		},
		"parent_frame_id" : "camera_link",
		"position" : 
		{
			"x" : 0.0090155878583173671,
			"y" : 0.0090999970246862238,
			"z" : 0.56713221379005452
		}
	}
}
