{
	"candidate_0" : 
	{
		"gripper" : 5,
		"method" : 3,
		"orientation" : 
		{
			"w" : 0.33940915387145026,
			"x" : 0.5938159274956617,
			"y" : -0.68395511841957857,
			"z" : 0.2537507960744036
		},
		"parent_frame_id" : "6dmimic_base",
		"position" : 
		{
			"x" : -0.057216000000000003,
			"y" : 1.6000626,
			"z" : 0.052256200000000003
		}
	},
	"candidate_1" : 
	{
		"gripper" : 5,
		"method" : 3,
		"orientation" : 
		{
			"w" : 0.33365442849547811,
			"x" : 0.58834264064309794,
			"y" : -0.69282913363346377,
			"z" : 0.25003090036066805
		},
		"parent_frame_id" : "6dmimic_base",
		"position" : 
		{
			"x" : -0.058050900000000002,
			"y" : 1.6000118999999999,
			"z" : 0.072923699999999994
		}
	},
	"candidate_2" : 
	{
		"gripper" : 5,
		"method" : 3,
		"orientation" : 
		{
			"w" : 0.35426461323711655,
			"x" : 0.58795497378118955,
			"y" : -0.68747615664031914,
			"z" : 0.23702756520070001
		},
		"parent_frame_id" : "6dmimic_base",
		"position" : 
		{
			"x" : -0.062119300000000002,
			"y" : 1.5971732000000001,
			"z" : 0.094172099999999995
		}
	},
	"candidate_3" : 
	{
		"gripper" : 5,
		"method" : 3,
		"orientation" : 
		{
			"w" : 0.37456236331963999,
			"x" : 0.59139080922496001,
			"y" : -0.68309170424997689,
			"z" : 0.20819623035375889
		},
		"parent_frame_id" : "6dmimic_base",
		"position" : 
		{
			"x" : -0.067554699999999995,
			"y" : 1.6004130000000001,
			"z" : 0.1135343
		}
	},
	"candidate_4" : 
	{
		"gripper" : 5,
		"method" : 3,
		"orientation" : 
		{
			"w" : 0.37477825396263514,
			"x" : 0.57971711703081286,
			"y" : -0.66412320108404255,
			"z" : 0.28707089431024835
		},
		"parent_frame_id" : "6dmimic_base",
		"position" : 
		{
			"x" : -0.062925599999999998,
			"y" : 1.5922342,
			"z" : 0.1278437
		}
	},
	"candidate_5" : 
	{
		"gripper" : 5,
		"method" : 3,
		"orientation" : 
		{
			"w" : 0.42952427922308906,
			"x" : 0.54930658189340309,
			"y" : -0.6488456419276788,
			"z" : 0.30458251032836808
		},
		"parent_frame_id" : "6dmimic_base",
		"position" : 
		{
			"x" : -0.0726242,
			"y" : 1.585704,
			"z" : 0.1428931
		}
	}
}
