{
	"candidate_0" : 
	{
		"gripper" : 5,
		"method" : 3,
		"orientation" : 
		{
			"w" : 0.036890443206235669,
			"x" : 0.99753113574080643,
			"y" : 0.034133030045947858,
			"z" : 0.049047575756470528
		},
		"parent_frame_id" : "linear_groundtruth_frame_id",
		"position" : 
		{
			"x" : 0.0032537859183017995,
			"y" : 0.17591291479279741,
			"z" : 0.025031199621033423
		}
	},
	"candidate_1" : 
	{
		"gripper" : 5,
		"method" : 3,
		"orientation" : 
		{
			"w" : 0.022009453356482245,
			"x" : 0.99785043387399119,
			"y" : 0.031350731218474044,
			"z" : 0.053171676976597006
		},
		"parent_frame_id" : "linear_groundtruth_frame_id",
		"position" : 
		{
			"x" : 0.0035100026056089297,
			"y" : 0.17191469979942453,
			"z" : 0.026040861244273808
		}
	},
	"candidate_10" : 
	{
		"gripper" : 5,
		"method" : 3,
		"orientation" : 
		{
			"w" : 0.060460307148483924,
			"x" : 0.99692171612037539,
			"y" : 0.039039559564665503,
			"z" : 0.031105561819604867
		},
		"parent_frame_id" : "linear_groundtruth_frame_id",
		"position" : 
		{
			"x" : 0.0040957668625592747,
			"y" : 0.072334085037368906,
			"z" : 0.025242550179453899
		}
	},
	"candidate_2" : 
	{
		"gripper" : 5,
		"method" : 3,
		"orientation" : 
		{
			"w" : 0.022968983384536009,
			"x" : 0.99706946641650684,
			"y" : 0.032042622389922726,
			"z" : 0.06556047050288695
		},
		"parent_frame_id" : "linear_groundtruth_frame_id",
		"position" : 
		{
			"x" : 0.0041929441745602609,
			"y" : 0.15830364475674924,
			"z" : 0.025704472710855429
		}
	},
	"candidate_3" : 
	{
		"gripper" : 5,
		"method" : 3,
		"orientation" : 
		{
			"w" : 0.015977547418522229,
			"x" : 0.99762094076092689,
			"y" : 0.042807751195699302,
			"z" : 0.051620470468014483
		},
		"parent_frame_id" : "linear_groundtruth_frame_id",
		"position" : 
		{
			"x" : 0.0022554403230945342,
			"y" : 0.14885161533528674,
			"z" : 0.025662432118835614
		}
	},
	"candidate_4" : 
	{
		"gripper" : 5,
		"method" : 3,
		"orientation" : 
		{
			"w" : 0.02932131167052468,
			"x" : 0.99733334396894813,
			"y" : 0.044303040859607179,
			"z" : 0.050037008905685729
		},
		"parent_frame_id" : "linear_groundtruth_frame_id",
		"position" : 
		{
			"x" : 0.0026813352584782462,
			"y" : 0.13796316825642441,
			"z" : 0.025379480462743534
		}
	},
	"candidate_5" : 
	{
		"gripper" : 5,
		"method" : 3,
		"orientation" : 
		{
			"w" : 0.024948248827783476,
			"x" : 0.99795335545771602,
			"y" : 0.031303212319385564,
			"z" : 0.049867766238320427
		},
		"parent_frame_id" : "linear_groundtruth_frame_id",
		"position" : 
		{
			"x" : 0.0028847144953539337,
			"y" : 0.12853720052929207,
			"z" : 0.025662418519534911
		}
	},
	"candidate_6" : 
	{
		"gripper" : 5,
		"method" : 3,
		"orientation" : 
		{
			"w" : 0.025849570685464878,
			"x" : 0.99732933303373328,
			"y" : 0.040799433189722567,
			"z" : 0.054785102147052352
		},
		"parent_frame_id" : "linear_groundtruth_frame_id",
		"position" : 
		{
			"x" : 0.0032571238770289783,
			"y" : 0.11732316532957415,
			"z" : 0.025471141959971869
		}
	},
	"candidate_7" : 
	{
		"gripper" : 5,
		"method" : 3,
		"orientation" : 
		{
			"w" : 0.026974313618926167,
			"x" : 0.99815848232230042,
			"y" : 0.02722644188765205,
			"z" : 0.047018628595143865
		},
		"parent_frame_id" : "linear_groundtruth_frame_id",
		"position" : 
		{
			"x" : 0.0029606750609091782,
			"y" : 0.10732698121811757,
			"z" : 0.025481103662370195
		}
	},
	"candidate_8" : 
	{
		"gripper" : 5,
		"method" : 3,
		"orientation" : 
		{
			"w" : 0.015066731142406866,
			"x" : 0.99778164610029629,
			"y" : 0.03865679537393326,
			"z" : 0.052061814120171232
		},
		"parent_frame_id" : "linear_groundtruth_frame_id",
		"position" : 
		{
			"x" : 0.002141805050942022,
			"y" : 0.099291549349994512,
			"z" : 0.025499307094704833
		}
	},
	"candidate_9" : 
	{
		"gripper" : 5,
		"method" : 3,
		"orientation" : 
		{
			"w" : 0.013770315103087613,
			"x" : 0.99746578827427779,
			"y" : 0.049787421095275113,
			"z" : 0.048924353291760612
		},
		"parent_frame_id" : "linear_groundtruth_frame_id",
		"position" : 
		{
			"x" : 0.0021143933519339702,
			"y" : 0.090179840856837501,
			"z" : 0.025522498596321004
		}
	}
}
