{
	"object_pose_0" : 
	{
		"orientation" : 
		{
			"w" : 0.11093712705858302,
			"x" : 0.30760964152687403,
			"y" : 0.90603306965819019,
			"z" : -0.26865184687845411
		},
		"parent_frame_id" : "camera_link",
		"position" : 
		{
			"x" : -0.0035552822179451167,
			"y" : -0.010924399417794106,
			"z" : 0.58074727329662079
		}
	}
}
