{
	"candidate_0" : 
	{
		"gripper" : 5,
		"method" : 3,
		"orientation" : 
		{
			"w" : 0.060111630993105389,
			"x" : 0.78501662478093792,
			"y" : -0.61654510248512384,
			"z" : 0.0027617455532681842
		},
		"parent_frame_id" : "6dmimic_base",
		"position" : 
		{
			"x" : 0.073240899999999998,
			"y" : 1.5885491,
			"z" : 0.076984800000000006
		}
	},
	"candidate_1" : 
	{
		"gripper" : 5,
		"method" : 3,
		"orientation" : 
		{
			"w" : 0.051426138544827749,
			"x" : 0.78352217059554075,
			"y" : -0.6190379081195243,
			"z" : 0.015505765721953179
		},
		"parent_frame_id" : "6dmimic_base",
		"position" : 
		{
			"x" : 0.069361699999999998,
			"y" : 1.5876075999999999,
			"z" : 0.078054700000000005
		}
	},
	"candidate_10" : 
	{
		"gripper" : 5,
		"method" : 3,
		"orientation" : 
		{
			"w" : 0.066507397512582334,
			"x" : 0.78750158565795236,
			"y" : -0.61215561917317329,
			"z" : -0.026144149957930234
		},
		"parent_frame_id" : "6dmimic_base",
		"position" : 
		{
			"x" : -0.028693199999999999,
			"y" : 1.5702284,
			"z" : 0.078752100000000005
		}
	},
	"candidate_2" : 
	{
		"gripper" : 5,
		"method" : 3,
		"orientation" : 
		{
			"w" : 0.060138119209357375,
			"x" : 0.7835062839580953,
			"y" : -0.61798677293468485,
			"z" : 0.024365099915897099
		},
		"parent_frame_id" : "6dmimic_base",
		"position" : 
		{
			"x" : 0.056057099999999999,
			"y" : 1.5846392,
			"z" : 0.077912300000000004
		}
	},
	"candidate_3" : 
	{
		"gripper" : 5,
		"method" : 3,
		"orientation" : 
		{
			"w" : 0.045689760810289769,
			"x" : 0.79071973265440598,
			"y" : -0.61019946243211953,
			"z" : 0.018203466581824264
		},
		"parent_frame_id" : "6dmimic_base",
		"position" : 
		{
			"x" : 0.046413500000000003,
			"y" : 1.5849593,
			"z" : 0.078044100000000005
		}
	},
	"candidate_4" : 
	{
		"gripper" : 5,
		"method" : 3,
		"orientation" : 
		{
			"w" : 0.054852266042562339,
			"x" : 0.79143757960260863,
			"y" : -0.60872600172869418,
			"z" : 0.0083929328698710039
		},
		"parent_frame_id" : "6dmimic_base",
		"position" : 
		{
			"x" : 0.035749599999999999,
			"y" : 1.5827039000000001,
			"z" : 0.077918200000000007
		}
	},
	"candidate_5" : 
	{
		"gripper" : 5,
		"method" : 3,
		"orientation" : 
		{
			"w" : 0.051543173569326528,
			"x" : 0.78353205983383889,
			"y" : -0.61911060587808964,
			"z" : 0.011084681330946325
		},
		"parent_frame_id" : "6dmimic_base",
		"position" : 
		{
			"x" : 0.026499399999999999,
			"y" : 1.5809078999999999,
			"z" : 0.0783417
		}
	},
	"candidate_6" : 
	{
		"gripper" : 5,
		"method" : 3,
		"orientation" : 
		{
			"w" : 0.055297728771000296,
			"x" : 0.7892301909157885,
			"y" : -0.61143637240984017,
			"z" : 0.014262869069446217
		},
		"parent_frame_id" : "6dmimic_base",
		"position" : 
		{
			"x" : 0.0155072,
			"y" : 1.5786492000000001,
			"z" : 0.078313599999999997
		}
	},
	"candidate_7" : 
	{
		"gripper" : 5,
		"method" : 3,
		"orientation" : 
		{
			"w" : 0.051299960446461748,
			"x" : 0.78102814437191759,
			"y" : -0.6223387937339796,
			"z" : 0.0076011558914295396
		},
		"parent_frame_id" : "6dmimic_base",
		"position" : 
		{
			"x" : 0.0056056999999999999,
			"y" : 1.5772546000000001,
			"z" : 0.078479699999999999
		}
	},
	"candidate_8" : 
	{
		"gripper" : 5,
		"method" : 3,
		"orientation" : 
		{
			"w" : 0.045323692373370153,
			"x" : 0.78817203843816974,
			"y" : -0.61348568306011908,
			"z" : 0.019128967931480355
		},
		"parent_frame_id" : "6dmimic_base",
		"position" : 
		{
			"x" : -0.0024516,
			"y" : 1.5767073,
			"z" : 0.0786327
		}
	},
	"candidate_9" : 
	{
		"gripper" : 5,
		"method" : 3,
		"orientation" : 
		{
			"w" : 0.042188027119947978,
			"x" : 0.79507262559425917,
			"y" : -0.60479025260842179,
			"z" : 0.017562481266014621
		},
		"parent_frame_id" : "6dmimic_base",
		"position" : 
		{
			"x" : -0.0114357,
			"y" : 1.5751959,
			"z" : 0.078794400000000001
		}
	}
}
