{
	"candidate_0" : 
	{
		"gripper" : 5,
		"method" : 3,
		"orientation" : 
		{
			"w" : 0.043665139054946955,
			"x" : 0.99771363778990285,
			"y" : 0.028099052170484615,
			"z" : 0.043258477394274353
		},
		"parent_frame_id" : "linear_groundtruth_frame_id",
		"position" : 
		{
			"x" : 0.052129268688839048,
			"y" : 0.057952599062714716,
			"z" : 0.021437556968579914
		}
	},
	"candidate_1" : 
	{
		"gripper" : 5,
		"method" : 3,
		"orientation" : 
		{
			"w" : 0.045415916886230707,
			"x" : 0.99745551331570625,
			"y" : 0.02177198945917027,
			"z" : 0.050456653916739959
		},
		"parent_frame_id" : "linear_groundtruth_frame_id",
		"position" : 
		{
			"x" : 0.046394179928985313,
			"y" : 0.050526873365198344,
			"z" : 0.036334155848587575
		}
	},
	"candidate_2" : 
	{
		"gripper" : 5,
		"method" : 3,
		"orientation" : 
		{
			"w" : 0.039175771822765354,
			"x" : 0.99713335189391883,
			"y" : 0.044960577554214953,
			"z" : 0.046571277724367303
		},
		"parent_frame_id" : "linear_groundtruth_frame_id",
		"position" : 
		{
			"x" : 0.040831076290521517,
			"y" : 0.048280247490770256,
			"z" : 0.051250312348774175
		}
	},
	"candidate_3" : 
	{
		"gripper" : 5,
		"method" : 3,
		"orientation" : 
		{
			"w" : 0.045355492919594821,
			"x" : 0.99661949438315067,
			"y" : 0.047038468169465074,
			"z" : 0.049798044035523369
		},
		"parent_frame_id" : "linear_groundtruth_frame_id",
		"position" : 
		{
			"x" : 0.034399220356222004,
			"y" : 0.039923117482762172,
			"z" : 0.066121464716014128
		}
	},
	"candidate_4" : 
	{
		"gripper" : 5,
		"method" : 3,
		"orientation" : 
		{
			"w" : 0.041887738149327218,
			"x" : 0.99700635643740421,
			"y" : 0.048858951428316859,
			"z" : 0.04285493532220546
		},
		"parent_frame_id" : "linear_groundtruth_frame_id",
		"position" : 
		{
			"x" : 0.027485621045015174,
			"y" : 0.030318002480386852,
			"z" : 0.080734778795483769
		}
	},
	"candidate_5" : 
	{
		"gripper" : 5,
		"method" : 3,
		"orientation" : 
		{
			"w" : 0.047720988887573944,
			"x" : 0.99685003075687417,
			"y" : 0.04091856729163449,
			"z" : 0.048356946247783507
		},
		"parent_frame_id" : "linear_groundtruth_frame_id",
		"position" : 
		{
			"x" : 0.023021208667286519,
			"y" : 0.025085302905023865,
			"z" : 0.095913858204841301
		}
	},
	"candidate_6" : 
	{
		"gripper" : 5,
		"method" : 3,
		"orientation" : 
		{
			"w" : 0.046796285250603038,
			"x" : 0.99691661506764029,
			"y" : 0.043640238937001939,
			"z" : 0.045419157129386149
		},
		"parent_frame_id" : "linear_groundtruth_frame_id",
		"position" : 
		{
			"x" : 0.015481368714367116,
			"y" : 0.019290002100607662,
			"z" : 0.11122704957048046
		}
	},
	"candidate_7" : 
	{
		"gripper" : 5,
		"method" : 3,
		"orientation" : 
		{
			"w" : 0.045632069636183485,
			"x" : 0.99696233180300797,
			"y" : 0.050788864815136371,
			"z" : 0.037474183078716972
		},
		"parent_frame_id" : "linear_groundtruth_frame_id",
		"position" : 
		{
			"x" : 0.010335377100989973,
			"y" : 0.010858001860676314,
			"z" : 0.12602847635741066
		}
	},
	"candidate_8" : 
	{
		"gripper" : 5,
		"method" : 3,
		"orientation" : 
		{
			"w" : 0.023666831330123206,
			"x" : 0.99704434717740398,
			"y" : 0.054866157438133792,
			"z" : 0.048292397169220902
		},
		"parent_frame_id" : "linear_groundtruth_frame_id",
		"position" : 
		{
			"x" : 0.0037362317805835765,
			"y" : 0.012691735762082434,
			"z" : 0.14145781601499136
		}
	},
	"candidate_9" : 
	{
		"gripper" : 5,
		"method" : 3,
		"orientation" : 
		{
			"w" : 0.023848743116117767,
			"x" : 0.99762182218190443,
			"y" : 0.048406562400849382,
			"z" : 0.042880555905569467
		},
		"parent_frame_id" : "linear_groundtruth_frame_id",
		"position" : 
		{
			"x" : -0.0016122696046554363,
			"y" : 0.003440438417267988,
			"z" : 0.15699903519592845
		}
	}
}
