{
	"object_pose_0" : 
	{
		"orientation" : 
		{
			"w" : 0.12540752205753924,
			"x" : 0.35581259088756928,
			"y" : 0.88800573254283632,
			"z" : -0.26290060860121178
		},
		"parent_frame_id" : "camera_link",
		"position" : 
		{
			"x" : 0.0047196662541482519,
			"y" : 0.022739381392601454,
			"z" : 0.55940189644721561
		}
	}
}
