{
	"candidate_0" : 
	{
		"gripper" : 5,
		"method" : 3,
		"orientation" : 
		{
			"w" : 0.060549931625975092,
			"x" : 0.81349355815326452,
			"y" : -0.57840946567662233,
			"z" : -0.0021039579167011074
		},
		"parent_frame_id" : "6dmimic_base",
		"position" : 
		{
			"x" : 0.0088225999999999999,
			"y" : 1.5133787999999999,
			"z" : 0.081836500000000006
		}
	},
	"candidate_1" : 
	{
		"gripper" : 5,
		"method" : 3,
		"orientation" : 
		{
			"w" : 0.0663503540115635,
			"x" : 0.80954904263019056,
			"y" : -0.58328491026174734,
			"z" : 0.0025868049844207097
		},
		"parent_frame_id" : "6dmimic_base",
		"position" : 
		{
			"x" : 0.00035720000000000001,
			"y" : 1.5166755999999999,
			"z" : 0.096916600000000006
		}
	},
	"candidate_2" : 
	{
		"gripper" : 5,
		"method" : 3,
		"orientation" : 
		{
			"w" : 0.058790024656991624,
			"x" : 0.82322614280976569,
			"y" : -0.56465199375679942,
			"z" : 0.0032521903168301822
		},
		"parent_frame_id" : "6dmimic_base",
		"position" : 
		{
			"x" : -0.0030798000000000002,
			"y" : 1.5212238,
			"z" : 0.11194949999999999
		}
	},
	"candidate_3" : 
	{
		"gripper" : 5,
		"method" : 3,
		"orientation" : 
		{
			"w" : 0.065644233041693006,
			"x" : 0.82410215543982857,
			"y" : -0.56262067842633123,
			"z" : 0.0021081448933471282
		},
		"parent_frame_id" : "6dmimic_base",
		"position" : 
		{
			"x" : -0.0126319,
			"y" : 1.5249362,
			"z" : 0.12702720000000001
		}
	},
	"candidate_4" : 
	{
		"gripper" : 5,
		"method" : 3,
		"orientation" : 
		{
			"w" : 0.058674047422940148,
			"x" : 0.82543598731802548,
			"y" : -0.56143652828366719,
			"z" : -0.0013459970691249504
		},
		"parent_frame_id" : "6dmimic_base",
		"position" : 
		{
			"x" : -0.023520200000000002,
			"y" : 1.5287736999999999,
			"z" : 0.14187050000000001
		}
	},
	"candidate_5" : 
	{
		"gripper" : 5,
		"method" : 3,
		"orientation" : 
		{
			"w" : 0.066726468828096699,
			"x" : 0.82058319024662796,
			"y" : -0.56761834465875738,
			"z" : -0.00047015875117866271
		},
		"parent_frame_id" : "6dmimic_base",
		"position" : 
		{
			"x" : -0.029524399999999999,
			"y" : 1.5314449000000001,
			"z" : 0.15718489999999999
		}
	},
	"candidate_6" : 
	{
		"gripper" : 5,
		"method" : 3,
		"orientation" : 
		{
			"w" : 0.064190013775531601,
			"x" : 0.82224613404539526,
			"y" : -0.56549610141952467,
			"z" : -0.0022575336581380639
		},
		"parent_frame_id" : "6dmimic_base",
		"position" : 
		{
			"x" : -0.036908299999999998,
			"y" : 1.5369183,
			"z" : 0.17269129999999999
		}
	},
	"candidate_7" : 
	{
		"gripper" : 5,
		"method" : 3,
		"orientation" : 
		{
			"w" : 0.058399093679023788,
			"x" : 0.82650860898053469,
			"y" : -0.5598309809826153,
			"z" : -0.0078954335265796448
		},
		"parent_frame_id" : "6dmimic_base",
		"position" : 
		{
			"x" : -0.046182000000000001,
			"y" : 1.5393744,
			"z" : 0.18767890000000001
		}
	},
	"candidate_8" : 
	{
		"gripper" : 5,
		"method" : 3,
		"orientation" : 
		{
			"w" : 0.047349824091649437,
			"x" : 0.82914145456915023,
			"y" : -0.55685471845690904,
			"z" : 0.013973725549052074
		},
		"parent_frame_id" : "6dmimic_base",
		"position" : 
		{
			"x" : -0.045969500000000003,
			"y" : 1.5460290000000001,
			"z" : 0.2031917
		}
	},
	"candidate_9" : 
	{
		"gripper" : 5,
		"method" : 3,
		"orientation" : 
		{
			"w" : 0.044300194430831372,
			"x" : 0.82565342231774397,
			"y" : -0.56235479844246683,
			"z" : 0.0095393740423659022
		},
		"parent_frame_id" : "6dmimic_base",
		"position" : 
		{
			"x" : -0.056074400000000003,
			"y" : 1.5484464,
			"z" : 0.2189324
		}
	}
}
