{
	"candidate_0" : 
	{
		"gripper" : 5,
		"method" : 3,
		"orientation" : 
		{
			"w" : -0.0074770572097467014,
			"x" : 0.69496195696734531,
			"y" : 0.71756326752725863,
			"z" : 0.045551389432195652
		},
		"parent_frame_id" : "angular_groundtruth_frame_id",
		"position" : 
		{
			"x" : 0.0019499045477279001,
			"y" : -0.0001490384704864651,
			"z" : 0.09677789633806276
		}
	},
	"candidate_1" : 
	{
		"gripper" : 5,
		"method" : 3,
		"orientation" : 
		{
			"w" : 0.002447015575582797,
			"x" : 0.71103091550243425,
			"y" : 0.70229975288457258,
			"z" : 0.034700236495030803
		},
		"parent_frame_id" : "angular_groundtruth_frame_id",
		"position" : 
		{
			"x" : 0.0040091789151554674,
			"y" : -0.00063725747007687978,
			"z" : 0.097288653798547342
		}
	},
	"candidate_2" : 
	{
		"gripper" : 5,
		"method" : 3,
		"orientation" : 
		{
			"w" : 0.0069972787457724082,
			"x" : 0.70897647427717703,
			"y" : 0.70389098084997415,
			"z" : 0.042905525165395052
		},
		"parent_frame_id" : "angular_groundtruth_frame_id",
		"position" : 
		{
			"x" : 0.0064191106582946137,
			"y" : -0.0012620669789690083,
			"z" : 0.097018945071244464
		}
	},
	"candidate_3" : 
	{
		"gripper" : 5,
		"method" : 3,
		"orientation" : 
		{
			"w" : 0.0054776743641911686,
			"x" : 0.70064554426373171,
			"y" : 0.7123581752358239,
			"z" : 0.040145318053619018
		},
		"parent_frame_id" : "angular_groundtruth_frame_id",
		"position" : 
		{
			"x" : 0.0059099403997435532,
			"y" : -0.0012767513782496361,
			"z" : 0.09684242724001281
		}
	},
	"candidate_4" : 
	{
		"gripper" : 5,
		"method" : 3,
		"orientation" : 
		{
			"w" : 0.0024203349285817286,
			"x" : 0.69953411002603838,
			"y" : 0.71341541010349596,
			"z" : 0.041044165429114529
		},
		"parent_frame_id" : "angular_groundtruth_frame_id",
		"position" : 
		{
			"x" : 0.0054420807465038572,
			"y" : -0.0011266695736281466,
			"z" : 0.096864158567395803
		}
	},
	"candidate_5" : 
	{
		"gripper" : 5,
		"method" : 3,
		"orientation" : 
		{
			"w" : 0.0041969853039207743,
			"x" : 0.6995795506231437,
			"y" : 0.71318046089450993,
			"z" : 0.044096120720235187
		},
		"parent_frame_id" : "angular_groundtruth_frame_id",
		"position" : 
		{
			"x" : 0.0054171837578417814,
			"y" : -0.0014764466951273356,
			"z" : 0.096626788713071426
		}
	},
	"candidate_6" : 
	{
		"gripper" : 5,
		"method" : 3,
		"orientation" : 
		{
			"w" : -0.0016804496602975255,
			"x" : 0.69457789282229099,
			"y" : 0.71811449915691761,
			"z" : 0.043246884189437507
		},
		"parent_frame_id" : "angular_groundtruth_frame_id",
		"position" : 
		{
			"x" : 0.0054952451981480598,
			"y" : -0.0029745505070124171,
			"z" : 0.096755726662696079
		}
	},
	"candidate_7" : 
	{
		"gripper" : 5,
		"method" : 3,
		"orientation" : 
		{
			"w" : -0.0045163566346000106,
			"x" : 0.69281595529424644,
			"y" : 0.71961311633407232,
			"z" : 0.04628841553169441
		},
		"parent_frame_id" : "angular_groundtruth_frame_id",
		"position" : 
		{
			"x" : 0.0033225484015398654,
			"y" : -0.002538055006168433,
			"z" : 0.096809818575452664
		}
	},
	"candidate_8" : 
	{
		"gripper" : 5,
		"method" : 3,
		"orientation" : 
		{
			"w" : -0.0027745919782022552,
			"x" : 0.69849479793536595,
			"y" : 0.71448534848133338,
			"z" : 0.040099946410120421
		},
		"parent_frame_id" : "angular_groundtruth_frame_id",
		"position" : 
		{
			"x" : 0.003041334825485451,
			"y" : -0.0015133176058923208,
			"z" : 0.097063157938154523
		}
	},
	"candidate_9" : 
	{
		"gripper" : 5,
		"method" : 3,
		"orientation" : 
		{
			"w" : -0.014447886337587042,
			"x" : 0.69795780248720218,
			"y" : 0.71480198907705306,
			"z" : 0.041282937626828498
		},
		"parent_frame_id" : "angular_groundtruth_frame_id",
		"position" : 
		{
			"x" : -0.0027709001607512693,
			"y" : 0.0021409383437859721,
			"z" : 0.097020568034963978
		}
	}
}
