{
	"candidate_0" : 
	{
		"gripper" : 5,
		"method" : 3,
		"orientation" : 
		{
			"w" : -0.02470677979612277,
			"x" : 0.67996694747872599,
			"y" : 0.72873714993504224,
			"z" : 0.07730906591804905
		},
		"parent_frame_id" : "angular_groundtruth_frame_id",
		"position" : 
		{
			"x" : -0.002221878830551781,
			"y" : -0.0040100231118561759,
			"z" : 0.094304075021497041
		}
	},
	"candidate_1" : 
	{
		"gripper" : 5,
		"method" : 3,
		"orientation" : 
		{
			"w" : -0.017818993187233428,
			"x" : 0.67781642715351353,
			"y" : 0.73112719203247234,
			"z" : 0.075501017432558132
		},
		"parent_frame_id" : "angular_groundtruth_frame_id",
		"position" : 
		{
			"x" : -1.9930174053207645e-05,
			"y" : -0.0051254084516129533,
			"z" : 0.093897528832050769
		}
	},
	"candidate_10" : 
	{
		"gripper" : 5,
		"method" : 3,
		"orientation" : 
		{
			"w" : 0.044663836268832142,
			"x" : 0.019360709048511091,
			"y" : -0.99583615475952503,
			"z" : -0.077075661195045261
		},
		"parent_frame_id" : "angular_groundtruth_frame_id",
		"position" : 
		{
			"x" : 0.016500246634580076,
			"y" : -0.0024533568850855321,
			"z" : 0.095238474024821246
		}
	},
	"candidate_11" : 
	{
		"gripper" : 5,
		"method" : 3,
		"orientation" : 
		{
			"w" : 0.033937086520393366,
			"x" : 0.015015246648615706,
			"y" : -0.99649798599215134,
			"z" : -0.074930504069936454
		},
		"parent_frame_id" : "angular_groundtruth_frame_id",
		"position" : 
		{
			"x" : 0.020063441296041332,
			"y" : -0.0031407639198319892,
			"z" : 0.094914282404236619
		}
	},
	"candidate_12" : 
	{
		"gripper" : 5,
		"method" : 3,
		"orientation" : 
		{
			"w" : 0.026763424717021624,
			"x" : 0.0077788818991019236,
			"y" : -0.99642837908610349,
			"z" : -0.079710058622840391
		},
		"parent_frame_id" : "angular_groundtruth_frame_id",
		"position" : 
		{
			"x" : 0.019049188958469312,
			"y" : -0.0025350618900033079,
			"z" : 0.094922565915510557
		}
	},
	"candidate_13" : 
	{
		"gripper" : 5,
		"method" : 3,
		"orientation" : 
		{
			"w" : 0.048935517894977701,
			"x" : 0.25520639396246109,
			"y" : -0.9627529939601015,
			"z" : -0.074710669853027004
		},
		"parent_frame_id" : "angular_groundtruth_frame_id",
		"position" : 
		{
			"x" : 0.016578728685102091,
			"y" : 0.0050978052637640752,
			"z" : 0.095874182660640184
		}
	},
	"candidate_14" : 
	{
		"gripper" : 5,
		"method" : 3,
		"orientation" : 
		{
			"w" : 0.038187394888180404,
			"x" : 0.25703113411369172,
			"y" : -0.9631601626682178,
			"z" : -0.069276403030295475
		},
		"parent_frame_id" : "angular_groundtruth_frame_id",
		"position" : 
		{
			"x" : 0.013955052250232717,
			"y" : 0.0085901219085691965,
			"z" : 0.096597534956863268
		}
	},
	"candidate_15" : 
	{
		"gripper" : 5,
		"method" : 3,
		"orientation" : 
		{
			"w" : 0.036136642391156749,
			"x" : 0.2471835599831024,
			"y" : -0.96639246755367836,
			"z" : -0.06066324592606593
		},
		"parent_frame_id" : "angular_groundtruth_frame_id",
		"position" : 
		{
			"x" : 0.014455332083124902,
			"y" : 0.0085994961331925523,
			"z" : 0.096429918514390506
		}
	},
	"candidate_2" : 
	{
		"gripper" : 5,
		"method" : 3,
		"orientation" : 
		{
			"w" : -0.021245046711314913,
			"x" : 0.6799430149502742,
			"y" : 0.72976230830229294,
			"z" : 0.068360206201227791
		},
		"parent_frame_id" : "angular_groundtruth_frame_id",
		"position" : 
		{
			"x" : -0.0018592031718165469,
			"y" : -0.0037947065866360185,
			"z" : 0.094563654273528808
		}
	},
	"candidate_3" : 
	{
		"gripper" : 5,
		"method" : 3,
		"orientation" : 
		{
			"w" : -0.014317616050266928,
			"x" : 0.67703015474263617,
			"y" : 0.73151416361769905,
			"z" : 0.079449379270685933
		},
		"parent_frame_id" : "angular_groundtruth_frame_id",
		"position" : 
		{
			"x" : 0.0032085460132198658,
			"y" : -0.0068221554854433885,
			"z" : 0.094495766573316681
		}
	},
	"candidate_4" : 
	{
		"gripper" : 5,
		"method" : 3,
		"orientation" : 
		{
			"w" : -0.02601504574498241,
			"x" : 0.43603740982674111,
			"y" : 0.8966202453127422,
			"z" : 0.072572242088771055
		},
		"parent_frame_id" : "angular_groundtruth_frame_id",
		"position" : 
		{
			"x" : 0.0080854703723412628,
			"y" : -0.010600889327019273,
			"z" : 0.095840624048614445
		}
	},
	"candidate_5" : 
	{
		"gripper" : 5,
		"method" : 3,
		"orientation" : 
		{
			"w" : -0.022168244936297321,
			"x" : 0.42492419928757236,
			"y" : 0.90137527242461069,
			"z" : 0.080440114605329072
		},
		"parent_frame_id" : "angular_groundtruth_frame_id",
		"position" : 
		{
			"x" : 0.011811422144811078,
			"y" : -0.011633876791422493,
			"z" : 0.095387078494210853
		}
	},
	"candidate_6" : 
	{
		"gripper" : 5,
		"method" : 3,
		"orientation" : 
		{
			"w" : -0.021937600655294116,
			"x" : 0.43077687166656803,
			"y" : 0.89897850699119586,
			"z" : 0.076076753890622267
		},
		"parent_frame_id" : "angular_groundtruth_frame_id",
		"position" : 
		{
			"x" : 0.010233172216299991,
			"y" : -0.011622126785262123,
			"z" : 0.095635880541131382
		}
	},
	"candidate_7" : 
	{
		"gripper" : 5,
		"method" : 3,
		"orientation" : 
		{
			"w" : -0.034618012135789786,
			"x" : 0.20329604887963926,
			"y" : 0.9761206112462868,
			"z" : 0.068270506412863988
		},
		"parent_frame_id" : "angular_groundtruth_frame_id",
		"position" : 
		{
			"x" : 0.01559084836735402,
			"y" : -0.00875959551640813,
			"z" : 0.095108832554217565
		}
	},
	"candidate_8" : 
	{
		"gripper" : 5,
		"method" : 3,
		"orientation" : 
		{
			"w" : -0.03264247389469551,
			"x" : 0.20587992832975252,
			"y" : 0.97550085493657634,
			"z" : 0.070327846739246122
		},
		"parent_frame_id" : "angular_groundtruth_frame_id",
		"position" : 
		{
			"x" : 0.013185892657778616,
			"y" : -0.0081369130795409458,
			"z" : 0.095233752321033482
		}
	},
	"candidate_9" : 
	{
		"gripper" : 5,
		"method" : 3,
		"orientation" : 
		{
			"w" : -0.031130855393307108,
			"x" : 0.20454559886118934,
			"y" : 0.97612939196734994,
			"z" : 0.066055870037797337
		},
		"parent_frame_id" : "angular_groundtruth_frame_id",
		"position" : 
		{
			"x" : 0.013493644395583492,
			"y" : -0.0088119501306225916,
			"z" : 0.095178727527247584
		}
	}
}
