Name, Parent Frame, X, Y, Z, Roll, Pitch, Yaw, qX, qY, qZ, qW
object_pose_0,camera_link,-0.0327803,-0.0452094,0.549103,-2.68751,-0.344204,-2.53207,-0.324817,0.90414,-0.26162,-0.0926243
