{
	"object_pose_0" : 
	{
		"orientation" : 
		{
			"w" : -0.092624343784304591,
			"x" : -0.32481676542345433,
			"y" : 0.90414023465941973,
			"z" : -0.26161957502771133
		},
		"parent_frame_id" : "camera_link",
		"position" : 
		{
			"x" : -0.032780275025488588,
			"y" : -0.045209354620046327,
			"z" : 0.54910289011878821
		}
	}
}
