{
	"object_pose_0" : 
	{
		"orientation" : 
		{
			"w" : -0.081770744051847241,
			"x" : -0.32797306385760899,
			"y" : 0.89982370279598856,
			"z" : -0.2757988627518374
		},
		"parent_frame_id" : "camera_link",
		"position" : 
		{
			"x" : -0.019876239986619814,
			"y" : 0.012347192852509126,
			"z" : 0.56454236292539917
		}
	}
}
