{
	"candidate_0" : 
	{
		"gripper" : 5,
		"method" : 3,
		"orientation" : 
		{
			"w" : 0.054469388883776948,
			"x" : 0.84767999179685893,
			"y" : -0.52751860872567513,
			"z" : 0.013994092683454973
		},
		"parent_frame_id" : "6dmimic_base",
		"position" : 
		{
			"x" : -0.1201923,
			"y" : 1.5414858,
			"z" : 0.19392599999999999
		}
	},
	"candidate_1" : 
	{
		"gripper" : 5,
		"method" : 3,
		"orientation" : 
		{
			"w" : 0.053931025151757267,
			"x" : 0.84951102290720681,
			"y" : -0.52476122632023348,
			"z" : 0.0069369904220988286
		},
		"parent_frame_id" : "6dmimic_base",
		"position" : 
		{
			"x" : -0.1226694,
			"y" : 1.5417128,
			"z" : 0.1935916
		}
	},
	"candidate_10" : 
	{
		"gripper" : 5,
		"method" : 3,
		"orientation" : 
		{
			"w" : 0.037677382860233963,
			"x" : 0.97576697044616423,
			"y" : 0.20913085272974516,
			"z" : 0.052187360956916985
		},
		"parent_frame_id" : "6dmimic_base",
		"position" : 
		{
			"x" : -0.13697690000000001,
			"y" : 1.5329177,
			"z" : 0.19481470000000001
		}
	},
	"candidate_11" : 
	{
		"gripper" : 5,
		"method" : 3,
		"orientation" : 
		{
			"w" : 0.037640334172640212,
			"x" : 0.97711120444966104,
			"y" : 0.20529480105735359,
			"z" : 0.041121089979795467
		},
		"parent_frame_id" : "6dmimic_base",
		"position" : 
		{
			"x" : -0.14055519999999999,
			"y" : 1.5322285,
			"z" : 0.1945403
		}
	},
	"candidate_12" : 
	{
		"gripper" : 5,
		"method" : 3,
		"orientation" : 
		{
			"w" : 0.043756969350151373,
			"x" : 0.97852028342865494,
			"y" : 0.1984267314707184,
			"z" : 0.034788141511762696
		},
		"parent_frame_id" : "6dmimic_base",
		"position" : 
		{
			"x" : -0.13938400000000001,
			"y" : 1.5320484000000001,
			"z" : 0.1945094
		}
	},
	"candidate_13" : 
	{
		"gripper" : 5,
		"method" : 3,
		"orientation" : 
		{
			"w" : 0.033858544733617962,
			"x" : 0.89805976557742295,
			"y" : 0.43400828347368542,
			"z" : 0.063079840486248318
		},
		"parent_frame_id" : "6dmimic_base",
		"position" : 
		{
			"x" : -0.13418389999999999,
			"y" : 1.5258381999999999,
			"z" : 0.19499469999999999
		}
	},
	"candidate_14" : 
	{
		"gripper" : 5,
		"method" : 3,
		"orientation" : 
		{
			"w" : 0.030563363432730719,
			"x" : 0.89787455723229814,
			"y" : 0.43615395643832522,
			"z" : 0.051544995623035661
		},
		"parent_frame_id" : "6dmimic_base",
		"position" : 
		{
			"x" : -0.1304099,
			"y" : 1.5235449000000001,
			"z" : 0.1955016
		}
	},
	"candidate_15" : 
	{
		"gripper" : 5,
		"method" : 3,
		"orientation" : 
		{
			"w" : 0.022481086398525175,
			"x" : 0.90266605918590337,
			"y" : 0.4271131663252018,
			"z" : 0.047570258563456785
		},
		"parent_frame_id" : "6dmimic_base",
		"position" : 
		{
			"x" : -0.1308754,
			"y" : 1.5233565,
			"z" : 0.19533429999999999
		}
	},
	"candidate_2" : 
	{
		"gripper" : 5,
		"method" : 3,
		"orientation" : 
		{
			"w" : 0.04632404030759045,
			"x" : 0.84839410456768072,
			"y" : -0.52725965225287696,
			"z" : 0.00887613263529545
		},
		"parent_frame_id" : "6dmimic_base",
		"position" : 
		{
			"x" : -0.12044150000000001,
			"y" : 1.5411345000000001,
			"z" : 0.19417400000000001
		}
	},
	"candidate_3" : 
	{
		"gripper" : 5,
		"method" : 3,
		"orientation" : 
		{
			"w" : 0.058458680232958138,
			"x" : 0.84983130427356346,
			"y" : -0.52378528320733797,
			"z" : 0.0042794950080278782
		},
		"parent_frame_id" : "6dmimic_base",
		"position" : 
		{
			"x" : -0.1262945,
			"y" : 1.5420368,
			"z" : 0.1943019
		}
	},
	"candidate_4" : 
	{
		"gripper" : 5,
		"method" : 3,
		"orientation" : 
		{
			"w" : 0.042935556868650637,
			"x" : 0.96547811137640971,
			"y" : -0.25611369085114388,
			"z" : 0.020355141071103151
		},
		"parent_frame_id" : "6dmimic_base",
		"position" : 
		{
			"x" : -0.13221830000000001,
			"y" : 1.5436312000000001,
			"z" : 0.1958906
		}
	},
	"candidate_5" : 
	{
		"gripper" : 5,
		"method" : 3,
		"orientation" : 
		{
			"w" : 0.051173878146251531,
			"x" : 0.9682162711684752,
			"y" : -0.24413225903090613,
			"z" : 0.018382778368705117
		},
		"parent_frame_id" : "6dmimic_base",
		"position" : 
		{
			"x" : -0.13608149999999999,
			"y" : 1.5432087000000001,
			"z" : 0.19550790000000001
		}
	},
	"candidate_6" : 
	{
		"gripper" : 5,
		"method" : 3,
		"orientation" : 
		{
			"w" : 0.047049074492945889,
			"x" : 0.96685738367300667,
			"y" : -0.25035684070182707,
			"z" : 0.01716498005083782
		},
		"parent_frame_id" : "6dmimic_base",
		"position" : 
		{
			"x" : -0.13460440000000001,
			"y" : 1.5437801,
			"z" : 0.1957526
		}
	},
	"candidate_7" : 
	{
		"gripper" : 5,
		"method" : 3,
		"orientation" : 
		{
			"w" : 0.033103027724063837,
			"x" : 0.99878254054025761,
			"y" : -0.012839077912717036,
			"z" : 0.034245939113997564
		},
		"parent_frame_id" : "6dmimic_base",
		"position" : 
		{
			"x" : -0.13851530000000001,
			"y" : 1.5391265999999999,
			"z" : 0.1950644
		}
	},
	"candidate_8" : 
	{
		"gripper" : 5,
		"method" : 3,
		"orientation" : 
		{
			"w" : 0.035536225727869589,
			"x" : 0.9987164865415108,
			"y" : -0.015420227995355409,
			"z" : 0.032630855639557289
		},
		"parent_frame_id" : "6dmimic_base",
		"position" : 
		{
			"x" : -0.13604260000000001,
			"y" : 1.5394494999999999,
			"z" : 0.19514590000000001
		}
	},
	"candidate_9" : 
	{
		"gripper" : 5,
		"method" : 3,
		"orientation" : 
		{
			"w" : 0.031607548936055843,
			"x" : 0.9989412723337332,
			"y" : -0.013976361937527885,
			"z" : 0.030363770936890213
		},
		"parent_frame_id" : "6dmimic_base",
		"position" : 
		{
			"x" : -0.1365847,
			"y" : 1.5399634,
			"z" : 0.19513240000000001
		}
	}
}
