{
	"candidate_0" : 
	{
		"gripper" : 5,
		"method" : 3,
		"orientation" : 
		{
			"w" : 0.04182613958633008,
			"x" : 0.83805865739703289,
			"y" : -0.54397084221207592,
			"z" : 0.0019959038735380026
		},
		"parent_frame_id" : "6dmimic_base",
		"position" : 
		{
			"x" : -0.081782599999999997,
			"y" : 1.5332197999999999,
			"z" : 0.15101980000000001
		}
	},
	"candidate_1" : 
	{
		"gripper" : 5,
		"method" : 3,
		"orientation" : 
		{
			"w" : 0.033393822012452813,
			"x" : 0.82595513454776315,
			"y" : -0.56265953754549747,
			"z" : -0.0098596741667151579
		},
		"parent_frame_id" : "6dmimic_base",
		"position" : 
		{
			"x" : -0.08387,
			"y" : 1.5328896000000001,
			"z" : 0.15157300000000001
		}
	},
	"candidate_2" : 
	{
		"gripper" : 5,
		"method" : 3,
		"orientation" : 
		{
			"w" : 0.042282924692324891,
			"x" : 0.82716991635771697,
			"y" : -0.56021397845359377,
			"z" : -0.012742923425457487
		},
		"parent_frame_id" : "6dmimic_base",
		"position" : 
		{
			"x" : -0.086352399999999996,
			"y" : 1.5325686999999999,
			"z" : 0.15135119999999999
		}
	},
	"candidate_3" : 
	{
		"gripper" : 5,
		"method" : 3,
		"orientation" : 
		{
			"w" : 0.039114900827480072,
			"x" : 0.83386446436826012,
			"y" : -0.5504558011932662,
			"z" : -0.011768199937562299
		},
		"parent_frame_id" : "6dmimic_base",
		"position" : 
		{
			"x" : -0.085888900000000004,
			"y" : 1.532778,
			"z" : 0.15116740000000001
		}
	},
	"candidate_4" : 
	{
		"gripper" : 5,
		"method" : 3,
		"orientation" : 
		{
			"w" : 0.039388768817243097,
			"x" : 0.83472635757338487,
			"y" : -0.54918720966617873,
			"z" : -0.008593113662002487
		},
		"parent_frame_id" : "6dmimic_base",
		"position" : 
		{
			"x" : -0.085396700000000006,
			"y" : 1.5328139000000001,
			"z" : 0.15117900000000001
		}
	},
	"candidate_5" : 
	{
		"gripper" : 5,
		"method" : 3,
		"orientation" : 
		{
			"w" : 0.042727562011470099,
			"x" : 0.83452139513821688,
			"y" : -0.54922977539183149,
			"z" : -0.009749375577869859
		},
		"parent_frame_id" : "6dmimic_base",
		"position" : 
		{
			"x" : -0.085511900000000002,
			"y" : 1.533155,
			"z" : 0.15094920000000001
		}
	},
	"candidate_6" : 
	{
		"gripper" : 5,
		"method" : 3,
		"orientation" : 
		{
			"w" : 0.040667413462010096,
			"x" : 0.83844801324833373,
			"y" : -0.54344639887512025,
			"z" : -0.0041354699727500846
		},
		"parent_frame_id" : "6dmimic_base",
		"position" : 
		{
			"x" : -0.086151500000000006,
			"y" : 1.5345257000000001,
			"z" : 0.15111720000000001
		}
	},
	"candidate_7" : 
	{
		"gripper" : 5,
		"method" : 3,
		"orientation" : 
		{
			"w" : 0.043075645841311155,
			"x" : 0.83963945973287279,
			"y" : -0.5414328060306397,
			"z" : -0.00076351072759277966
		},
		"parent_frame_id" : "6dmimic_base",
		"position" : 
		{
			"x" : -0.083965899999999996,
			"y" : 1.5349371000000001,
			"z" : 0.1511306
		}
	},
	"candidate_8" : 
	{
		"gripper" : 5,
		"method" : 3,
		"orientation" : 
		{
			"w" : 0.03744438320641541,
			"x" : 0.83561403908496212,
			"y" : -0.54802699849427972,
			"z" : -0.0036748839107509732
		},
		"parent_frame_id" : "6dmimic_base",
		"position" : 
		{
			"x" : -0.0833092,
			"y" : 1.5340795,
			"z" : 0.1513553
		}
	},
	"candidate_9" : 
	{
		"gripper" : 5,
		"method" : 3,
		"orientation" : 
		{
			"w" : 0.036357256171965377,
			"x" : 0.83594107112247173,
			"y" : -0.54755503038117914,
			"z" : 0.0080102583308414316
		},
		"parent_frame_id" : "6dmimic_base",
		"position" : 
		{
			"x" : -0.076520599999999994,
			"y" : 1.5328554999999999,
			"z" : 0.15114089999999999
		}
	}
}
