{
	"candidate_0" : 
	{
		"gripper" : 5,
		"method" : 3,
		"orientation" : 
		{
			"w" : 0.047622934574083925,
			"x" : 0.99701948992496137,
			"y" : 0.036064258746704617,
			"z" : 0.048821737508748256
		},
		"parent_frame_id" : "linear_groundtruth_frame_id",
		"position" : 
		{
			"x" : 0.00035131853823133774,
			"y" : 0.079883711485836506,
			"z" : 0.017676295816349837
		}
	},
	"candidate_1" : 
	{
		"gripper" : 5,
		"method" : 3,
		"orientation" : 
		{
			"w" : 0.035224188022414657,
			"x" : 0.99759690426939951,
			"y" : 0.045917180145270103,
			"z" : 0.038095744352602566
		},
		"parent_frame_id" : "linear_groundtruth_frame_id",
		"position" : 
		{
			"x" : 0.00016315192070437412,
			"y" : 0.088943056466636139,
			"z" : 0.017444101451841443
		}
	},
	"candidate_2" : 
	{
		"gripper" : 5,
		"method" : 3,
		"orientation" : 
		{
			"w" : 0.040440301305460315,
			"x" : 0.99755295388045295,
			"y" : 0.050777951427129785,
			"z" : 0.025967015299616366
		},
		"parent_frame_id" : "linear_groundtruth_frame_id",
		"position" : 
		{
			"x" : -0.0012111292641492355,
			"y" : 0.099864230580295366,
			"z" : 0.017309255858308122
		}
	},
	"candidate_3" : 
	{
		"gripper" : 5,
		"method" : 3,
		"orientation" : 
		{
			"w" : 0.038763354517933002,
			"x" : 0.99792305689519212,
			"y" : 0.045437459925228768,
			"z" : 0.024133215679132642
		},
		"parent_frame_id" : "linear_groundtruth_frame_id",
		"position" : 
		{
			"x" : -0.0022082750963097197,
			"y" : 0.10841579895042935,
			"z" : 0.017452432289083462
		}
	},
	"candidate_4" : 
	{
		"gripper" : 5,
		"method" : 3,
		"orientation" : 
		{
			"w" : 0.053167229953364294,
			"x" : 0.99787352693687315,
			"y" : 0.030661009262934375,
			"z" : 0.021944758112809565
		},
		"parent_frame_id" : "linear_groundtruth_frame_id",
		"position" : 
		{
			"x" : -0.0025784819185421526,
			"y" : 0.11508120521103515,
			"z" : 0.017353884839344975
		}
	},
	"candidate_5" : 
	{
		"gripper" : 5,
		"method" : 3,
		"orientation" : 
		{
			"w" : 0.040705050802951767,
			"x" : 0.99749648880777797,
			"y" : 0.047109810553741117,
			"z" : 0.033533854608055788
		},
		"parent_frame_id" : "linear_groundtruth_frame_id",
		"position" : 
		{
			"x" : -0.002290328205375225,
			"y" : 0.13058878854978168,
			"z" : 0.017275153146746512
		}
	},
	"candidate_6" : 
	{
		"gripper" : 5,
		"method" : 3,
		"orientation" : 
		{
			"w" : 0.048405492072965947,
			"x" : 0.99769988666290144,
			"y" : 0.036741198334859643,
			"z" : 0.030032130043108746
		},
		"parent_frame_id" : "linear_groundtruth_frame_id",
		"position" : 
		{
			"x" : -0.0012986482330319404,
			"y" : 0.1385201375384984,
			"z" : 0.017309058775129796
		}
	},
	"candidate_7" : 
	{
		"gripper" : 5,
		"method" : 3,
		"orientation" : 
		{
			"w" : 0.037400596899416085,
			"x" : 0.9977074353691685,
			"y" : 0.044805820145493315,
			"z" : 0.03425649196478988
		},
		"parent_frame_id" : "linear_groundtruth_frame_id",
		"position" : 
		{
			"x" : -0.0023447431997971613,
			"y" : 0.14958022483907346,
			"z" : 0.017406446475414429
		}
	},
	"candidate_8" : 
	{
		"gripper" : 5,
		"method" : 3,
		"orientation" : 
		{
			"w" : 0.043189338397840824,
			"x" : 0.99805267496381767,
			"y" : 0.040967672459011409,
			"z" : 0.018633004578327863
		},
		"parent_frame_id" : "linear_groundtruth_frame_id",
		"position" : 
		{
			"x" : -0.0021058085732645893,
			"y" : 0.15849044668328377,
			"z" : 0.01775231361927402
		}
	},
	"candidate_9" : 
	{
		"gripper" : 5,
		"method" : 3,
		"orientation" : 
		{
			"w" : 0.037872862980744611,
			"x" : 0.99823607947990722,
			"y" : 0.042735695264801483,
			"z" : 0.01624919150173602
		},
		"parent_frame_id" : "linear_groundtruth_frame_id",
		"position" : 
		{
			"x" : -0.0015635680665599949,
			"y" : 0.16835076623491224,
			"z" : 0.017781823323815747
		}
	}
}
