{
	"object_pose_0" : 
	{
		"orientation" : 
		{
			"w" : 0.12544714575943611,
			"x" : 0.35557924756924786,
			"y" : 0.88807621722990648,
			"z" : -0.26295891110458841
		},
		"parent_frame_id" : "camera_link",
		"position" : 
		{
			"x" : 0.0048556618616536207,
			"y" : 0.02285141019012793,
			"z" : 0.55931160144179515
		}
	}
}
