{
	"candidate_0" : 
	{
		"gripper" : 5,
		"method" : 3,
		"orientation" : 
		{
			"w" : 0.067059365845285324,
			"x" : 0.81766016449555878,
			"y" : -0.5717822106876369,
			"z" : 1.9765684795260141e-05
		},
		"parent_frame_id" : "6dmimic_base",
		"position" : 
		{
			"x" : 0.015897399999999999,
			"y" : 1.5692438,
			"z" : 0.078676599999999999
		}
	},
	"candidate_1" : 
	{
		"gripper" : 5,
		"method" : 3,
		"orientation" : 
		{
			"w" : 0.050600630842465445,
			"x" : 0.8239506445458783,
			"y" : -0.56439681869765301,
			"z" : -0.001068903524583862
		},
		"parent_frame_id" : "6dmimic_base",
		"position" : 
		{
			"x" : 0.0245563,
			"y" : 1.5719023999999999,
			"z" : 0.078335500000000002
		}
	},
	"candidate_2" : 
	{
		"gripper" : 5,
		"method" : 3,
		"orientation" : 
		{
			"w" : 0.047400523842237759,
			"x" : 0.82672148673560708,
			"y" : -0.56043899179119572,
			"z" : -0.013889211252512738
		},
		"parent_frame_id" : "6dmimic_base",
		"position" : 
		{
			"x" : 0.034683899999999997,
			"y" : 1.5762092999999999,
			"z" : 0.078088099999999994
		}
	},
	"candidate_3" : 
	{
		"gripper" : 5,
		"method" : 3,
		"orientation" : 
		{
			"w" : 0.045011924093873786,
			"x" : 0.82377850293872334,
			"y" : -0.56493992974019536,
			"z" : -0.014345053870452106
		},
		"parent_frame_id" : "6dmimic_base",
		"position" : 
		{
			"x" : 0.042639700000000003,
			"y" : 1.5795026999999999,
			"z" : 0.078141799999999997
		}
	},
	"candidate_4" : 
	{
		"gripper" : 5,
		"method" : 3,
		"orientation" : 
		{
			"w" : 0.055335481211998168,
			"x" : 0.81480866986380052,
			"y" : -0.57655102298698846,
			"z" : -0.024773653878225506
		},
		"parent_frame_id" : "6dmimic_base",
		"position" : 
		{
			"x" : 0.048948400000000003,
			"y" : 1.5816808,
			"z" : 0.077966900000000006
		}
	},
	"candidate_5" : 
	{
		"gripper" : 5,
		"method" : 3,
		"orientation" : 
		{
			"w" : 0.052210932146832159,
			"x" : 0.82454270981808431,
			"y" : -0.56332863890490914,
			"z" : -0.008011419334403632
		},
		"parent_frame_id" : "6dmimic_base",
		"position" : 
		{
			"x" : 0.063942299999999994,
			"y" : 1.5856408,
			"z" : 0.077691700000000002
		}
	},
	"candidate_6" : 
	{
		"gripper" : 5,
		"method" : 3,
		"orientation" : 
		{
			"w" : 0.056349636396280683,
			"x" : 0.81841844400021579,
			"y" : -0.57164437325943318,
			"z" : -0.015449256263738127
		},
		"parent_frame_id" : "6dmimic_base",
		"position" : 
		{
			"x" : 0.071842600000000006,
			"y" : 1.5868530999999999,
			"z" : 0.077611299999999994
		}
	},
	"candidate_7" : 
	{
		"gripper" : 5,
		"method" : 3,
		"orientation" : 
		{
			"w" : 0.050033903969685073,
			"x" : 0.82332948760825131,
			"y" : -0.56532779452456339,
			"z" : -0.005445000117502017
		},
		"parent_frame_id" : "6dmimic_base",
		"position" : 
		{
			"x" : 0.082197199999999998,
			"y" : 1.5908793999999999,
			"z" : 0.077589000000000005
		}
	},
	"candidate_8" : 
	{
		"gripper" : 5,
		"method" : 3,
		"orientation" : 
		{
			"w" : 0.045273038566928041,
			"x" : 0.82113094505177442,
			"y" : -0.56853869960689885,
			"z" : -0.021402572429351611
		},
		"parent_frame_id" : "6dmimic_base",
		"position" : 
		{
			"x" : 0.090838699999999994,
			"y" : 1.5930793000000001,
			"z" : 0.077820700000000007
		}
	},
	"candidate_9" : 
	{
		"gripper" : 5,
		"method" : 3,
		"orientation" : 
		{
			"w" : 0.039576391362039616,
			"x" : 0.82231868191368929,
			"y" : -0.56729325155904187,
			"z" : -0.0201012775231105
		},
		"parent_frame_id" : "6dmimic_base",
		"position" : 
		{
			"x" : 0.1004717,
			"y" : 1.5952508999999999,
			"z" : 0.077719399999999994
		}
	}
}
