{
	"candidate_0" : 
	{
		"gripper" : 5,
		"method" : 3,
		"orientation" : 
		{
			"w" : 0.016059514613153306,
			"x" : 0.55627580642217123,
			"y" : 0.82768516494123134,
			"z" : 0.072364265462722344
		},
		"parent_frame_id" : "angular_groundtruth_frame_id",
		"position" : 
		{
			"x" : 0.00084492536386414309,
			"y" : -0.0052454753040056751,
			"z" : 0.09670264466605473
		}
	},
	"candidate_1" : 
	{
		"gripper" : 5,
		"method" : 3,
		"orientation" : 
		{
			"w" : 0.025143005940218958,
			"x" : 0.57550330743552236,
			"y" : 0.81411948669417822,
			"z" : 0.0733023449002322
		},
		"parent_frame_id" : "angular_groundtruth_frame_id",
		"position" : 
		{
			"x" : 0.00022519823270357366,
			"y" : -0.0040863464653385292,
			"z" : 0.096269333903423487
		}
	},
	"candidate_2" : 
	{
		"gripper" : 5,
		"method" : 3,
		"orientation" : 
		{
			"w" : 0.025561991723377524,
			"x" : 0.58299797222730909,
			"y" : 0.80909523895177882,
			"z" : 0.069461091724386789
		},
		"parent_frame_id" : "angular_groundtruth_frame_id",
		"position" : 
		{
			"x" : -0.00108370585081035,
			"y" : -0.0045025331032256758,
			"z" : 0.096432809546151813
		}
	},
	"candidate_3" : 
	{
		"gripper" : 5,
		"method" : 3,
		"orientation" : 
		{
			"w" : 0.030003068921352662,
			"x" : 0.58275867272605764,
			"y" : 0.80901449811896486,
			"z" : 0.070623558754737206
		},
		"parent_frame_id" : "angular_groundtruth_frame_id",
		"position" : 
		{
			"x" : 0.0014806243050646886,
			"y" : -0.0044876708273950657,
			"z" : 0.096473289674652296
		}
	},
	"candidate_4" : 
	{
		"gripper" : 5,
		"method" : 3,
		"orientation" : 
		{
			"w" : 0.029944706533045699,
			"x" : 0.58051619649979536,
			"y" : 0.81039270831899946,
			"z" : 0.073266079842296647
		},
		"parent_frame_id" : "angular_groundtruth_frame_id",
		"position" : 
		{
			"x" : -9.8632793045611358e-05,
			"y" : -0.0036960563627541345,
			"z" : 0.096179998914428827
		}
	},
	"candidate_5" : 
	{
		"gripper" : 5,
		"method" : 3,
		"orientation" : 
		{
			"w" : 0.027704389760324442,
			"x" : 0.5832530431816193,
			"y" : 0.80847589417614163,
			"z" : 0.073587247152455001
		},
		"parent_frame_id" : "angular_groundtruth_frame_id",
		"position" : 
		{
			"x" : 0.0026387161595855598,
			"y" : -0.0053156974136660991,
			"z" : 0.096210831441001884
		}
	}
}
