{
	"object_pose_0" : 
	{
		"orientation" : 
		{
			"w" : -0.11485634486945827,
			"x" : -0.31749683164124121,
			"y" : 0.89836941081133559,
			"z" : -0.28095620463904675
		},
		"parent_frame_id" : "camera_link",
		"position" : 
		{
			"x" : -0.019580480683435555,
			"y" : 0.012102930734821715,
			"z" : 0.56455394080372723
		}
	}
}
