{
	"candidate_0" : 
	{
		"gripper" : 5,
		"method" : 3,
		"orientation" : 
		{
			"w" : 0.041165141722183593,
			"x" : 0.92055262895733991,
			"y" : -0.3884211689635596,
			"z" : 0.0041573943407687292
		},
		"parent_frame_id" : "6dmimic_base",
		"position" : 
		{
			"x" : -0.087932800000000005,
			"y" : 1.5353810999999999,
			"z" : 0.1512751
		}
	},
	"candidate_1" : 
	{
		"gripper" : 5,
		"method" : 3,
		"orientation" : 
		{
			"w" : 0.043700169796868062,
			"x" : 0.91116435824088648,
			"y" : -0.40968422154818362,
			"z" : -0.0053522000763336908
		},
		"parent_frame_id" : "6dmimic_base",
		"position" : 
		{
			"x" : -0.086899900000000002,
			"y" : 1.534554,
			"z" : 0.15083070000000001
		}
	},
	"candidate_2" : 
	{
		"gripper" : 5,
		"method" : 3,
		"orientation" : 
		{
			"w" : 0.03995739962299949,
			"x" : 0.90758930855257192,
			"y" : -0.41789814596523861,
			"z" : -0.0067965296474260389
		},
		"parent_frame_id" : "6dmimic_base",
		"position" : 
		{
			"x" : -0.085849499999999995,
			"y" : 1.535426,
			"z" : 0.15108289999999999
		}
	},
	"candidate_3" : 
	{
		"gripper" : 5,
		"method" : 3,
		"orientation" : 
		{
			"w" : 0.041955869026670228,
			"x" : 0.90759624126452665,
			"y" : -0.41759955031446444,
			"z" : -0.010926274473813126
		},
		"parent_frame_id" : "6dmimic_base",
		"position" : 
		{
			"x" : -0.088225700000000004,
			"y" : 1.5344462000000001,
			"z" : 0.150981
		}
	},
	"candidate_4" : 
	{
		"gripper" : 5,
		"method" : 3,
		"orientation" : 
		{
			"w" : 0.044556331522970255,
			"x" : 0.90858062085047975,
			"y" : -0.41519920090197016,
			"z" : -0.0102767848346456
		},
		"parent_frame_id" : "6dmimic_base",
		"position" : 
		{
			"x" : -0.086447300000000005,
			"y" : 1.5343156,
			"z" : 0.15074409999999999
		}
	},
	"candidate_5" : 
	{
		"gripper" : 5,
		"method" : 3,
		"orientation" : 
		{
			"w" : 0.044424049562770587,
			"x" : 0.90717986447925414,
			"y" : -0.41831223786756483,
			"z" : -0.0081282811268048923
		},
		"parent_frame_id" : "6dmimic_base",
		"position" : 
		{
			"x" : -0.089606500000000006,
			"y" : 1.5348004,
			"z" : 0.15068590000000001
		}
	}
}
