{
	"object_pose_0" : 
	{
		"orientation" : 
		{
			"w" : 0.47319022653438381,
			"x" : -0.54603418166422291,
			"y" : 0.66696509895144218,
			"z" : 0.18192488033972423
		},
		"parent_frame_id" : "camera_link",
		"position" : 
		{
			"x" : 0.0067364314739707665,
			"y" : 0.009050091321714665,
			"z" : 0.56689693080889847
		}
	}
}
