{
	"candidate_0" : 
	{
		"gripper" : 5,
		"method" : 3,
		"orientation" : 
		{
			"w" : 0.35134344640620219,
			"x" : 0.54643056610804874,
			"y" : -0.72656874424102402,
			"z" : 0.22376165663998579
		},
		"parent_frame_id" : "6dmimic_base",
		"position" : 
		{
			"x" : -0.0592033,
			"y" : 1.6018109,
			"z" : 0.049867399999999999
		}
	},
	"candidate_1" : 
	{
		"gripper" : 5,
		"method" : 3,
		"orientation" : 
		{
			"w" : 0.33871805059650995,
			"x" : 0.57791510296469206,
			"y" : -0.70247537210633826,
			"z" : 0.2404424412400421
		},
		"parent_frame_id" : "6dmimic_base",
		"position" : 
		{
			"x" : -0.060127,
			"y" : 1.5996816,
			"z" : 0.071195599999999998
		}
	},
	"candidate_2" : 
	{
		"gripper" : 5,
		"method" : 3,
		"orientation" : 
		{
			"w" : 0.34323193661293394,
			"x" : 0.56924732907627307,
			"y" : -0.71113448917401956,
			"z" : 0.22899138485032727
		},
		"parent_frame_id" : "6dmimic_base",
		"position" : 
		{
			"x" : -0.057162400000000002,
			"y" : 1.6002551,
			"z" : 0.091542700000000005
		}
	},
	"candidate_3" : 
	{
		"gripper" : 5,
		"method" : 3,
		"orientation" : 
		{
			"w" : 0.29858128358781183,
			"x" : 0.60268712480465125,
			"y" : -0.71649098250922627,
			"z" : 0.18508948827181099
		},
		"parent_frame_id" : "6dmimic_base",
		"position" : 
		{
			"x" : -0.058251999999999998,
			"y" : 1.6040262000000001,
			"z" : 0.1190908
		}
	},
	"candidate_4" : 
	{
		"gripper" : 5,
		"method" : 3,
		"orientation" : 
		{
			"w" : 0.32917186644389124,
			"x" : 0.59362353551812808,
			"y" : -0.71310763706065727,
			"z" : 0.17531251634315478
		},
		"parent_frame_id" : "6dmimic_base",
		"position" : 
		{
			"x" : -0.062535499999999994,
			"y" : 1.6037851000000001,
			"z" : 0.1372623
		}
	},
	"candidate_5" : 
	{
		"gripper" : 5,
		"method" : 3,
		"orientation" : 
		{
			"w" : 0.32254850559566206,
			"x" : 0.60196251770386167,
			"y" : -0.70931607832471888,
			"z" : 0.17456886849514283
		},
		"parent_frame_id" : "6dmimic_base",
		"position" : 
		{
			"x" : -0.061463200000000003,
			"y" : 1.6036592000000001,
			"z" : 0.1576225
		}
	}
}
