{
	"candidate_0" : 
	{
		"gripper" : 5,
		"method" : 3,
		"orientation" : 
		{
			"w" : 0.045197359194963836,
			"x" : 0.66118269899777682,
			"y" : -0.74573044776672714,
			"z" : -0.068415908540727904
		},
		"parent_frame_id" : "6dmimic_base",
		"position" : 
		{
			"x" : -0.072459300000000004,
			"y" : 1.5816185,
			"z" : 0.088532899999999998
		}
	},
	"candidate_1" : 
	{
		"gripper" : 5,
		"method" : 3,
		"orientation" : 
		{
			"w" : 0.071185757524491744,
			"x" : 0.65251601845607432,
			"y" : -0.75212850093615657,
			"z" : -0.0588060512483728
		},
		"parent_frame_id" : "6dmimic_base",
		"position" : 
		{
			"x" : -0.070738200000000001,
			"y" : 1.5643944000000001,
			"z" : 0.085287399999999999
		}
	},
	"candidate_2" : 
	{
		"gripper" : 5,
		"method" : 3,
		"orientation" : 
		{
			"w" : 0.065053573660389441,
			"x" : 0.66731500970305924,
			"y" : -0.73958504039715023,
			"z" : -0.058929435766551873
		},
		"parent_frame_id" : "6dmimic_base",
		"position" : 
		{
			"x" : -0.075775800000000004,
			"y" : 1.5438715000000001,
			"z" : 0.085306999999999994
		}
	},
	"candidate_3" : 
	{
		"gripper" : 5,
		"method" : 3,
		"orientation" : 
		{
			"w" : 0.062678339373421238,
			"x" : 0.65272900711428949,
			"y" : -0.75394722072459519,
			"z" : -0.03974742012561832
		},
		"parent_frame_id" : "6dmimic_base",
		"position" : 
		{
			"x" : -0.072266800000000006,
			"y" : 1.5246867,
			"z" : 0.083459000000000005
		}
	},
	"candidate_4" : 
	{
		"gripper" : 5,
		"method" : 3,
		"orientation" : 
		{
			"w" : 0.062335992885459407,
			"x" : 0.65706858647589983,
			"y" : -0.74952247056970511,
			"z" : -0.050903465192777261
		},
		"parent_frame_id" : "6dmimic_base",
		"position" : 
		{
			"x" : -0.075152899999999995,
			"y" : 1.5057768,
			"z" : 0.083870500000000001
		}
	},
	"candidate_5" : 
	{
		"gripper" : 5,
		"method" : 3,
		"orientation" : 
		{
			"w" : 0.053232007903951328,
			"x" : 0.66109150333904543,
			"y" : -0.74675240196480241,
			"z" : -0.049852058204578817
		},
		"parent_frame_id" : "6dmimic_base",
		"position" : 
		{
			"x" : -0.074999300000000005,
			"y" : 1.4840686000000001,
			"z" : 0.084393399999999993
		}
	}
}
