{
	"candidate_0" : 
	{
		"gripper" : 5,
		"method" : 3,
		"orientation" : 
		{
			"w" : 0.66647520358242962,
			"x" : -0.70644673655281143,
			"y" : -0.21579721925856335,
			"z" : 0.1008730468654199
		},
		"parent_frame_id" : "gt01_frame_id",
		"position" : 
		{
			"x" : 0.02633317502013854,
			"y" : 0.0074287836170659934,
			"z" : 0.039957640388511274
		}
	},
	"candidate_1" : 
	{
		"gripper" : 5,
		"method" : 3,
		"orientation" : 
		{
			"w" : 0.66694492757347246,
			"x" : -0.70978332540215661,
			"y" : -0.20482070772813321,
			"z" : 0.097162607266468068
		},
		"parent_frame_id" : "gt01_frame_id",
		"position" : 
		{
			"x" : 0.026792857303281736,
			"y" : 0.007539284546382777,
			"z" : 0.061813976052952885
		}
	},
	"candidate_2" : 
	{
		"gripper" : 5,
		"method" : 3,
		"orientation" : 
		{
			"w" : 0.65599713455770525,
			"x" : -0.71968620807547123,
			"y" : -0.19079303106187179,
			"z" : 0.12376405235872379
		},
		"parent_frame_id" : "gt01_frame_id",
		"position" : 
		{
			"x" : 0.026844636956318522,
			"y" : 0.007636369252677716,
			"z" : 0.076073791164174731
		}
	},
	"candidate_3" : 
	{
		"gripper" : 5,
		"method" : 3,
		"orientation" : 
		{
			"w" : 0.64801930271686614,
			"x" : -0.72545863020711754,
			"y" : -0.20698920221345449,
			"z" : 0.10457642818244003
		},
		"parent_frame_id" : "gt01_frame_id",
		"position" : 
		{
			"x" : 0.027649717633598518,
			"y" : 0.0084625211327724256,
			"z" : 0.098254466461659459
		}
	},
	"candidate_4" : 
	{
		"gripper" : 5,
		"method" : 3,
		"orientation" : 
		{
			"w" : 0.66210912101318997,
			"x" : -0.71263314565744107,
			"y" : -0.19902307979185369,
			"z" : 0.11897615429861003
		},
		"parent_frame_id" : "gt01_frame_id",
		"position" : 
		{
			"x" : 0.026209811579372813,
			"y" : 0.0064663207027266176,
			"z" : 0.12156849250643044
		}
	},
	"candidate_5" : 
	{
		"gripper" : 5,
		"method" : 3,
		"orientation" : 
		{
			"w" : 0.6425626308306015,
			"x" : -0.7285556890618603,
			"y" : -0.18924990970912559,
			"z" : 0.14319338347403332
		},
		"parent_frame_id" : "gt01_frame_id",
		"position" : 
		{
			"x" : 0.026913271211234317,
			"y" : 0.0073540791961098301,
			"z" : 0.13592666899935471
		}
	}
}
