{
	"candidate_0" : 
	{
		"gripper" : 5,
		"method" : 3,
		"orientation" : 
		{
			"w" : 0.37148676501776301,
			"x" : 0.70901785837968079,
			"y" : -0.46347459638194866,
			"z" : 0.38010861398279061
		},
		"parent_frame_id" : "6dmimic_base",
		"position" : 
		{
			"x" : -0.0119024,
			"y" : 1.5525929999999999,
			"z" : 0.073169100000000001
		}
	},
	"candidate_1" : 
	{
		"gripper" : 5,
		"method" : 3,
		"orientation" : 
		{
			"w" : 0.37512903505785422,
			"x" : 0.70167420928631963,
			"y" : -0.46441092845825416,
			"z" : 0.3889138729944247
		},
		"parent_frame_id" : "6dmimic_base",
		"position" : 
		{
			"x" : 0.0093275000000000007,
			"y" : 1.5595467999999999,
			"z" : 0.073552300000000001
		}
	},
	"candidate_2" : 
	{
		"gripper" : 5,
		"method" : 3,
		"orientation" : 
		{
			"w" : 0.36323271649641803,
			"x" : 0.68834619813328002,
			"y" : -0.49275027798403348,
			"z" : 0.3891512157616232
		},
		"parent_frame_id" : "6dmimic_base",
		"position" : 
		{
			"x" : 0.023184699999999999,
			"y" : 1.5640622,
			"z" : 0.073547299999999996
		}
	},
	"candidate_3" : 
	{
		"gripper" : 5,
		"method" : 3,
		"orientation" : 
		{
			"w" : 0.38335163486075624,
			"x" : 0.69256873800899588,
			"y" : -0.48237040489480087,
			"z" : 0.3751117962205906
		},
		"parent_frame_id" : "6dmimic_base",
		"position" : 
		{
			"x" : 0.044946399999999997,
			"y" : 1.5704724000000001,
			"z" : 0.074279999999999999
		}
	},
	"candidate_4" : 
	{
		"gripper" : 5,
		"method" : 3,
		"orientation" : 
		{
			"w" : 0.36184509185194547,
			"x" : 0.69700957623857096,
			"y" : -0.48286293233643229,
			"z" : 0.38741343382728372
		},
		"parent_frame_id" : "6dmimic_base",
		"position" : 
		{
			"x" : 0.066945099999999994,
			"y" : 1.5798091000000001,
			"z" : 0.072717799999999999
		}
	},
	"candidate_5" : 
	{
		"gripper" : 5,
		"method" : 3,
		"orientation" : 
		{
			"w" : 0.35728276398164693,
			"x" : 0.68105384288822035,
			"y" : -0.51419362948829384,
			"z" : 0.37963087472237722
		},
		"parent_frame_id" : "6dmimic_base",
		"position" : 
		{
			"x" : 0.081139299999999998,
			"y" : 1.5836387999999999,
			"z" : 0.073377399999999995
		}
	}
}
