{
	"candidate_0" : 
	{
		"gripper" : 5,
		"method" : 3,
		"orientation" : 
		{
			"w" : -0.0071134259398488997,
			"x" : 0.56534028286299032,
			"y" : 0.82331841256410598,
			"z" : 0.049865371518852841
		},
		"parent_frame_id" : "angular_groundtruth_frame_id",
		"position" : 
		{
			"x" : 0.0080430135985985109,
			"y" : -0.0030159112385456949,
			"z" : 0.096690605864006129
		}
	},
	"candidate_1" : 
	{
		"gripper" : 5,
		"method" : 3,
		"orientation" : 
		{
			"w" : -0.0017138986205069255,
			"x" : 0.57546709531099582,
			"y" : 0.81686683491769874,
			"z" : 0.039538067446258825
		},
		"parent_frame_id" : "angular_groundtruth_frame_id",
		"position" : 
		{
			"x" : 0.0073934613553081037,
			"y" : -0.0032136499604570562,
			"z" : 0.096819998595154194
		}
	},
	"candidate_2" : 
	{
		"gripper" : 5,
		"method" : 3,
		"orientation" : 
		{
			"w" : 0.0045719057422211572,
			"x" : 0.5835373948947703,
			"y" : 0.81091356937900028,
			"z" : 0.043386512124374693
		},
		"parent_frame_id" : "angular_groundtruth_frame_id",
		"position" : 
		{
			"x" : 0.008814195781678795,
			"y" : -0.0028655388876546615,
			"z" : 0.096754302445534665
		}
	},
	"candidate_3" : 
	{
		"gripper" : 5,
		"method" : 3,
		"orientation" : 
		{
			"w" : -0.0065229802645545877,
			"x" : 0.58369121152945069,
			"y" : 0.8109787109685751,
			"z" : 0.039693206818026266
		},
		"parent_frame_id" : "angular_groundtruth_frame_id",
		"position" : 
		{
			"x" : 0.007254391966437462,
			"y" : -0.0027163448376309202,
			"z" : 0.096944281785666081
		}
	},
	"candidate_4" : 
	{
		"gripper" : 5,
		"method" : 3,
		"orientation" : 
		{
			"w" : -0.012080668163695591,
			"x" : 0.57492843082261824,
			"y" : 0.81776618082632835,
			"z" : 0.0238711203189437
		},
		"parent_frame_id" : "angular_groundtruth_frame_id",
		"position" : 
		{
			"x" : 0.0056268557378855045,
			"y" : -0.0039061886352425436,
			"z" : 0.097561591453875857
		}
	},
	"candidate_5" : 
	{
		"gripper" : 5,
		"method" : 3,
		"orientation" : 
		{
			"w" : -0.0039104908456454712,
			"x" : 0.57304032104126967,
			"y" : 0.81900568000976104,
			"z" : 0.028968856277280179
		},
		"parent_frame_id" : "angular_groundtruth_frame_id",
		"position" : 
		{
			"x" : 0.0091488935027541247,
			"y" : -0.004129096757475588,
			"z" : 0.097054380263262852
		}
	},
	"candidate_6" : 
	{
		"gripper" : 5,
		"method" : 3,
		"orientation" : 
		{
			"w" : -0.0091689065388216064,
			"x" : 0.56802560776280653,
			"y" : 0.82251475066517354,
			"z" : 0.027061504333357363
		},
		"parent_frame_id" : "angular_groundtruth_frame_id",
		"position" : 
		{
			"x" : 0.008096830807369013,
			"y" : -0.0044214655976594214,
			"z" : 0.097183114099394216
		}
	},
	"candidate_7" : 
	{
		"gripper" : 5,
		"method" : 3,
		"orientation" : 
		{
			"w" : -0.0032938847247187264,
			"x" : 0.55652555837256623,
			"y" : 0.83029742772276172,
			"z" : 0.029574223886498108
		},
		"parent_frame_id" : "angular_groundtruth_frame_id",
		"position" : 
		{
			"x" : 0.0089229778198013157,
			"y" : -0.0040229275887765656,
			"z" : 0.097047088394290132
		}
	},
	"candidate_8" : 
	{
		"gripper" : 5,
		"method" : 3,
		"orientation" : 
		{
			"w" : -0.005398531045583032,
			"x" : 0.55648125418181049,
			"y" : 0.83054490764307676,
			"z" : 0.022240188734408962
		},
		"parent_frame_id" : "angular_groundtruth_frame_id",
		"position" : 
		{
			"x" : 0.0082640258730460204,
			"y" : -0.0038483408732511077,
			"z" : 0.097067164752443688
		}
	}
}
