{
	"object_pose_0" : 
	{
		"orientation" : 
		{
			"w" : -0.081790308289948113,
			"x" : -0.32796309903475618,
			"y" : 0.8997560179424593,
			"z" : -0.27602595099067928
		},
		"parent_frame_id" : "camera_link",
		"position" : 
		{
			"x" : -0.019787223257781879,
			"y" : 0.012663851773264123,
			"z" : 0.56430553383181059
		}
	}
}
