{
	"candidate_0" : 
	{
		"gripper" : 5,
		"method" : 3,
		"orientation" : 
		{
			"w" : 0.043879735278426257,
			"x" : 0.91700453699663209,
			"y" : -0.39644349215151631,
			"z" : 0.0031313719354741695
		},
		"parent_frame_id" : "6dmimic_base",
		"position" : 
		{
			"x" : -0.088176599999999994,
			"y" : 1.5335209000000001,
			"z" : 0.1511015
		}
	},
	"candidate_1" : 
	{
		"gripper" : 5,
		"method" : 3,
		"orientation" : 
		{
			"w" : 0.034940967651073851,
			"x" : 0.91245793161724653,
			"y" : -0.40765429378349261,
			"z" : -0.0041986388585921429
		},
		"parent_frame_id" : "6dmimic_base",
		"position" : 
		{
			"x" : -0.087645600000000004,
			"y" : 1.5339491999999999,
			"z" : 0.15122740000000001
		}
	},
	"candidate_2" : 
	{
		"gripper" : 5,
		"method" : 3,
		"orientation" : 
		{
			"w" : 0.040059469427440035,
			"x" : 0.90814878334199933,
			"y" : -0.41661455650894097,
			"z" : -0.0096611349486832795
		},
		"parent_frame_id" : "6dmimic_base",
		"position" : 
		{
			"x" : -0.088834399999999994,
			"y" : 1.5330876,
			"z" : 0.15117220000000001
		}
	},
	"candidate_3" : 
	{
		"gripper" : 5,
		"method" : 3,
		"orientation" : 
		{
			"w" : 0.034307131243990242,
			"x" : 0.90830254947279576,
			"y" : -0.41690434566709966,
			"z" : 0.00051568489857452618
		},
		"parent_frame_id" : "6dmimic_base",
		"position" : 
		{
			"x" : -0.087324499999999999,
			"y" : 1.533534,
			"z" : 0.151338
		}
	},
	"candidate_4" : 
	{
		"gripper" : 5,
		"method" : 3,
		"orientation" : 
		{
			"w" : 0.017563228116395744,
			"x" : 0.91316342933699357,
			"y" : -0.40720423111230541,
			"z" : 0.0029662272113085949
		},
		"parent_frame_id" : "6dmimic_base",
		"position" : 
		{
			"x" : -0.086251800000000003,
			"y" : 1.5352520999999999,
			"z" : 0.15196470000000001
		}
	},
	"candidate_5" : 
	{
		"gripper" : 5,
		"method" : 3,
		"orientation" : 
		{
			"w" : 0.024103095369528756,
			"x" : 0.91399840692173351,
			"y" : -0.40498078296814105,
			"z" : -0.0040642791060732783
		},
		"parent_frame_id" : "6dmimic_base",
		"position" : 
		{
			"x" : -0.089619500000000005,
			"y" : 1.5341388,
			"z" : 0.151509
		}
	},
	"candidate_6" : 
	{
		"gripper" : 5,
		"method" : 3,
		"orientation" : 
		{
			"w" : 0.021140121721252382,
			"x" : 0.91650670883533947,
			"y" : -0.39945961332863744,
			"z" : 0.00075181963285311793
		},
		"parent_frame_id" : "6dmimic_base",
		"position" : 
		{
			"x" : -0.088750599999999999,
			"y" : 1.5348078000000001,
			"z" : 0.15163109999999999
		}
	},
	"candidate_7" : 
	{
		"gripper" : 5,
		"method" : 3,
		"orientation" : 
		{
			"w" : 0.024546939096543641,
			"x" : 0.92191156227928184,
			"y" : -0.38659598979462623,
			"z" : -0.0044788158566427183
		},
		"parent_frame_id" : "6dmimic_base",
		"position" : 
		{
			"x" : -0.089369400000000002,
			"y" : 1.5341248999999999,
			"z" : 0.15149599999999999
		}
	},
	"candidate_8" : 
	{
		"gripper" : 5,
		"method" : 3,
		"orientation" : 
		{
			"w" : 0.016942968940052826,
			"x" : 0.92208672260200042,
			"y" : -0.38659332834588911,
			"z" : -0.0038223399960843523
		},
		"parent_frame_id" : "6dmimic_base",
		"position" : 
		{
			"x" : -0.088690400000000003,
			"y" : 1.5342100999999999,
			"z" : 0.1515029
		}
	}
}
