{
	"candidate_0" : 
	{
		"gripper" : 5,
		"method" : 3,
		"orientation" : 
		{
			"w" : 0.072817886763000009,
			"x" : 0.72223503573586989,
			"y" : -0.68771566769343817,
			"z" : 0.011012217394601962
		},
		"parent_frame_id" : "angular_groundtruth_frame_id",
		"position" : 
		{
			"x" : -0.0026409029676182083,
			"y" : 0.015027681998098785,
			"z" : 0.092239435166347777
		}
	},
	"candidate_1" : 
	{
		"gripper" : 5,
		"method" : 3,
		"orientation" : 
		{
			"w" : -0.071179686227479638,
			"x" : -0.60890129367741397,
			"y" : 0.79004387928312092,
			"z" : 0.0018263717602474052
		},
		"parent_frame_id" : "angular_groundtruth_frame_id",
		"position" : 
		{
			"x" : 0.0070005646707731461,
			"y" : 0.018362063603309609,
			"z" : 0.091211544861558413
		}
	},
	"candidate_2" : 
	{
		"gripper" : 5,
		"method" : 3,
		"orientation" : 
		{
			"w" : -0.05727388251797233,
			"x" : -0.49183331309053813,
			"y" : 0.86879658081249189,
			"z" : 0.0034922319833463542
		},
		"parent_frame_id" : "angular_groundtruth_frame_id",
		"position" : 
		{
			"x" : 0.0085315861764927448,
			"y" : 0.012032403306450057,
			"z" : 0.091182553908078834
		}
	},
	"candidate_3" : 
	{
		"gripper" : 5,
		"method" : 3,
		"orientation" : 
		{
			"w" : -0.051898229889380747,
			"x" : -0.41367279220873832,
			"y" : 0.90894403308094218,
			"z" : -0.0014626849032654179
		},
		"parent_frame_id" : "angular_groundtruth_frame_id",
		"position" : 
		{
			"x" : 0.0065553996880527432,
			"y" : 0.0088418326561384708,
			"z" : 0.091377718116576079
		}
	},
	"candidate_4" : 
	{
		"gripper" : 5,
		"method" : 3,
		"orientation" : 
		{
			"w" : -0.039444485809090123,
			"x" : -0.22298166945884801,
			"y" : 0.97383271328183907,
			"z" : 0.019317198728930941
		},
		"parent_frame_id" : "angular_groundtruth_frame_id",
		"position" : 
		{
			"x" : 0.014785340207547959,
			"y" : 0.0099890280427481493,
			"z" : 0.091371560153342579
		}
	},
	"candidate_5" : 
	{
		"gripper" : 5,
		"method" : 3,
		"orientation" : 
		{
			"w" : -0.032414747497331253,
			"x" : -0.082462794388357533,
			"y" : 0.99586206775498354,
			"z" : 0.020196873350007544
		},
		"parent_frame_id" : "angular_groundtruth_frame_id",
		"position" : 
		{
			"x" : 0.012969404159784981,
			"y" : 0.0083155213753112189,
			"z" : 0.091311961122483687
		}
	}
}
