{
	"object_pose_0" : 
	{
		"orientation" : 
		{
			"w" : 0.47867497263807335,
			"x" : 0.67306695967329555,
			"y" : -0.47294087756678044,
			"z" : 0.30688529341601151
		},
		"parent_frame_id" : "camera_link",
		"position" : 
		{
			"x" : 0.055948217571135994,
			"y" : 0.10059711256286094,
			"z" : 0.53837570453186256
		}
	}
}
