{
	"candidate_0" : 
	{
		"gripper" : 5,
		"method" : 3,
		"orientation" : 
		{
			"w" : 0.011756980672647546,
			"x" : 0.91571822504599387,
			"y" : 0.39648557663904888,
			"z" : 0.064195741613275042
		},
		"parent_frame_id" : "6dmimic_base",
		"position" : 
		{
			"x" : -0.097254300000000002,
			"y" : 1.4838663000000001,
			"z" : 0.1517183
		}
	},
	"candidate_1" : 
	{
		"gripper" : 5,
		"method" : 3,
		"orientation" : 
		{
			"w" : 0.024103256836996517,
			"x" : 0.96567329571283522,
			"y" : 0.25233308781848629,
			"z" : 0.056763824298130601
		},
		"parent_frame_id" : "6dmimic_base",
		"position" : 
		{
			"x" : -0.10637199999999999,
			"y" : 1.4884824000000001,
			"z" : 0.15088660000000001
		}
	},
	"candidate_2" : 
	{
		"gripper" : 5,
		"method" : 3,
		"orientation" : 
		{
			"w" : 0.021395965731578488,
			"x" : 0.99235501914012225,
			"y" : 0.11382678342983299,
			"z" : 0.042628535182885598
		},
		"parent_frame_id" : "6dmimic_base",
		"position" : 
		{
			"x" : -0.1028886,
			"y" : 1.4939844,
			"z" : 0.1508284
		}
	},
	"candidate_3" : 
	{
		"gripper" : 5,
		"method" : 3,
		"orientation" : 
		{
			"w" : 0.015519648657516641,
			"x" : 0.99876557260614085,
			"y" : 0.026148516774421652,
			"z" : 0.039277557876893264
		},
		"parent_frame_id" : "6dmimic_base",
		"position" : 
		{
			"x" : -0.099218500000000001,
			"y" : 1.4947817999999999,
			"z" : 0.15096129999999999
		}
	},
	"candidate_4" : 
	{
		"gripper" : 5,
		"method" : 3,
		"orientation" : 
		{
			"w" : 0.031679358618963538,
			"x" : 0.98395245682555676,
			"y" : -0.17454283348508556,
			"z" : 0.019203651304884644
		},
		"parent_frame_id" : "6dmimic_base",
		"position" : 
		{
			"x" : -0.1057645,
			"y" : 1.4998981,
			"z" : 0.15110750000000001
		}
	},
	"candidate_5" : 
	{
		"gripper" : 5,
		"method" : 3,
		"orientation" : 
		{
			"w" : 0.031120213604000808,
			"x" : 0.94932673435367243,
			"y" : -0.3125055573237131,
			"z" : 0.012270305148143226
		},
		"parent_frame_id" : "6dmimic_base",
		"position" : 
		{
			"x" : -0.10330060000000001,
			"y" : 1.4997573,
			"z" : 0.15100179999999999
		}
	}
}
