{
	"candidate_0" : 
	{
		"gripper" : 5,
		"method" : 3,
		"orientation" : 
		{
			"w" : 0.018829608302175112,
			"x" : 0.99791330545971013,
			"y" : 0.031893485022428177,
			"z" : 0.052889377485333108
		},
		"parent_frame_id" : "linear_groundtruth_frame_id",
		"position" : 
		{
			"x" : 0.0046153763183558426,
			"y" : 0.17713472229356778,
			"z" : 0.026127101265764716
		}
	},
	"candidate_1" : 
	{
		"gripper" : 5,
		"method" : 3,
		"orientation" : 
		{
			"w" : 0.018183957732354507,
			"x" : 0.99854012015918192,
			"y" : 0.026472654808466722,
			"z" : 0.043430066325832774
		},
		"parent_frame_id" : "linear_groundtruth_frame_id",
		"position" : 
		{
			"x" : 0.0041960497471122985,
			"y" : 0.16948649421572984,
			"z" : 0.026317974304057842
		}
	},
	"candidate_10" : 
	{
		"gripper" : 5,
		"method" : 3,
		"orientation" : 
		{
			"w" : 0.053639320594732087,
			"x" : 0.99696938839047888,
			"y" : 0.031597720647626344,
			"z" : 0.046652394883056468
		},
		"parent_frame_id" : "linear_groundtruth_frame_id",
		"position" : 
		{
			"x" : 0.0057811719359805594,
			"y" : 0.07493526103530565,
			"z" : 0.025563433722067826
		}
	},
	"candidate_2" : 
	{
		"gripper" : 5,
		"method" : 3,
		"orientation" : 
		{
			"w" : 0.022745458012085391,
			"x" : 0.99775093185077068,
			"y" : 0.041987716733472506,
			"z" : 0.047039916818047041
		},
		"parent_frame_id" : "linear_groundtruth_frame_id",
		"position" : 
		{
			"x" : 0.0050437090086711692,
			"y" : 0.15891375457796605,
			"z" : 0.026230852852576279
		}
	},
	"candidate_3" : 
	{
		"gripper" : 5,
		"method" : 3,
		"orientation" : 
		{
			"w" : 0.033474044999694509,
			"x" : 0.99782725408818362,
			"y" : 0.034764337349594346,
			"z" : 0.044851980545314647
		},
		"parent_frame_id" : "linear_groundtruth_frame_id",
		"position" : 
		{
			"x" : 0.0045387459496649685,
			"y" : 0.14895427418441679,
			"z" : 0.025781085704930422
		}
	},
	"candidate_4" : 
	{
		"gripper" : 5,
		"method" : 3,
		"orientation" : 
		{
			"w" : 0.020479757683014663,
			"x" : 0.99773049994543694,
			"y" : 0.038601903579805058,
			"z" : 0.051228137228374153
		},
		"parent_frame_id" : "linear_groundtruth_frame_id",
		"position" : 
		{
			"x" : 0.0041974451396978004,
			"y" : 0.1407624463339556,
			"z" : 0.02602479814008854
		}
	},
	"candidate_5" : 
	{
		"gripper" : 5,
		"method" : 3,
		"orientation" : 
		{
			"w" : 0.027420490075420544,
			"x" : 0.99724166835761097,
			"y" : 0.040956616532447171,
			"z" : 0.055495289688104243
		},
		"parent_frame_id" : "linear_groundtruth_frame_id",
		"position" : 
		{
			"x" : 0.0044524404291188075,
			"y" : 0.1319383118131203,
			"z" : 0.026122156248946947
		}
	},
	"candidate_6" : 
	{
		"gripper" : 5,
		"method" : 3,
		"orientation" : 
		{
			"w" : 0.02457660225816638,
			"x" : 0.99696324464040009,
			"y" : 0.046999417672084584,
			"z" : 0.057020471727395133
		},
		"parent_frame_id" : "linear_groundtruth_frame_id",
		"position" : 
		{
			"x" : 0.0045691625721534027,
			"y" : 0.1204635827198777,
			"z" : 0.025978553110464601
		}
	},
	"candidate_7" : 
	{
		"gripper" : 5,
		"method" : 3,
		"orientation" : 
		{
			"w" : 0.018360680592101473,
			"x" : 0.99727501124805129,
			"y" : 0.05037779400729462,
			"z" : 0.050670654420014775
		},
		"parent_frame_id" : "linear_groundtruth_frame_id",
		"position" : 
		{
			"x" : 0.0038945909062888394,
			"y" : 0.11143287662256104,
			"z" : 0.026236020876048833
		}
	},
	"candidate_8" : 
	{
		"gripper" : 5,
		"method" : 3,
		"orientation" : 
		{
			"w" : 0.042771792173793184,
			"x" : 0.99686497770570892,
			"y" : 0.044339999076161617,
			"z" : 0.04964629391973116
		},
		"parent_frame_id" : "linear_groundtruth_frame_id",
		"position" : 
		{
			"x" : 0.0043945901807980626,
			"y" : 0.097740328265558368,
			"z" : 0.025530418807527579
		}
	},
	"candidate_9" : 
	{
		"gripper" : 5,
		"method" : 3,
		"orientation" : 
		{
			"w" : 0.028257659263280686,
			"x" : 0.99674694871906899,
			"y" : 0.056308640725722815,
			"z" : 0.050262927608798441
		},
		"parent_frame_id" : "linear_groundtruth_frame_id",
		"position" : 
		{
			"x" : 0.0041304950346657335,
			"y" : 0.090040693996226578,
			"z" : 0.0256325325712638
		}
	}
}
