{
	"object_pose_0" : 
	{
		"orientation" : 
		{
			"w" : 0.11158129887242578,
			"x" : 0.30874462424601362,
			"y" : 0.90635471807428902,
			"z" : -0.26598467439573409
		},
		"parent_frame_id" : "camera_link",
		"position" : 
		{
			"x" : -0.0042073946122546668,
			"y" : -0.011616492140869183,
			"z" : 0.58065324425971754
		}
	}
}
