{
	"candidate_0" : 
	{
		"gripper" : 5,
		"method" : 3,
		"orientation" : 
		{
			"w" : 0.050276823412074845,
			"x" : 0.78485365834914733,
			"y" : -0.61744972563374367,
			"z" : 0.015258188567641138
		},
		"parent_frame_id" : "6dmimic_base",
		"position" : 
		{
			"x" : 0.073917800000000006,
			"y" : 1.5875471000000001,
			"z" : 0.077584700000000006
		}
	},
	"candidate_1" : 
	{
		"gripper" : 5,
		"method" : 3,
		"orientation" : 
		{
			"w" : 0.043767228816681124,
			"x" : 0.78172265822583831,
			"y" : -0.62203127193832242,
			"z" : 0.0084387219903427381
		},
		"parent_frame_id" : "6dmimic_base",
		"position" : 
		{
			"x" : 0.066317000000000001,
			"y" : 1.5866461000000001,
			"z" : 0.077938300000000002
		}
	},
	"candidate_10" : 
	{
		"gripper" : 5,
		"method" : 3,
		"orientation" : 
		{
			"w" : 0.07290372737575429,
			"x" : 0.78378120696507669,
			"y" : -0.61662821655216937,
			"z" : -0.011904146117230431
		},
		"parent_frame_id" : "6dmimic_base",
		"position" : 
		{
			"x" : -0.026556400000000001,
			"y" : 1.5688614999999999,
			"z" : 0.079068200000000005
		}
	},
	"candidate_2" : 
	{
		"gripper" : 5,
		"method" : 3,
		"orientation" : 
		{
			"w" : 0.049376901621540695,
			"x" : 0.79114051684846787,
			"y" : -0.60958238958466759,
			"z" : 0.0082410251329837758
		},
		"parent_frame_id" : "6dmimic_base",
		"position" : 
		{
			"x" : 0.056047,
			"y" : 1.5839951000000001,
			"z" : 0.078050400000000006
		}
	},
	"candidate_3" : 
	{
		"gripper" : 5,
		"method" : 3,
		"orientation" : 
		{
			"w" : 0.056273575360801645,
			"x" : 0.78649751379458122,
			"y" : -0.61502426085806883,
			"z" : -0.00032259423528799291
		},
		"parent_frame_id" : "6dmimic_base",
		"position" : 
		{
			"x" : 0.046140300000000002,
			"y" : 1.5827906,
			"z" : 0.077809299999999998
		}
	},
	"candidate_4" : 
	{
		"gripper" : 5,
		"method" : 3,
		"orientation" : 
		{
			"w" : 0.050382511638311402,
			"x" : 0.78900566748141432,
			"y" : -0.61218047483712501,
			"z" : 0.012912220235704257
		},
		"parent_frame_id" : "6dmimic_base",
		"position" : 
		{
			"x" : 0.038018700000000002,
			"y" : 1.5817185,
			"z" : 0.078225600000000006
		}
	},
	"candidate_5" : 
	{
		"gripper" : 5,
		"method" : 3,
		"orientation" : 
		{
			"w" : 0.058408435160442231,
			"x" : 0.79018707316666426,
			"y" : -0.60996366441543237,
			"z" : 0.011712053419742848
		},
		"parent_frame_id" : "6dmimic_base",
		"position" : 
		{
			"x" : 0.029373400000000001,
			"y" : 1.5799506999999999,
			"z" : 0.078497600000000001
		}
	},
	"candidate_6" : 
	{
		"gripper" : 5,
		"method" : 3,
		"orientation" : 
		{
			"w" : 0.057134122932998341,
			"x" : 0.79388924387902382,
			"y" : -0.6051937584103374,
			"z" : 0.014699497645809398
		},
		"parent_frame_id" : "6dmimic_base",
		"position" : 
		{
			"x" : 0.018088099999999999,
			"y" : 1.5778677999999999,
			"z" : 0.078583799999999995
		}
	},
	"candidate_7" : 
	{
		"gripper" : 5,
		"method" : 3,
		"orientation" : 
		{
			"w" : 0.048247296196474908,
			"x" : 0.79623313147301988,
			"y" : -0.60290443927122261,
			"z" : 0.01382880549616301
		},
		"parent_frame_id" : "6dmimic_base",
		"position" : 
		{
			"x" : 0.0090833000000000007,
			"y" : 1.5769808000000001,
			"z" : 0.079036599999999999
		}
	},
	"candidate_8" : 
	{
		"gripper" : 5,
		"method" : 3,
		"orientation" : 
		{
			"w" : 0.066347230160660645,
			"x" : 0.7919653272529894,
			"y" : -0.60694477711927286,
			"z" : -0.0026463194648483207
		},
		"parent_frame_id" : "6dmimic_base",
		"position" : 
		{
			"x" : -0.0043334999999999997,
			"y" : 1.5741461000000001,
			"z" : 0.078597100000000003
		}
	},
	"candidate_9" : 
	{
		"gripper" : 5,
		"method" : 3,
		"orientation" : 
		{
			"w" : 0.055480180188922756,
			"x" : 0.79961831081108248,
			"y" : -0.59789757699992763,
			"z" : 0.0071410110944588427
		},
		"parent_frame_id" : "6dmimic_base",
		"position" : 
		{
			"x" : -0.0119603,
			"y" : 1.5730841,
			"z" : 0.07886
		}
	}
}
