{
	"candidate_0" : 
	{
		"gripper" : 5,
		"method" : 3,
		"orientation" : 
		{
			"w" : -0.45096571654902329,
			"x" : 0.5421603372492827,
			"y" : 0.52667446373876547,
			"z" : -0.47466419757198242
		},
		"parent_frame_id" : "gt01_frame_id",
		"position" : 
		{
			"x" : 0.024334291030021098,
			"y" : -0.023287630845443719,
			"z" : -0.0045393636027651896
		}
	},
	"candidate_1" : 
	{
		"gripper" : 5,
		"method" : 3,
		"orientation" : 
		{
			"w" : -0.45417847445935167,
			"x" : 0.55153914450510322,
			"y" : 0.51963856584112955,
			"z" : -0.46851066829574872
		},
		"parent_frame_id" : "gt01_frame_id",
		"position" : 
		{
			"x" : 0.022769145984080939,
			"y" : -0.0038159602935132764,
			"z" : -0.0012003618234521785
		}
	},
	"candidate_2" : 
	{
		"gripper" : 5,
		"method" : 3,
		"orientation" : 
		{
			"w" : -0.45243453399462519,
			"x" : 0.56249701459088397,
			"y" : 0.50022877694066858,
			"z" : -0.47819585082458843
		},
		"parent_frame_id" : "gt01_frame_id",
		"position" : 
		{
			"x" : 0.020823719916650836,
			"y" : 0.014219308982519774,
			"z" : -1.5204590362222214e-05
		}
	},
	"candidate_3" : 
	{
		"gripper" : 5,
		"method" : 3,
		"orientation" : 
		{
			"w" : -0.44184297169860037,
			"x" : 0.56705596817246939,
			"y" : 0.50153238671841449,
			"z" : -0.4813393630205865
		},
		"parent_frame_id" : "gt01_frame_id",
		"position" : 
		{
			"x" : 0.021588294363014966,
			"y" : 0.033957412566929079,
			"z" : 0.0028180798900757642
		}
	}
}
