{
	"object_pose_0" : 
	{
		"orientation" : 
		{
			"w" : 0.47191699530738912,
			"x" : -0.54861510018409776,
			"y" : 0.66556007099883252,
			"z" : 0.18260907887454297
		},
		"parent_frame_id" : "camera_link",
		"position" : 
		{
			"x" : 0.0089536761364627793,
			"y" : 0.0093431335272318172,
			"z" : 0.56768493116052032
		}
	}
}
