{
	"candidate_0" : 
	{
		"gripper" : 5,
		"method" : 3,
		"orientation" : 
		{
			"w" : 0.046864987300651952,
			"x" : 0.99711380588785681,
			"y" : 0.037952452718339101,
			"z" : 0.046123122246930694
		},
		"parent_frame_id" : "linear_groundtruth_frame_id",
		"position" : 
		{
			"x" : 0.051290963591631655,
			"y" : 0.054657612923447285,
			"z" : 0.020997697152737686
		}
	},
	"candidate_1" : 
	{
		"gripper" : 5,
		"method" : 3,
		"orientation" : 
		{
			"w" : 0.037063279405847374,
			"x" : 0.99790687117414134,
			"y" : 0.039405146370822451,
			"z" : 0.035431966112732596
		},
		"parent_frame_id" : "linear_groundtruth_frame_id",
		"position" : 
		{
			"x" : 0.04801804225993056,
			"y" : 0.053550762516359762,
			"z" : 0.036538143870346089
		}
	},
	"candidate_2" : 
	{
		"gripper" : 5,
		"method" : 3,
		"orientation" : 
		{
			"w" : 0.033480579023916282,
			"x" : 0.99780851493719058,
			"y" : 0.039472446364682084,
			"z" : 0.041220678367160472
		},
		"parent_frame_id" : "linear_groundtruth_frame_id",
		"position" : 
		{
			"x" : 0.039691300588920564,
			"y" : 0.045147146472865496,
			"z" : 0.051140638246232349
		}
	},
	"candidate_3" : 
	{
		"gripper" : 5,
		"method" : 3,
		"orientation" : 
		{
			"w" : 0.029600323288262138,
			"x" : 0.99839292771392918,
			"y" : 0.034798613241247604,
			"z" : 0.033532659729365269
		},
		"parent_frame_id" : "linear_groundtruth_frame_id",
		"position" : 
		{
			"x" : 0.034410663403266817,
			"y" : 0.038672804467420663,
			"z" : 0.066526229704477496
		}
	},
	"candidate_4" : 
	{
		"gripper" : 5,
		"method" : 3,
		"orientation" : 
		{
			"w" : 0.035648630641137408,
			"x" : 0.99799650095926051,
			"y" : 0.033331705795489726,
			"z" : 0.040263588951399948
		},
		"parent_frame_id" : "linear_groundtruth_frame_id",
		"position" : 
		{
			"x" : 0.029368673715795879,
			"y" : 0.030465548248220731,
			"z" : 0.081148915317039938
		}
	},
	"candidate_5" : 
	{
		"gripper" : 5,
		"method" : 3,
		"orientation" : 
		{
			"w" : 0.044112563890454662,
			"x" : 0.99753996008410639,
			"y" : 0.037342587806092085,
			"z" : 0.039669142647080088
		},
		"parent_frame_id" : "linear_groundtruth_frame_id",
		"position" : 
		{
			"x" : 0.02225318089428252,
			"y" : 0.023867215107590767,
			"z" : 0.096039029294516909
		}
	},
	"candidate_6" : 
	{
		"gripper" : 5,
		"method" : 3,
		"orientation" : 
		{
			"w" : 0.047806405647305157,
			"x" : 0.99697968637133605,
			"y" : 0.043665919925231646,
			"z" : 0.042887527080505021
		},
		"parent_frame_id" : "linear_groundtruth_frame_id",
		"position" : 
		{
			"x" : 0.01374099262355144,
			"y" : 0.015874183606804315,
			"z" : 0.11124659743610563
		}
	},
	"candidate_7" : 
	{
		"gripper" : 5,
		"method" : 3,
		"orientation" : 
		{
			"w" : 0.030705726800770321,
			"x" : 0.99783562156943539,
			"y" : 0.036334264669953986,
			"z" : 0.045398809231836972
		},
		"parent_frame_id" : "linear_groundtruth_frame_id",
		"position" : 
		{
			"x" : 0.011101176204794339,
			"y" : 0.014497435063202724,
			"z" : 0.12645441579486283
		}
	},
	"candidate_8" : 
	{
		"gripper" : 5,
		"method" : 3,
		"orientation" : 
		{
			"w" : 0.027337852807711099,
			"x" : 0.99781272569693613,
			"y" : 0.045654309290353627,
			"z" : 0.039218494162007934
		},
		"parent_frame_id" : "linear_groundtruth_frame_id",
		"position" : 
		{
			"x" : 0.0045929329956480025,
			"y" : 0.011005061755887224,
			"z" : 0.14191794507743444
		}
	},
	"candidate_9" : 
	{
		"gripper" : 5,
		"method" : 3,
		"orientation" : 
		{
			"w" : 0.02901103510865069,
			"x" : 0.9983514738206043,
			"y" : 0.028701245080580907,
			"z" : 0.040360043272726652
		},
		"parent_frame_id" : "linear_groundtruth_frame_id",
		"position" : 
		{
			"x" : -0.001610066326204862,
			"y" : 0.0043132545414001355,
			"z" : 0.1566748918645321
		}
	}
}
