{
	"object_pose_0" : 
	{
		"orientation" : 
		{
			"w" : 0.12560239411709359,
			"x" : 0.35565246706571546,
			"y" : 0.88803925076050627,
			"z" : -0.262909973206848
		},
		"parent_frame_id" : "camera_link",
		"position" : 
		{
			"x" : 0.0047619678029885947,
			"y" : 0.022837244848146115,
			"z" : 0.55935115592065432
		}
	}
}
