{
	"candidate_0" : 
	{
		"gripper" : 5,
		"method" : 3,
		"orientation" : 
		{
			"w" : 0.064934645700844174,
			"x" : 0.8189109045282249,
			"y" : -0.5702330583641001,
			"z" : -0.001637492349623397
		},
		"parent_frame_id" : "6dmimic_base",
		"position" : 
		{
			"x" : 0.0055278999999999997,
			"y" : 1.5132703000000001,
			"z" : 0.081450599999999998
		}
	},
	"candidate_1" : 
	{
		"gripper" : 5,
		"method" : 3,
		"orientation" : 
		{
			"w" : 0.050655415765255611,
			"x" : 0.82031132970077292,
			"y" : -0.56965352147005244,
			"z" : -0.0042681020333797913
		},
		"parent_frame_id" : "6dmimic_base",
		"position" : 
		{
			"x" : 0.0038249,
			"y" : 1.5159275000000001,
			"z" : 0.097054500000000002
		}
	},
	"candidate_2" : 
	{
		"gripper" : 5,
		"method" : 3,
		"orientation" : 
		{
			"w" : 0.051285255327194995,
			"x" : 0.82033301694027627,
			"y" : -0.56957638544766831,
			"z" : 0.0025109846789791654
		},
		"parent_frame_id" : "6dmimic_base",
		"position" : 
		{
			"x" : -0.0062924000000000001,
			"y" : 1.5214619,
			"z" : 0.1118936
		}
	},
	"candidate_3" : 
	{
		"gripper" : 5,
		"method" : 3,
		"orientation" : 
		{
			"w" : 0.043603256726315369,
			"x" : 0.81790417567666518,
			"y" : -0.57369839827920077,
			"z" : -0.0012896609684649868
		},
		"parent_frame_id" : "6dmimic_base",
		"position" : 
		{
			"x" : -0.013709000000000001,
			"y" : 1.5245845,
			"z" : 0.12744230000000001
		}
	},
	"candidate_4" : 
	{
		"gripper" : 5,
		"method" : 3,
		"orientation" : 
		{
			"w" : 0.052500963700281754,
			"x" : 0.81677168516052157,
			"y" : -0.57456720234110514,
			"z" : 0.00043945932561933673
		},
		"parent_frame_id" : "6dmimic_base",
		"position" : 
		{
			"x" : -0.022739700000000002,
			"y" : 1.527013,
			"z" : 0.14224609999999999
		}
	},
	"candidate_5" : 
	{
		"gripper" : 5,
		"method" : 3,
		"orientation" : 
		{
			"w" : 0.058854782947106415,
			"x" : 0.81881776272531581,
			"y" : -0.57100546947076014,
			"z" : -0.0051322318960034807
		},
		"parent_frame_id" : "6dmimic_base",
		"position" : 
		{
			"x" : -0.030785,
			"y" : 1.5318725,
			"z" : 0.15733059999999999
		}
	},
	"candidate_6" : 
	{
		"gripper" : 5,
		"method" : 3,
		"orientation" : 
		{
			"w" : 0.063677178824344691,
			"x" : 0.82221444723178061,
			"y" : -0.5655844012296809,
			"z" : -0.0047858903010050552
		},
		"parent_frame_id" : "6dmimic_base",
		"position" : 
		{
			"x" : -0.040548099999999997,
			"y" : 1.5376901999999999,
			"z" : 0.1727725
		}
	},
	"candidate_7" : 
	{
		"gripper" : 5,
		"method" : 3,
		"orientation" : 
		{
			"w" : 0.051621656312486788,
			"x" : 0.818506182472023,
			"y" : -0.57212439632251277,
			"z" : 0.0075172459871481571
		},
		"parent_frame_id" : "6dmimic_base",
		"position" : 
		{
			"x" : -0.042343199999999998,
			"y" : 1.5396687,
			"z" : 0.18803700000000001
		}
	},
	"candidate_8" : 
	{
		"gripper" : 5,
		"method" : 3,
		"orientation" : 
		{
			"w" : 0.04511419670401836,
			"x" : 0.82404277165559459,
			"y" : -0.56470958955321648,
			"z" : 0.0046151061260790716
		},
		"parent_frame_id" : "6dmimic_base",
		"position" : 
		{
			"x" : -0.047225799999999998,
			"y" : 1.5447864,
			"z" : 0.2036461
		}
	},
	"candidate_9" : 
	{
		"gripper" : 5,
		"method" : 3,
		"orientation" : 
		{
			"w" : 0.047310487295119871,
			"x" : 0.81426580032639817,
			"y" : -0.57854347014024032,
			"z" : 0.0045141299047857242
		},
		"parent_frame_id" : "6dmimic_base",
		"position" : 
		{
			"x" : -0.0551139,
			"y" : 1.5487443000000001,
			"z" : 0.2185839
		}
	}
}
