{
	"candidate_0" : 
	{
		"gripper" : 5,
		"method" : 3,
		"orientation" : 
		{
			"w" : 0.052706498467550593,
			"x" : 0.9973552387579423,
			"y" : 0.026259678416216674,
			"z" : 0.042602605916243944
		},
		"parent_frame_id" : "linear_groundtruth_frame_id",
		"position" : 
		{
			"x" : 0.063853358564608609,
			"y" : 0.005506756587160766,
			"z" : 0.015691177045485907
		}
	},
	"candidate_1" : 
	{
		"gripper" : 5,
		"method" : 3,
		"orientation" : 
		{
			"w" : 0.049395928421319506,
			"x" : 0.99687394102356897,
			"y" : 0.031506861696318125,
			"z" : 0.053006656464852163
		},
		"parent_frame_id" : "linear_groundtruth_frame_id",
		"position" : 
		{
			"x" : 0.072907900451815388,
			"y" : 0.0065746381584338986,
			"z" : 0.015366114616787857
		}
	},
	"candidate_2" : 
	{
		"gripper" : 5,
		"method" : 3,
		"orientation" : 
		{
			"w" : 0.033349279206173837,
			"x" : 0.99666609345129553,
			"y" : 0.043012643206709333,
			"z" : 0.060781874480262295
		},
		"parent_frame_id" : "linear_groundtruth_frame_id",
		"position" : 
		{
			"x" : 0.08895894536004878,
			"y" : 0.007410852806155277,
			"z" : 0.015149040397179923
		}
	},
	"candidate_3" : 
	{
		"gripper" : 5,
		"method" : 3,
		"orientation" : 
		{
			"w" : 0.022112403275545499,
			"x" : 0.99592541493654718,
			"y" : 0.06448604076087408,
			"z" : 0.059035244149853769
		},
		"parent_frame_id" : "linear_groundtruth_frame_id",
		"position" : 
		{
			"x" : 0.098251066754422745,
			"y" : 0.0079689864837224622,
			"z" : 0.01584461369323218
		}
	},
	"candidate_4" : 
	{
		"gripper" : 5,
		"method" : 3,
		"orientation" : 
		{
			"w" : 0.025199318676179902,
			"x" : 0.99623961274356276,
			"y" : 0.061620719689685473,
			"z" : 0.055448311459751237
		},
		"parent_frame_id" : "linear_groundtruth_frame_id",
		"position" : 
		{
			"x" : 0.10907745013352321,
			"y" : 0.0080900697809050404,
			"z" : 0.015420371045823646
		}
	},
	"candidate_5" : 
	{
		"gripper" : 5,
		"method" : 3,
		"orientation" : 
		{
			"w" : 0.030081336361418569,
			"x" : 0.99624620268347297,
			"y" : 0.043440912958269885,
			"z" : 0.068567513611211633
		},
		"parent_frame_id" : "linear_groundtruth_frame_id",
		"position" : 
		{
			"x" : 0.12010491797720468,
			"y" : 0.010300475879934878,
			"z" : 0.015575539450937301
		}
	},
	"candidate_6" : 
	{
		"gripper" : 5,
		"method" : 3,
		"orientation" : 
		{
			"w" : 0.032081119680155076,
			"x" : 0.9953097960363525,
			"y" : 0.063645245450645246,
			"z" : 0.065410201082622813
		},
		"parent_frame_id" : "linear_groundtruth_frame_id",
		"position" : 
		{
			"x" : 0.12717808281708787,
			"y" : 0.0055222741721215329,
			"z" : 0.014951593181383324
		}
	},
	"candidate_7" : 
	{
		"gripper" : 5,
		"method" : 3,
		"orientation" : 
		{
			"w" : 0.023345693488971486,
			"x" : 0.99547674647385587,
			"y" : 0.067087864734646396,
			"z" : 0.063089176811012754
		},
		"parent_frame_id" : "linear_groundtruth_frame_id",
		"position" : 
		{
			"x" : 0.13881513817198843,
			"y" : 0.0078392175820358734,
			"z" : 0.014972897223969661
		}
	},
	"candidate_8" : 
	{
		"gripper" : 5,
		"method" : 3,
		"orientation" : 
		{
			"w" : 0.033304366203949734,
			"x" : 0.99608780582784284,
			"y" : 0.05723985688526595,
			"z" : 0.058510691814241657
		},
		"parent_frame_id" : "linear_groundtruth_frame_id",
		"position" : 
		{
			"x" : 0.14803001685140527,
			"y" : 0.0057134520207891004,
			"z" : 0.014571641317784899
		}
	}
}
