{
	"object_pose_0" : 
	{
		"orientation" : 
		{
			"w" : 0.12526698299829533,
			"x" : 0.35803763261822985,
			"y" : 0.88726536858285132,
			"z" : -0.26244541443028124
		},
		"parent_frame_id" : "camera_link",
		"position" : 
		{
			"x" : 0.0049869643827401937,
			"y" : 0.023279747426511121,
			"z" : 0.55879585308728008
		}
	}
}
