{
	"candidate_0" : 
	{
		"gripper" : 5,
		"method" : 3,
		"orientation" : 
		{
			"w" : 0.066781593580651416,
			"x" : 0.81344772410174959,
			"y" : -0.57772967470873793,
			"z" : -0.0084523294687539295
		},
		"parent_frame_id" : "6dmimic_base",
		"position" : 
		{
			"x" : -0.037416199999999997,
			"y" : 1.4877577,
			"z" : 0.076639499999999999
		}
	},
	"candidate_1" : 
	{
		"gripper" : 5,
		"method" : 3,
		"orientation" : 
		{
			"w" : 0.070330032870442746,
			"x" : 0.81632684069539629,
			"y" : -0.57328937811058145,
			"z" : 0.0018613388456889327
		},
		"parent_frame_id" : "6dmimic_base",
		"position" : 
		{
			"x" : -0.033881300000000003,
			"y" : 1.4793623,
			"z" : 0.076136999999999996
		}
	},
	"candidate_2" : 
	{
		"gripper" : 5,
		"method" : 3,
		"orientation" : 
		{
			"w" : 0.06205089022697477,
			"x" : 0.82314801176481489,
			"y" : -0.5641478298414998,
			"z" : 0.017727488113048692
		},
		"parent_frame_id" : "6dmimic_base",
		"position" : 
		{
			"x" : -0.0286241,
			"y" : 1.4641808999999999,
			"z" : 0.075618000000000005
		}
	},
	"candidate_3" : 
	{
		"gripper" : 5,
		"method" : 3,
		"orientation" : 
		{
			"w" : 0.051786787005715998,
			"x" : 0.8354319371583917,
			"y" : -0.54666054255380225,
			"z" : 0.023105373448268109
		},
		"parent_frame_id" : "6dmimic_base",
		"position" : 
		{
			"x" : -0.025495899999999998,
			"y" : 1.4554012000000001,
			"z" : 0.076137700000000003
		}
	},
	"candidate_4" : 
	{
		"gripper" : 5,
		"method" : 3,
		"orientation" : 
		{
			"w" : 0.05212986342165888,
			"x" : 0.83392444033210333,
			"y" : -0.54910358155113903,
			"z" : 0.018378299272207736
		},
		"parent_frame_id" : "6dmimic_base",
		"position" : 
		{
			"x" : -0.022380000000000001,
			"y" : 1.4450422000000001,
			"z" : 0.075515200000000005
		}
	},
	"candidate_5" : 
	{
		"gripper" : 5,
		"method" : 3,
		"orientation" : 
		{
			"w" : 0.064112515065532269,
			"x" : 0.82315228730745293,
			"y" : -0.56359392395263574,
			"z" : 0.025918838634300959
		},
		"parent_frame_id" : "6dmimic_base",
		"position" : 
		{
			"x" : -0.0171918,
			"y" : 1.4350626,
			"z" : 0.075443200000000002
		}
	},
	"candidate_6" : 
	{
		"gripper" : 5,
		"method" : 3,
		"orientation" : 
		{
			"w" : 0.063594601420408819,
			"x" : 0.83451063258604208,
			"y" : -0.54685841605681629,
			"z" : 0.022217190615672754
		},
		"parent_frame_id" : "6dmimic_base",
		"position" : 
		{
			"x" : -0.019827399999999998,
			"y" : 1.4269495999999999,
			"z" : 0.074748200000000001
		}
	},
	"candidate_7" : 
	{
		"gripper" : 5,
		"method" : 3,
		"orientation" : 
		{
			"w" : 0.055180340806580783,
			"x" : 0.83668156270932637,
			"y" : -0.54430061487938164,
			"z" : 0.025611193893999469
		},
		"parent_frame_id" : "6dmimic_base",
		"position" : 
		{
			"x" : -0.0143698,
			"y" : 1.4164159999999999,
			"z" : 0.074529999999999999
		}
	},
	"candidate_8" : 
	{
		"gripper" : 5,
		"method" : 3,
		"orientation" : 
		{
			"w" : 0.06049591713290689,
			"x" : 0.83120951850982328,
			"y" : -0.55242775426752999,
			"z" : 0.015954831990644989
		},
		"parent_frame_id" : "6dmimic_base",
		"position" : 
		{
			"x" : -0.0138592,
			"y" : 1.4069799999999999,
			"z" : 0.073986800000000005
		}
	}
}
