{
	"candidate_0" : 
	{
		"gripper" : 5,
		"method" : 3,
		"orientation" : 
		{
			"w" : -0.51142816544112069,
			"x" : 0.024360892440230038,
			"y" : -0.85815533421511669,
			"z" : -0.037645728458708658
		},
		"parent_frame_id" : "angular_groundtruth_frame_id",
		"position" : 
		{
			"x" : -0.059369792371401359,
			"y" : -0.0042643620658658534,
			"z" : 0.060914139236771726
		}
	},
	"candidate_1" : 
	{
		"gripper" : 5,
		"method" : 3,
		"orientation" : 
		{
			"w" : -0.46294816355083895,
			"x" : 0.25155454606736161,
			"y" : -0.75041404210049945,
			"z" : -0.39909657181707192
		},
		"parent_frame_id" : "angular_groundtruth_frame_id",
		"position" : 
		{
			"x" : -0.058904458878473412,
			"y" : -0.0056617912906634666,
			"z" : 0.066311495185745112
		}
	},
	"candidate_10" : 
	{
		"gripper" : 5,
		"method" : 3,
		"orientation" : 
		{
			"w" : 0.2389583467758096,
			"x" : 0.034620814939009197,
			"y" : 0.97041154027016419,
			"z" : -0.0013229473226475073
		},
		"parent_frame_id" : "angular_groundtruth_frame_id",
		"position" : 
		{
			"x" : -0.018534448765586131,
			"y" : -0.0074670879318570853,
			"z" : 0.087561435549134065
		}
	},
	"candidate_11" : 
	{
		"gripper" : 5,
		"method" : 3,
		"orientation" : 
		{
			"w" : 0.23438820350669931,
			"x" : 0.044613324436776035,
			"y" : 0.97109439374251394,
			"z" : -0.0068920085214840667
		},
		"parent_frame_id" : "angular_groundtruth_frame_id",
		"position" : 
		{
			"x" : -0.022484155656657855,
			"y" : -0.0062852902035706905,
			"z" : 0.086954079651012206
		}
	},
	"candidate_12" : 
	{
		"gripper" : 5,
		"method" : 3,
		"orientation" : 
		{
			"w" : 0.040994531658995664,
			"x" : 0.046444648468248084,
			"y" : -0.99612683247196898,
			"z" : -0.062399331984263444
		},
		"parent_frame_id" : "angular_groundtruth_frame_id",
		"position" : 
		{
			"x" : 0.014852712631340075,
			"y" : 0.0014497730571326013,
			"z" : 0.083488771785104332
		}
	},
	"candidate_13" : 
	{
		"gripper" : 5,
		"method" : 3,
		"orientation" : 
		{
			"w" : 0.045337344966227426,
			"x" : 0.036827375201597075,
			"y" : -0.9963789726840534,
			"z" : -0.061783593131546119
		},
		"parent_frame_id" : "angular_groundtruth_frame_id",
		"position" : 
		{
			"x" : 0.011384997935020874,
			"y" : 0.0018537935705926385,
			"z" : 0.083825203091053402
		}
	},
	"candidate_14" : 
	{
		"gripper" : 5,
		"method" : 3,
		"orientation" : 
		{
			"w" : 0.046775479526127192,
			"x" : 0.040796515996151972,
			"y" : -0.99661600957701213,
			"z" : -0.053890892110537693
		},
		"parent_frame_id" : "angular_groundtruth_frame_id",
		"position" : 
		{
			"x" : 0.014124685479457983,
			"y" : 0.00035888674614721183,
			"z" : 0.083513100664346016
		}
	},
	"candidate_15" : 
	{
		"gripper" : 5,
		"method" : 3,
		"orientation" : 
		{
			"w" : 0.04118076010651002,
			"x" : 0.04879664003774984,
			"y" : -0.99619349787005917,
			"z" : -0.059342629866671832
		},
		"parent_frame_id" : "angular_groundtruth_frame_id",
		"position" : 
		{
			"x" : 0.014914141532190903,
			"y" : 0.0020851462968710863,
			"z" : 0.083718685483072069
		}
	},
	"candidate_16" : 
	{
		"gripper" : 5,
		"method" : 3,
		"orientation" : 
		{
			"w" : 0.038612951304246974,
			"x" : 0.054471888072386274,
			"y" : -0.99615785345314878,
			"z" : -0.056669078032207755
		},
		"parent_frame_id" : "angular_groundtruth_frame_id",
		"position" : 
		{
			"x" : 0.018137761092458515,
			"y" : 0.0014207065598863203,
			"z" : 0.083574876179531271
		}
	},
	"candidate_17" : 
	{
		"gripper" : 5,
		"method" : 3,
		"orientation" : 
		{
			"w" : 0.3437287066455314,
			"x" : 0.03082652480792664,
			"y" : -0.9376496550135679,
			"z" : -0.041393550814029005
		},
		"parent_frame_id" : "angular_groundtruth_frame_id",
		"position" : 
		{
			"x" : 0.052680737495095616,
			"y" : 0.0022267228453648064,
			"z" : 0.088294728221917182
		}
	},
	"candidate_18" : 
	{
		"gripper" : 5,
		"method" : 3,
		"orientation" : 
		{
			"w" : 0.32287067137071812,
			"x" : 0.041514798760536001,
			"y" : -0.94497461473883448,
			"z" : -0.03246580588381269
		},
		"parent_frame_id" : "angular_groundtruth_frame_id",
		"position" : 
		{
			"x" : 0.054316139526142261,
			"y" : 0.0033142517929229819,
			"z" : 0.086382283100898224
		}
	},
	"candidate_19" : 
	{
		"gripper" : 5,
		"method" : 3,
		"orientation" : 
		{
			"w" : 0.31141512250516706,
			"x" : 0.037945247618679991,
			"y" : -0.94924922312490256,
			"z" : -0.022509821301326605
		},
		"parent_frame_id" : "angular_groundtruth_frame_id",
		"position" : 
		{
			"x" : 0.055821702719836656,
			"y" : 0.0023658931851096251,
			"z" : 0.085163603122910783
		}
	},
	"candidate_2" : 
	{
		"gripper" : 5,
		"method" : 3,
		"orientation" : 
		{
			"w" : -0.51063141999810879,
			"x" : 0.025982214551580878,
			"y" : -0.85842163070228894,
			"z" : -0.041143424506643905
		},
		"parent_frame_id" : "angular_groundtruth_frame_id",
		"position" : 
		{
			"x" : -0.060047206724400545,
			"y" : -0.0065236137992085858,
			"z" : 0.05812390408386027
		}
	},
	"candidate_20" : 
	{
		"gripper" : 5,
		"method" : 3,
		"orientation" : 
		{
			"w" : 0.2936741869768314,
			"x" : 0.040942621568115574,
			"y" : -0.95495003148448343,
			"z" : -0.01223155797153196
		},
		"parent_frame_id" : "angular_groundtruth_frame_id",
		"position" : 
		{
			"x" : 0.059997318078944199,
			"y" : -2.3232538402011109e-05,
			"z" : 0.081953542943785554
		}
	},
	"candidate_21" : 
	{
		"gripper" : 5,
		"method" : 3,
		"orientation" : 
		{
			"w" : 0.29248321184214282,
			"x" : 0.034327857411756882,
			"y" : -0.95563312018642521,
			"z" : 0.006364636578753473
		},
		"parent_frame_id" : "angular_groundtruth_frame_id",
		"position" : 
		{
			"x" : 0.059351801349506031,
			"y" : -0.0011149048546176539,
			"z" : 0.082230276712693798
		}
	},
	"candidate_22" : 
	{
		"gripper" : 5,
		"method" : 3,
		"orientation" : 
		{
			"w" : -0.28197877465869081,
			"x" : -0.037821265279519609,
			"y" : 0.95855797040568558,
			"z" : -0.014971302761368188
		},
		"parent_frame_id" : "angular_groundtruth_frame_id",
		"position" : 
		{
			"x" : 0.05998860472526691,
			"y" : -0.00084311424870282467,
			"z" : 0.082131815162764632
		}
	},
	"candidate_23" : 
	{
		"gripper" : 5,
		"method" : 3,
		"orientation" : 
		{
			"w" : 0.54911011484622085,
			"x" : 0.0084527966601476365,
			"y" : -0.83434057206667467,
			"z" : -0.047774907698983918
		},
		"parent_frame_id" : "angular_groundtruth_frame_id",
		"position" : 
		{
			"x" : 0.089629584254379072,
			"y" : 0.0049243502706608142,
			"z" : 0.049819292774639042
		}
	},
	"candidate_24" : 
	{
		"gripper" : 5,
		"method" : 3,
		"orientation" : 
		{
			"w" : 0.53487329581699061,
			"x" : 0.0092119339868089595,
			"y" : -0.84403907275618306,
			"z" : -0.037732497332873795
		},
		"parent_frame_id" : "angular_groundtruth_frame_id",
		"position" : 
		{
			"x" : 0.089503056911231144,
			"y" : 0.0068924450037990527,
			"z" : 0.0497372258953135
		}
	},
	"candidate_25" : 
	{
		"gripper" : 5,
		"method" : 3,
		"orientation" : 
		{
			"w" : 0.52314429189253853,
			"x" : 0.0096672809755573644,
			"y" : -0.85162411520930037,
			"z" : -0.031031595717440387
		},
		"parent_frame_id" : "angular_groundtruth_frame_id",
		"position" : 
		{
			"x" : 0.088961708176783047,
			"y" : 0.00781553423533741,
			"z" : 0.050332519836733008
		}
	},
	"candidate_26" : 
	{
		"gripper" : 5,
		"method" : 3,
		"orientation" : 
		{
			"w" : 0.50685993120189299,
			"x" : 0.0085498602522725772,
			"y" : -0.86155885493254136,
			"z" : -0.02713391823911742
		},
		"parent_frame_id" : "angular_groundtruth_frame_id",
		"position" : 
		{
			"x" : 0.088763846791675594,
			"y" : 0.0042212863597035077,
			"z" : 0.050570044879410386
		}
	},
	"candidate_27" : 
	{
		"gripper" : 5,
		"method" : 3,
		"orientation" : 
		{
			"w" : 0.50531813962866279,
			"x" : 0.010693242969337845,
			"y" : -0.8626197355795816,
			"z" : -0.020650038877413096
		},
		"parent_frame_id" : "angular_groundtruth_frame_id",
		"position" : 
		{
			"x" : 0.088804667749386668,
			"y" : 0.0044157757092077041,