{
	"object_pose_0" : 
	{
		"orientation" : 
		{
			"w" : -0.08150183531018361,
			"x" : -0.32805093691936038,
			"y" : 0.89977454564906623,
			"z" : -0.27594551350722285
		},
		"parent_frame_id" : "camera_link",
		"position" : 
		{
			"x" : -0.015314942656363659,
			"y" : -0.045140566717188496,
			"z" : 0.55438774903812593
		}
	}
}
