{
	"candidate_0" : 
	{
		"gripper" : 5,
		"method" : 3,
		"orientation" : 
		{
			"w" : 0.12577579562202348,
			"x" : 0.83310038624921046,
			"y" : 0.19431154098390802,
			"z" : -0.50236164334821842
		},
		"parent_frame_id" : "6dmimic_base",
		"position" : 
		{
			"x" : -0.062403300000000002,
			"y" : 1.5840502999999999,
			"z" : 0.15570609999999999
		}
	},
	"candidate_1" : 
	{
		"gripper" : 5,
		"method" : 3,
		"orientation" : 
		{
			"w" : 0.47020202337234707,
			"x" : 0.68804970760138295,
			"y" : 0.3994326949212082,
			"z" : -0.38203557336219779
		},
		"parent_frame_id" : "6dmimic_base",
		"position" : 
		{
			"x" : -0.063243199999999999,
			"y" : 1.5850815,
			"z" : 0.16116349999999999
		}
	},
	"candidate_10" : 
	{
		"gripper" : 5,
		"method" : 3,
		"orientation" : 
		{
			"w" : -0.034618353854514575,
			"x" : -0.95669428587958771,
			"y" : -0.1547293913274011,
			"z" : 0.2441237972857242
		},
		"parent_frame_id" : "6dmimic_base",
		"position" : 
		{
			"x" : -0.1009521,
			"y" : 1.5711396,
			"z" : 0.1831072
		}
	},
	"candidate_11" : 
	{
		"gripper" : 5,
		"method" : 3,
		"orientation" : 
		{
			"w" : -0.028361988364451932,
			"x" : -0.95926522076004761,
			"y" : -0.144954515656008,
			"z" : 0.24081948062215391
		},
		"parent_frame_id" : "6dmimic_base",
		"position" : 
		{
			"x" : -0.0968498,
			"y" : 1.5715431,
			"z" : 0.18241270000000001
		}
	},
	"candidate_12" : 
	{
		"gripper" : 5,
		"method" : 3,
		"orientation" : 
		{
			"w" : 0.042412009911936881,
			"x" : 0.96964779934206269,
			"y" : 0.23684809467383372,
			"z" : 0.043443603622390178
		},
		"parent_frame_id" : "6dmimic_base",
		"position" : 
		{
			"x" : -0.12868679999999999,
			"y" : 1.5502975999999999,
			"z" : 0.17927670000000001
		}
	},
	"candidate_13" : 
	{
		"gripper" : 5,
		"method" : 3,
		"orientation" : 
		{
			"w" : 0.041061120201178899,
			"x" : 0.97177428221602491,
			"y" : 0.22740728991961423,
			"z" : 0.047483189896745423
		},
		"parent_frame_id" : "6dmimic_base",
		"position" : 
		{
			"x" : -0.12530520000000001,
			"y" : 1.5512262999999999,
			"z" : 0.1795552
		}
	},
	"candidate_14" : 
	{
		"gripper" : 5,
		"method" : 3,
		"orientation" : 
		{
			"w" : 0.033000573150358162,
			"x" : 0.97117530763894844,
			"y" : 0.23125925434699077,
			"z" : 0.047419840605125003
		},
		"parent_frame_id" : "6dmimic_base",
		"position" : 
		{
			"x" : -0.12842239999999999,
			"y" : 1.5515871999999999,
			"z" : 0.17931739999999999
		}
	},
	"candidate_15" : 
	{
		"gripper" : 5,
		"method" : 3,
		"orientation" : 
		{
			"w" : 0.039354068846385537,
			"x" : 0.96923138766598249,
			"y" : 0.23913857754232462,
			"z" : 0.043064082009735799
		},
		"parent_frame_id" : "6dmimic_base",
		"position" : 
		{
			"x" : -0.12849849999999999,
			"y" : 1.5496793,
			"z" : 0.17949280000000001
		}
	},
	"candidate_16" : 
	{
		"gripper" : 5,
		"method" : 3,
		"orientation" : 
		{
			"w" : 0.037170855869985982,
			"x" : 0.96805541270336337,
			"y" : 0.24470331189886144,
			"z" : 0.040091577112182017
		},
		"parent_frame_id" : "6dmimic_base",
		"position" : 
		{
			"x" : -0.13174749999999999,
			"y" : 1.5490818,
			"z" : 0.1794105
		}
	},
	"candidate_17" : 
	{
		"gripper" : 5,
		"method" : 3,
		"orientation" : 
		{
			"w" : -0.035523511379441694,
			"x" : 0.91784833075341821,
			"y" : 0.2069080853583177,
			"z" : 0.3368702511142736
		},
		"parent_frame_id" : "6dmimic_base",
		"position" : 
		{
			"x" : -0.16342580000000001,
			"y" : 1.5351973999999999,
			"z" : 0.18461839999999999
		}
	},
	"candidate_18" : 
	{
		"gripper" : 5,
		"method" : 3,
		"orientation" : 
		{
			"w" : -0.040459190295947738,
			"x" : 0.92269773786976705,
			"y" : 0.21893966787078636,
			"z" : 0.31473379272528157
		},
		"parent_frame_id" : "6dmimic_base",
		"position" : 
		{
			"x" : -0.16457659999999999,
			"y" : 1.5336006,
			"z" : 0.18269579999999999
		}
	},
	"candidate_19" : 
	{
		"gripper" : 5,
		"method" : 3,
		"orientation" : 
		{
			"w" : -0.04804320806946695,
			"x" : 0.92736582003308121,
			"y" : 0.21628555857110224,
			"z" : 0.30150463204791939
		},
		"parent_frame_id" : "6dmimic_base",
		"position" : 
		{
			"x" : -0.16636100000000001,
			"y" : 1.533935,
			"z" : 0.18151729999999999
		}
	},
	"candidate_2" : 
	{
		"gripper" : 5,
		"method" : 3,
		"orientation" : 
		{
			"w" : 0.12903738808502055,
			"x" : 0.83309500524193381,
			"y" : 0.19597772070943187,
			"z" : -0.50089399846941074
		},
		"parent_frame_id" : "6dmimic_base",
		"position" : 
		{
			"x" : -0.062690599999999999,
			"y" : 1.5864563,
			"z" : 0.15295139999999999
		}
	},
	"candidate_20" : 
	{
		"gripper" : 5,
		"method" : 3,
		"orientation" : 
		{
			"w" : -0.054813629406652131,
			"x" : 0.93211174457204948,
			"y" : 0.2204127172148565,
			"z" : 0.28210174716241043
		},
		"parent_frame_id" : "6dmimic_base",
		"position" : 
		{
			"x" : -0.17121500000000001,
			"y" : 1.5346352000000001,
			"z" : 0.1784134
		}
	},
	"candidate_21" : 
	{
		"gripper" : 5,
		"method" : 3,
		"orientation" : 
		{
			"w" : 0.072779773832565675,
			"x" : -0.9338436801384582,
			"y" : -0.21389256387525288,
			"z" : -0.27728876051007217
		},
		"parent_frame_id" : "6dmimic_base",
		"position" : 
		{
			"x" : -0.1710219,
			"y" : 1.53589,
			"z" : 0.1787086
		}
	},
	"candidate_22" : 
	{
		"gripper" : 5,
		"method" : 3,
		"orientation" : 
		{
			"w" : 0.079273558521629761,
			"x" : -0.93585516311136763,
			"y" : -0.21791295128389046,
			"z" : -0.26533895729775092
		},
		"parent_frame_id" : "6dmimic_base",
		"position" : 
		{
			"x" : -0.1715129,
			"y" : 1.5353981999999999,
			"z" : 0.1786122
		}
	},
	"candidate_23" : 
	{
		"gripper" : 5,
		"method" : 3,
		"orientation" : 
		{
			"w" : -0.067368238593087076,
			"x" : 0.82273610718658052,
			"y" : 0.16301985877351283,
			"z" : 0.54036223406692696
		},
		"parent_frame_id" : "6dmimic_base",
		"position" : 
		{
			"x" : -0.19758990000000001,
			"y" : 1.5193888,
			"z" : 0.14646439999999999
		}
	},
	"candidate_24" : 
	{
		"gripper" : 5,
		"method" : 3,
		"orientation" : 
		{
			"w" : -0.07460100086563369,
			"x" : 0.83186950628266598,
			"y" : 0.16568279600661664,
			"z" : 0.52438251905866329
		},
		"parent_frame_id" : "6dmimic_base",
		"position" : 
		{
			"x" : -0.19673009999999999,
			"y" : 1.5176069999999999,
			"z" : 0.1463322
		}
	},
	"candidate_25" : 
	{
		"gripper" : 5,
		"method" : 3,
		"orientation" : 
		{
			"w" : -0.079010669374758008,
			"x" : 0.83904577885649312,
			"y" : 0.16764668409713146,
			"z" : 0.51152134307308261
		},
		"parent_frame_id" : "6dmimic_base",
		"position" : 
		{
			"x" : -0.19586490000000001,
			"y" : 1.5169425000000001,
			"z" : 0.14689940000000001
		}
	},
	"candidate_26" : 
	{
		"gripper" : 5,
		"method" : 3,
		"orientation" : 
		{
			"w" : -0.079805684001398924,
			"x" : 0.84881698775392533,
			"y" : 0.16859217564261295,
			"z" : 0.49468924833021372
		},
		"parent_frame_id" : "6dmimic_base",
		"position" : 
		{
			"x" : -0.19703470000000001,
			"y" : 1.5203571,
			"z" : 0.14722270000000001
		}
	},
	"candidate_27" : 
	{
		"gripper" : 5,
		"method" : 3,
		"orientation" : 
		{
			"w" : -0.08590372760007986,
			"x" : 0.84936395139296983,
			"y" : 0.17085517902568439,
			"z" : 0.49194505329216737
		},
		"parent_frame_id" : "6dmimic_base",
		"position" : 
		{
			"x" : -0.19699839999999999,
			"y" : 1.5201602000000001,
			"z" : 0.1472494
		}
	},
	"candidate_28" : 
	{
		"gripper" : 5,
		"method" : 3,
		"orientation" : 
		{
			"w" : -0.083403386007732214,
			"x" : 0.84833830133593879,
			"y" : 0.18124536728221233,
			"z" : 0.49042442692797716
		},
		"parent_frame_id" : "6dmimic_base",
		"position" : 
		{
			"x" : -0.19637299999999999,
			"y" : 1.519868,
			"z" : 0.14780260000000001
		}
	},
	"candidate_3" : 
	{
		"gripper" : 5,
		"method" : 3,
		"orientation" : 
		{
			"w" : 0.055111178472874417,
			"x" : -0.82757170200465968,
			"y" : -0.094466491830240862,
			"z" : 0.5506032309837352
		},
		"parent_frame_id" : "6dmimic_base",
		"position" : 
		{
			"x" : -0.057291099999999998,
			"y" : 1.5823849999999999,