{
	"candidate_0" : 
	{
		"gripper" : 5,
		"method" : 3,
		"orientation" : 
		{
			"w" : -0.021788178779632031,
			"x" : 0.67137471013893313,
			"y" : 0.73856571078060917,
			"z" : 0.057462724530463249
		},
		"parent_frame_id" : "angular_groundtruth_frame_id",
		"position" : 
		{
			"x" : -0.0014061421706051099,
			"y" : -0.0048743340745271702,
			"z" : 0.094402668984085378
		}
	},
	"candidate_1" : 
	{
		"gripper" : 5,
		"method" : 3,
		"orientation" : 
		{
			"w" : -0.017740111559859658,
			"x" : 0.66803853342572594,
			"y" : 0.74173862417827463,
			"z" : 0.056864925062547526
		},
		"parent_frame_id" : "angular_groundtruth_frame_id",
		"position" : 
		{
			"x" : 0.00091618745860270762,
			"y" : -0.0054390955553938504,
			"z" : 0.094132911068614988
		}
	},
	"candidate_10" : 
	{
		"gripper" : 5,
		"method" : 3,
		"orientation" : 
		{
			"w" : 0.043124969999673475,
			"x" : 0.050714013229034606,
			"y" : -0.99526664640469398,
			"z" : -0.07079991793135286
		},
		"parent_frame_id" : "angular_groundtruth_frame_id",
		"position" : 
		{
			"x" : 0.01912356829227789,
			"y" : -0.0011027622734054499,
			"z" : 0.094748172188653709
		}
	},
	"candidate_11" : 
	{
		"gripper" : 5,
		"method" : 3,
		"orientation" : 
		{
			"w" : 0.029575917445471809,
			"x" : 0.057867205374152672,
			"y" : -0.99536210499064437,
			"z" : -0.070929060321124393
		},
		"parent_frame_id" : "angular_groundtruth_frame_id",
		"position" : 
		{
			"x" : 0.022723054987047544,
			"y" : 0.00020630340326206363,
			"z" : 0.094772940121910842
		}
	},
	"candidate_12" : 
	{
		"gripper" : 5,
		"method" : 3,
		"orientation" : 
		{
			"w" : 0.1002911156351699,
			"x" : 0.27060368012939295,
			"y" : -0.92874946934848868,
			"z" : -0.23267952984734849
		},
		"parent_frame_id" : "angular_groundtruth_frame_id",
		"position" : 
		{
			"x" : 0.014255684105818869,
			"y" : -0.0130328110138224,
			"z" : 0.10247585617186011
		}
	},
	"candidate_13" : 
	{
		"gripper" : 5,
		"method" : 3,
		"orientation" : 
		{
			"w" : 0.033793207741455375,
			"x" : 0.2982232215945555,
			"y" : -0.9525658979378121,
			"z" : -0.05038987297301812
		},
		"parent_frame_id" : "angular_groundtruth_frame_id",
		"position" : 
		{
			"x" : 0.014691070198135687,
			"y" : 0.0081833489754263317,
			"z" : 0.095081107139339482
		}
	},
	"candidate_14" : 
	{
		"gripper" : 5,
		"method" : 3,
		"orientation" : 
		{
			"w" : 0.22299501230542804,
			"x" : 0.12268420648906235,
			"y" : -0.68607618990948571,
			"z" : -0.68155797376623395
		},
		"parent_frame_id" : "angular_groundtruth_frame_id",
		"position" : 
		{
			"x" : 0.0042869967754538846,
			"y" : -0.065858749660418783,
			"z" : 0.12186427838721198
		}
	},
	"candidate_15" : 
	{
		"gripper" : 5,
		"method" : 3,
		"orientation" : 
		{
			"w" : -0.03751295220955396,
			"x" : 0.67747497587977668,
			"y" : 0.73127929601883856,
			"z" : 0.069649312181899153
		},
		"parent_frame_id" : "angular_groundtruth_frame_id",
		"position" : 
		{
			"x" : -0.0028733642970616342,
			"y" : -0.0028605751191433993,
			"z" : 0.094495625889013793
		}
	},
	"candidate_16" : 
	{
		"gripper" : 5,
		"method" : 3,
		"orientation" : 
		{
			"w" : -0.034494009582398101,
			"x" : 0.68242345609816379,
			"y" : 0.72681152707736008,
			"z" : 0.069666304462363604
		},
		"parent_frame_id" : "angular_groundtruth_frame_id",
		"position" : 
		{
			"x" : -0.004623310702756081,
			"y" : -0.0013833039796993783,
			"z" : 0.094590863967122241
		}
	},
	"candidate_17" : 
	{
		"gripper" : 5,
		"method" : 3,
		"orientation" : 
		{
			"w" : -0.032459277783867257,
			"x" : 0.66962037915009653,
			"y" : 0.73896427256060637,
			"z" : 0.066983184394327364
		},
		"parent_frame_id" : "angular_groundtruth_frame_id",
		"position" : 
		{
			"x" : -0.0051030212086092177,
			"y" : -0.002989298841517567,
			"z" : 0.094591414530634077
		}
	},
	"candidate_18" : 
	{
		"gripper" : 5,
		"method" : 3,
		"orientation" : 
		{
			"w" : -0.025397019058943551,
			"x" : 0.46897266865156872,
			"y" : 0.87972826112212021,
			"z" : 0.07414724582745133
		},
		"parent_frame_id" : "angular_groundtruth_frame_id",
		"position" : 
		{
			"x" : 0.0076137607406953235,
			"y" : -0.0075582351192929748,
			"z" : 0.095027777918848449
		}
	},
	"candidate_19" : 
	{
		"gripper" : 5,
		"method" : 3,
		"orientation" : 
		{
			"w" : -0.020881931077521933,
			"x" : 0.4667732901833912,
			"y" : 0.88073794275854322,
			"z" : 0.077377753335790098
		},
		"parent_frame_id" : "angular_groundtruth_frame_id",
		"position" : 
		{
			"x" : 0.0098791024963785553,
			"y" : -0.0092673509256773739,
			"z" : 0.094320303506391159
		}
	},
	"candidate_2" : 
	{
		"gripper" : 5,
		"method" : 3,
		"orientation" : 
		{
			"w" : -0.014478710042698063,
			"x" : 0.67594403640413192,
			"y" : 0.73494078454246148,
			"z" : 0.052460173668223829
		},
		"parent_frame_id" : "angular_groundtruth_frame_id",
		"position" : 
		{
			"x" : 0.0010690316125634997,
			"y" : -0.0050486933041724389,
			"z" : 0.094274550286448863
		}
	},
	"candidate_20" : 
	{
		"gripper" : 5,
		"method" : 3,
		"orientation" : 
		{
			"w" : -0.015119051544094035,
			"x" : 0.4709828432557906,
			"y" : 0.87954832814234873,
			"z" : 0.065888649258409066
		},
		"parent_frame_id" : "angular_groundtruth_frame_id",
		"position" : 
		{
			"x" : 0.0081008852496734784,
			"y" : -0.0087077329279477509,
			"z" : 0.094692538149743655
		}
	},
	"candidate_21" : 
	{
		"gripper" : 5,
		"method" : 3,
		"orientation" : 
		{
			"w" : -0.024573123648626471,
			"x" : 0.23887007930235654,
			"y" : 0.96764002545547045,
			"z" : 0.077524370005643245
		},
		"parent_frame_id" : "angular_groundtruth_frame_id",
		"position" : 
		{
			"x" : 0.015894880151893949,
			"y" : -0.0076980649470748657,
			"z" : 0.09425543194414511
		}
	},
	"candidate_22" : 
	{
		"gripper" : 5,
		"method" : 3,
		"orientation" : 
		{
			"w" : -0.026542429230954803,
			"x" : 0.24651368642383203,
			"y" : 0.96598812041055371,
			"z" : 0.073440132638346436
		},
		"parent_frame_id" : "angular_groundtruth_frame_id",
		"position" : 
		{
			"x" : 0.011217907130500778,
			"y" : -0.0058667953882150445,
			"z" : 0.094538109916006169
		}
	},
	"candidate_23" : 
	{
		"gripper" : 5,
		"method" : 3,
		"orientation" : 
		{
			"w" : -0.015647900924421036,
			"x" : 0.25045462120190859,
			"y" : 0.96515917256287065,
			"z" : 0.07413094855067387
		},
		"parent_frame_id" : "angular_groundtruth_frame_id",
		"position" : 
		{
			"x" : 0.018078987623438032,
			"y" : -0.0081463513125554915,
			"z" : 0.094087204275545955
		}
	},
	"candidate_24" : 
	{
		"gripper" : 5,
		"method" : 3,
		"orientation" : 
		{
			"w" : 0.036806830209564656,
			"x" : 0.02569460790899095,
			"y" : -0.99649463683517614,
			"z" : -0.070593789621026221
		},
		"parent_frame_id" : "angular_groundtruth_frame_id",
		"position" : 
		{
			"x" : 0.022191173248082431,
			"y" : -0.0045023546141638119,
			"z" : 0.094422913491496341
		}
	},
	"candidate_25" : 
	{
		"gripper" : 5,
		"method" : 3,
		"orientation" : 
		{
			"w" : 0.052060479680552524,
			"x" : 0.020936458937121604,
			"y" : -0.99618944202944681,
			"z" : -0.066768006797149726
		},
		"parent_frame_id" : "angular_groundtruth_frame_id",
		"position" : 
		{
			"x" : 0.012723538579826939,
			"y" : -0.00095780012781064615,
			"z" : 0.095576844914401007
		}
	},
	"candidate_26" : 
	{
		"gripper" : 5,
		"method" : 3,
		"orientation" : 
		{
			"w" : 0.037752671688224264,
			"x" : 0.0235086904191272,
			"y" : -0.99718455627259894,
			"z" : -0.060374149986552474
		},
		"parent_frame_id" : "angular_groundtruth_frame_id",
		"position" : 
		{
			"x" : 0.018049407985552605,
			"y" : -0.0029488027332487685,
			"z" : 0.094966652036370156
		}
	},
	"candidate_27" : 
	{
		"gripper" : 5,
		"method" : 3,
		"orientation" : 
		{
			"w" : 0.037570676673117476,
			"x" : 0.27868608061935241,
			"y" : -0.95743387349909359,
			"z" : -0.065137474619989574
		},
		"parent_frame_id" : "angular_groundtruth_frame_id",
		"position" : 
		{
			"x" : 0.016996397078114799,
			"y" : 0.0064956777102577433,
			"z" : 0.095345300847680517
		}
	},