{
	"object_pose_0" : 
	{
		"orientation" : 
		{
			"w" : -0.089688317792269309,
			"x" : -0.32575336740286304,
			"y" : 0.90393131627791756,
			"z" : -0.26220061601955824
		},
		"parent_frame_id" : "camera_link",
		"position" : 
		{
			"x" : -0.032839659218281601,
			"y" : -0.045633038524372421,
			"z" : 0.54925984894479352
		}
	}
}
