{
	"candidate_0" : 
	{
		"gripper" : 5,
		"method" : 3,
		"orientation" : 
		{
			"w" : 0.038335393474214087,
			"x" : 0.85503093239185468,
			"y" : -0.51710795125055997,
			"z" : 0.0072020145613128205
		},
		"parent_frame_id" : "6dmimic_base",
		"position" : 
		{
			"x" : -0.12136470000000001,
			"y" : 1.5425613,
			"z" : 0.19415450000000001
		}
	},
	"candidate_1" : 
	{
		"gripper" : 5,
		"method" : 3,
		"orientation" : 
		{
			"w" : 0.038407273663014288,
			"x" : 0.85745001667229104,
			"y" : -0.51312206514530134,
			"z" : 0.0031774989352417772
		},
		"parent_frame_id" : "6dmimic_base",
		"position" : 
		{
			"x" : -0.1237432,
			"y" : 1.5422222999999999,
			"z" : 0.19393479999999999
		}
	},
	"candidate_10" : 
	{
		"gripper" : 5,
		"method" : 3,
		"orientation" : 
		{
			"w" : 0.033594272154024656,
			"x" : 0.96899558452408152,
			"y" : 0.24003670655003759,
			"z" : 0.047972508376006417
		},
		"parent_frame_id" : "6dmimic_base",
		"position" : 
		{
			"x" : -0.13900509999999999,
			"y" : 1.5312840000000001,
			"z" : 0.1944466
		}
	},
	"candidate_11" : 
	{
		"gripper" : 5,
		"method" : 3,
		"orientation" : 
		{
			"w" : 0.036249114491047008,
			"x" : 0.96759497726218868,
			"y" : 0.24744292325984119,
			"z" : 0.034899303778497801
		},
		"parent_frame_id" : "6dmimic_base",
		"position" : 
		{
			"x" : -0.1418546,
			"y" : 1.5287066,
			"z" : 0.19442480000000001
		}
	},
	"candidate_12" : 
	{
		"gripper" : 5,
		"method" : 3,
		"orientation" : 
		{
			"w" : 0.18120421664920022,
			"x" : 0.8665308975457886,
			"y" : 0.4429561881588312,
			"z" : 0.14170056753181295
		},
		"parent_frame_id" : "6dmimic_base",
		"position" : 
		{
			"x" : -0.138761,
			"y" : 1.5438213999999999,
			"z" : 0.2028374
		}
	},
	"candidate_13" : 
	{
		"gripper" : 5,
		"method" : 3,
		"orientation" : 
		{
			"w" : 0.014213942258118981,
			"x" : 0.87901248715104807,
			"y" : 0.47472828415044455,
			"z" : 0.042048394803920121
		},
		"parent_frame_id" : "6dmimic_base",
		"position" : 
		{
			"x" : -0.1313734,
			"y" : 1.524313,
			"z" : 0.1942132
		}
	},
	"candidate_14" : 
	{
		"gripper" : 5,
		"method" : 3,
		"orientation" : 
		{
			"w" : 0.60603771275590668,
			"x" : 0.67019591335045814,
			"y" : 0.25216650589426964,
			"z" : 0.34636365535519137
		},
		"parent_frame_id" : "6dmimic_base",
		"position" : 
		{
			"x" : -0.1488727,
			"y" : 1.5957026000000001,
			"z" : 0.22521920000000001
		}
	},
	"candidate_15" : 
	{
		"gripper" : 5,
		"method" : 3,
		"orientation" : 
		{
			"w" : 0.04753168733816554,
			"x" : 0.84953106541943713,
			"y" : -0.52480411843605723,
			"z" : 0.024866540946736987
		},
		"parent_frame_id" : "6dmimic_base",
		"position" : 
		{
			"x" : -0.119239,
			"y" : 1.5412397,
			"z" : 0.19412070000000001
		}
	},
	"candidate_16" : 
	{
		"gripper" : 5,
		"method" : 3,
		"orientation" : 
		{
			"w" : 0.048295058456282437,
			"x" : 0.8460689896050545,
			"y" : -0.53043280408440319,
			"z" : 0.021814960658764745
		},
		"parent_frame_id" : "6dmimic_base",
		"position" : 
		{
			"x" : -0.117053,
			"y" : 1.5405233,
			"z" : 0.1941177
		}
	},
	"candidate_17" : 
	{
		"gripper" : 5,
		"method" : 3,
		"orientation" : 
		{
			"w" : 0.045602211753696165,
			"x" : 0.8554446605557422,
			"y" : -0.51551242612403636,
			"z" : 0.019539946815486736
		},
		"parent_frame_id" : "6dmimic_base",
		"position" : 
		{
			"x" : -0.11721330000000001,
			"y" : 1.5421967999999999,
			"z" : 0.1942065
		}
	},
	"candidate_18" : 
	{
		"gripper" : 5,
		"method" : 3,
		"orientation" : 
		{
			"w" : 0.048275627908548925,
			"x" : 0.955202120066592,
			"y" : -0.29142640258726077,
			"z" : 0.018139058558014089
		},
		"parent_frame_id" : "6dmimic_base",
		"position" : 
		{
			"x" : -0.13073950000000001,
			"y" : 1.5416164999999999,
			"z" : 0.19500600000000001
		}
	},
	"candidate_19" : 
	{
		"gripper" : 5,
		"method" : 3,
		"orientation" : 
		{
			"w" : 0.052262332626790739,
			"x" : 0.95581690903014538,
			"y" : -0.28892198961530946,
			"z" : 0.01437946164487282
		},
		"parent_frame_id" : "6dmimic_base",
		"position" : 
		{
			"x" : -0.1335095,
			"y" : 1.5423842999999999,
			"z" : 0.19441269999999999
		}
	},
	"candidate_2" : 
	{
		"gripper" : 5,
		"method" : 3,
		"orientation" : 
		{
			"w" : 0.034970421821220482,
			"x" : 0.85214618642049045,
			"y" : -0.52213303789071697,
			"z" : -0.0010184840067115047
		},
		"parent_frame_id" : "6dmimic_base",
		"position" : 
		{
			"x" : -0.1237338,
			"y" : 1.5417947000000001,
			"z" : 0.19405559999999999
		}
	},
	"candidate_20" : 
	{
		"gripper" : 5,
		"method" : 3,
		"orientation" : 
		{
			"w" : 0.042167728092779036,
			"x" : 0.95508996932708867,
			"y" : -0.29322997828999359,
			"z" : 0.0064197375587997808
		},
		"parent_frame_id" : "6dmimic_base",
		"position" : 
		{
			"x" : -0.13163549999999999,
			"y" : 1.5425173999999999,
			"z" : 0.19473969999999999
		}
	},
	"candidate_21" : 
	{
		"gripper" : 5,
		"method" : 3,
		"orientation" : 
		{
			"w" : 0.04720340731345557,
			"x" : 0.99741831510221513,
			"y" : -0.048781796935868309,
			"z" : 0.023428173730914166
		},
		"parent_frame_id" : "6dmimic_base",
		"position" : 
		{
			"x" : -0.1385083,
			"y" : 1.5386568,
			"z" : 0.19430520000000001
		}
	},
	"candidate_22" : 
	{
		"gripper" : 5,
		"method" : 3,
		"orientation" : 
		{
			"w" : 0.04293546793366617,
			"x" : 0.99717016123705138,
			"y" : -0.056688820700706306,
			"z" : 0.024384272376952159
		},
		"parent_frame_id" : "6dmimic_base",
		"position" : 
		{
			"x" : -0.1334639,
			"y" : 1.5387078000000001,
			"z" : 0.1944467
		}
	},
	"candidate_23" : 
	{
		"gripper" : 5,
		"method" : 3,
		"orientation" : 
		{
			"w" : 0.04576107382984617,
			"x" : 0.99702958248193585,
			"y" : -0.060410637004257986,
			"z" : 0.013729192058385766
		},
		"parent_frame_id" : "6dmimic_base",
		"position" : 
		{
			"x" : -0.14071149999999999,
			"y" : 1.5382567,
			"z" : 0.1941795
		}
	},
	"candidate_24" : 
	{
		"gripper" : 5,
		"method" : 3,
		"orientation" : 
		{
			"w" : 0.034803377779044839,
			"x" : 0.97493209851472473,
			"y" : 0.21589749290265231,
			"z" : 0.041041451475224214
		},
		"parent_frame_id" : "6dmimic_base",
		"position" : 
		{
			"x" : -0.14314730000000001,
			"y" : 1.5333003999999999,
			"z" : 0.1943396
		}
	},
	"candidate_25" : 
	{
		"gripper" : 5,
		"method" : 3,
		"orientation" : 
		{
			"w" : 0.028178685735996016,
			"x" : 0.97558295977708809,
			"y" : 0.2107197767057995,
			"z" : 0.055145498164641302
		},
		"parent_frame_id" : "6dmimic_base",
		"position" : 
		{
			"x" : -0.1329804,
			"y" : 1.5335255000000001,
			"z" : 0.19521839999999999
		}
	},
	"candidate_26" : 
	{
		"gripper" : 5,
		"method" : 3,
		"orientation" : 
		{
			"w" : 0.024597901453043459,
			"x" : 0.97575830772688432,
			"y" : 0.21376419392345047,
			"z" : 0.039944180331189606
		},
		"parent_frame_id" : "6dmimic_base",
		"position" : 
		{
			"x" : -0.1386974,
			"y" : 1.5333942,
			"z" : 0.19476289999999999
		}
	},
	"candidate_27" : 
	{
		"gripper" : 5,
		"method" : 3,
		"orientation" : 
		{
			"w" : 0.02800727526154036,
			"x" : 0.88797064098766754,
			"y" : 0.45652972591057983,
			"z" : 0.048003568996338924
		},
		"parent_frame_id" : "6dmimic_base",
		"position" : 
		{
			"x" : -0.1341444,
			"y" : 1.5249971,
			"z" : 0.19459290000000001
		}
	},
	"candidate_28" : 
	{
		"gripper" : 5,
		"method" : 3,
		"orientation" : 
		{
			"w" : 0.033761963410560557,
			"x" : 0.88398385588533301,
			"y" : 0.46455194074032607,
			"z" : 0.040300951789741676
		},
		"parent_frame_id" : "6dmimic_base",
		"position" : 
		{
			"x" : -0.1295578,
			"y" : 1.5247881000000001,
			"z" : 0.19505459999999999
		}
	},
	"candidate_29" : 
	{
		"gripper" : 5,
		"method" : 3,
		"orientation" : 
		{
			"w" : 0.022803075570402051,
			"x" : 0.88353419896525509,
			"y" : 0.46634699929126422,
			"z" : 0.036983986472377953
		},
		"parent_frame_id" : "6dmimic_base",
		"position" : 
		{
			"x" : -0.133021,
			"y" : 1.5235458,
			"z" : 0.19507330000000001
		}
	},
	"candidate_3" : 
	{
		"gripper" : 5,
		"method" : 3,