{
	"candidate_0" : 
	{
		"gripper" : 5,
		"method" : 3,
		"orientation" : 
		{
			"w" : 0.0095526378696981669,
			"x" : 0.66895458333103641,
			"y" : 0.74146448416937627,
			"z" : 0.051370529154085354
		},
		"parent_frame_id" : "angular_groundtruth_frame_id",
		"position" : 
		{
			"x" : 0.0052045059232964652,
			"y" : -0.011124372131107618,
			"z" : 0.088336383189475051
		}
	},
	"candidate_1" : 
	{
		"gripper" : 5,
		"method" : 3,
		"orientation" : 
		{
			"w" : -0.042452370847611345,
			"x" : 0.67797519784827454,
			"y" : 0.73385345967177695,
			"z" : 0.0025548071890893064
		},
		"parent_frame_id" : "angular_groundtruth_frame_id",
		"position" : 
		{
			"x" : 0.030989173679970339,
			"y" : -0.0087278760834375024,
			"z" : 0.088658519901824343
		}
	},
	"candidate_2" : 
	{
		"gripper" : 5,
		"method" : 3,
		"orientation" : 
		{
			"w" : -0.13535359527977575,
			"x" : 0.70017931568375924,
			"y" : 0.68898250055852239,
			"z" : -0.12935008333042164
		},
		"parent_frame_id" : "angular_groundtruth_frame_id",
		"position" : 
		{
			"x" : 0.049510763188561291,
			"y" : -0.0086027128250409923,
			"z" : 0.082238716820420263
		}
	},
	"candidate_3" : 
	{
		"gripper" : 5,
		"method" : 3,
		"orientation" : 
		{
			"w" : -0.24417921606455353,
			"x" : 0.66807462892168601,
			"y" : 0.67555007685902135,
			"z" : -0.19412597530732864
		},
		"parent_frame_id" : "angular_groundtruth_frame_id",
		"position" : 
		{
			"x" : 0.069465835850143876,
			"y" : -0.0056158474717715734,
			"z" : 0.070829703372606509
		}
	},
	"candidate_4" : 
	{
		"gripper" : 5,
		"method" : 3,
		"orientation" : 
		{
			"w" : -0.33748132431249039,
			"x" : 0.62370970947139848,
			"y" : 0.65618574401646934,
			"z" : -0.25790080147402411
		},
		"parent_frame_id" : "angular_groundtruth_frame_id",
		"position" : 
		{
			"x" : 0.086356201191350124,
			"y" : 0.00026233826380894776,
			"z" : 0.053462902662959458
		}
	},
	"candidate_5" : 
	{
		"gripper" : 5,
		"method" : 3,
		"orientation" : 
		{
			"w" : -0.45418436790221278,
			"x" : 0.57553398830153701,
			"y" : 0.59742585636400303,
			"z" : -0.32489926809817737
		},
		"parent_frame_id" : "angular_groundtruth_frame_id",
		"position" : 
		{
			"x" : 0.10317504344269279,
			"y" : 0.006296231127893348,
			"z" : 0.025414664951309847
		}
	},
	"candidate_6" : 
	{
		"gripper" : 5,
		"method" : 3,
		"orientation" : 
		{
			"w" : 0.099188226352777839,
			"x" : 0.66201099047560741,
			"y" : 0.73596116052876548,
			"z" : 0.10131295295098207
		},
		"parent_frame_id" : "angular_groundtruth_frame_id",
		"position" : 
		{
			"x" : -0.022225611388731581,
			"y" : -0.010105473113183994,
			"z" : 0.08715256725798215
		}
	},
	"candidate_7" : 
	{
		"gripper" : 5,
		"method" : 3,
		"orientation" : 
		{
			"w" : 0.19194174523508128,
			"x" : 0.67053185535241944,
			"y" : 0.69522199010748265,
			"z" : 0.17381536717087065
		},
		"parent_frame_id" : "angular_groundtruth_frame_id",
		"position" : 
		{
			"x" : -0.039261091253578795,
			"y" : -0.015681500762832146,
			"z" : 0.077163222510965593
		}
	},
	"candidate_8" : 
	{
		"gripper" : 5,
		"method" : 3,
		"orientation" : 
		{
			"w" : 0.28017278340490148,
			"x" : 0.66415041978843259,
			"y" : 0.63832425181686137,
			"z" : 0.27009180083157469
		},
		"parent_frame_id" : "angular_groundtruth_frame_id",
		"position" : 
		{
			"x" : -0.050388431387187627,
			"y" : -0.020868616084296354,
			"z" : 0.067984999510144223
		}
	},
	"candidate_9" : 
	{
		"gripper" : 5,
		"method" : 3,
		"orientation" : 
		{
			"w" : 0.39395985717510767,
			"x" : 0.63369624773799993,
			"y" : 0.58395307680382014,
			"z" : 0.31972410079426261
		},
		"parent_frame_id" : "angular_groundtruth_frame_id",
		"position" : 
		{
			"x" : -0.079196539186459192,
			"y" : -0.032734196814674599,
			"z" : 0.040076187943428848
		}
	}
}
