{
	"object_pose_0" : 
	{
		"orientation" : 
		{
			"w" : -0.15146321100474738,
			"x" : -0.17638120005417607,
			"y" : 0.80431393067491364,
			"z" : -0.5468341044581424
		},
		"parent_frame_id" : "camera_link",
		"position" : 
		{
			"x" : 0.097590565652172834,
			"y" : 0.11338356464435392,
			"z" : 0.49884916609978669
		}
	}
}
