{
	"candidate_0" : 
	{
		"gripper" : 5,
		"method" : 3,
		"orientation" : 
		{
			"w" : 0.046676452867377052,
			"x" : 0.92162897686305434,
			"y" : -0.38524313795737664,
			"z" : -0.0030103838347939095
		},
		"parent_frame_id" : "6dmimic_base",
		"position" : 
		{
			"x" : -0.044471499999999997,
			"y" : 1.5213338999999999,
			"z" : 0.147484
		}
	},
	"candidate_1" : 
	{
		"gripper" : 5,
		"method" : 3,
		"orientation" : 
		{
			"w" : 0.016475434930934445,
			"x" : -0.91714794954220702,
			"y" : 0.39708761895288297,
			"z" : -0.029826524582858345
		},
		"parent_frame_id" : "6dmimic_base",
		"position" : 
		{
			"x" : -0.063096299999999994,
			"y" : 1.5033418000000001,
			"z" : 0.1477958
		}
	},
	"candidate_2" : 
	{
		"gripper" : 5,
		"method" : 3,
		"orientation" : 
		{
			"w" : 0.17108853747858346,
			"x" : -0.88115763395242408,
			"y" : 0.43456689590801417,
			"z" : -0.073766858762443294
		},
		"parent_frame_id" : "6dmimic_base",
		"position" : 
		{
			"x" : -0.077581999999999998,
			"y" : 1.491781,
			"z" : 0.14140900000000001
		}
	},
	"candidate_3" : 
	{
		"gripper" : 5,
		"method" : 3,
		"orientation" : 
		{
			"w" : 0.26825181363341982,
			"x" : -0.85766410465781806,
			"y" : 0.41024446406030973,
			"z" : -0.15541147889314258
		},
		"parent_frame_id" : "6dmimic_base",
		"position" : 
		{
			"x" : -0.091481000000000007,
			"y" : 1.4771791000000001,
			"z" : 0.1299681
		}
	},
	"candidate_4" : 
	{
		"gripper" : 5,
		"method" : 3,
		"orientation" : 
		{
			"w" : 0.35932354369488262,
			"x" : -0.82444918382004195,
			"y" : 0.37614239986068837,
			"z" : -0.22290587536460399
		},
		"parent_frame_id" : "6dmimic_base",
		"position" : 
		{
			"x" : -0.10127949999999999,
			"y" : 1.4623416,
			"z" : 0.11249580000000001
		}
	},
	"candidate_5" : 
	{
		"gripper" : 5,
		"method" : 3,
		"orientation" : 
		{
			"w" : 0.46076900461790454,
			"x" : -0.75288093568867154,
			"y" : 0.35176640845312834,
			"z" : -0.31164501430949065
		},
		"parent_frame_id" : "6dmimic_base",
		"position" : 
		{
			"x" : -0.1111012,
			"y" : 1.447616,
			"z" : 0.084341299999999994
		}
	},
	"candidate_6" : 
	{
		"gripper" : 5,
		"method" : 3,
		"orientation" : 
		{
			"w" : 0.12350895096463901,
			"x" : 0.91425407852366669,
			"y" : -0.379279430242835,
			"z" : -0.070937526945376528
		},
		"parent_frame_id" : "6dmimic_base",
		"position" : 
		{
			"x" : -0.022442500000000001,
			"y" : 1.5377042999999999,
			"z" : 0.14622540000000001
		}
	},
	"candidate_7" : 
	{
		"gripper" : 5,
		"method" : 3,
		"orientation" : 
		{
			"w" : 0.22312442975880506,
			"x" : 0.8789904520569406,
			"y" : -0.39943133746277776,
			"z" : -0.13433495706717546
		},
		"parent_frame_id" : "6dmimic_base",
		"position" : 
		{
			"x" : -0.012793499999999999,
			"y" : 1.55288,
			"z" : 0.13634199999999999
		}
	},
	"candidate_8" : 
	{
		"gripper" : 5,
		"method" : 3,
		"orientation" : 
		{
			"w" : 0.3437791739396418,
			"x" : 0.82383123112694012,
			"y" : -0.41080882256711704,
			"z" : -0.18534857292751647
		},
		"parent_frame_id" : "6dmimic_base",
		"position" : 
		{
			"x" : -0.0074999999999999997,
			"y" : 1.5640451,
			"z" : 0.127271
		}
	},
	"candidate_9" : 
	{
		"gripper" : 5,
		"method" : 3,
		"orientation" : 
		{
			"w" : 0.4287440605402067,
			"x" : 0.76244292812839298,
			"y" : -0.39858105477776951,
			"z" : -0.2756672898091802
		},
		"parent_frame_id" : "6dmimic_base",
		"position" : 
		{
			"x" : 0.0071130999999999998,
			"y" : 1.591804,
			"z" : 0.099603300000000006
		}
	}
}
