{
	"candidate_0" : 
	{
		"gripper" : 5,
		"method" : 3,
		"orientation" : 
		{
			"w" : -0.0029198943870042404,
			"x" : 0.6743843210731888,
			"y" : 0.73537113745504956,
			"z" : 0.066532337291647398
		},
		"parent_frame_id" : "angular_groundtruth_frame_id",
		"position" : 
		{
			"x" : -0.006084173080049677,
			"y" : -0.00092248492990642476,
			"z" : 0.094475865110333554
		}
	},
	"candidate_1" : 
	{
		"gripper" : 5,
		"method" : 3,
		"orientation" : 
		{
			"w" : -0.0020952645388825977,
			"x" : 0.68019164185396197,
			"y" : 0.72972705362295898,
			"z" : 0.069522423931267063
		},
		"parent_frame_id" : "angular_groundtruth_frame_id",
		"position" : 
		{
			"x" : -0.0049768338896927136,
			"y" : -0.0004303187564657974,
			"z" : 0.094784840872600085
		}
	},
	"candidate_10" : 
	{
		"gripper" : 5,
		"method" : 3,
		"orientation" : 
		{
			"w" : 0.016879508484386074,
			"x" : 0.055319716180505456,
			"y" : -0.99683153047416528,
			"z" : -0.054605045989974711
		},
		"parent_frame_id" : "angular_groundtruth_frame_id",
		"position" : 
		{
			"x" : 0.016397665797394597,
			"y" : 0.003803042499622703,
			"z" : 0.095768573320238901
		}
	},
	"candidate_11" : 
	{
		"gripper" : 5,
		"method" : 3,
		"orientation" : 
		{
			"w" : 0.14188462283164424,
			"x" : -0.15724468120736593,
			"y" : 0.21721952716045065,
			"z" : -0.95286858540729857
		},
		"parent_frame_id" : "angular_groundtruth_frame_id",
		"position" : 
		{
			"x" : -0.010329614594391204,
			"y" : -0.16838440463968449,
			"z" : 0.16456864483488251
		}
	},
	"candidate_12" : 
	{
		"gripper" : 5,
		"method" : 3,
		"orientation" : 
		{
			"w" : -0.041741955976561246,
			"x" : -0.20176618475722558,
			"y" : 0.7212572916802632,
			"z" : -0.66131379465259577
		},
		"parent_frame_id" : "angular_groundtruth_frame_id",
		"position" : 
		{
			"x" : -0.024935154696985998,
			"y" : -0.22778097188319135,
			"z" : 0.18361455300563451
		}
	},
	"candidate_13" : 
	{
		"gripper" : 5,
		"method" : 3,
		"orientation" : 
		{
			"w" : -0.053277215550647697,
			"x" : -0.20649426952564232,
			"y" : 0.73934309091606865,
			"z" : -0.63866536532907048
		},
		"parent_frame_id" : "angular_groundtruth_frame_id",
		"position" : 
		{
			"x" : -0.030686595208422617,
			"y" : -0.22714329269542938,
			"z" : 0.18336284949401507
		}
	},
	"candidate_14" : 
	{
		"gripper" : 5,
		"method" : 3,
		"orientation" : 
		{
			"w" : -0.0010817832204564268,
			"x" : 0.66006858058114626,
			"y" : 0.7469565259696731,
			"z" : 0.079776230707974377
		},
		"parent_frame_id" : "angular_groundtruth_frame_id",
		"position" : 
		{
			"x" : -0.0055682299708135425,
			"y" : -0.0010430964883157024,
			"z" : 0.094241604211279251
		}
	},
	"candidate_15" : 
	{
		"gripper" : 5,
		"method" : 3,
		"orientation" : 
		{
			"w" : 0.0015940255158512148,
			"x" : 0.65998136959812237,
			"y" : 0.74698814770243649,
			"z" : 0.080192007445407693
		},
		"parent_frame_id" : "angular_groundtruth_frame_id",
		"position" : 
		{
			"x" : -0.0056740702592494368,
			"y" : -0.0013905936020873412,
			"z" : 0.093855255834419754
		}
	},
	"candidate_16" : 
	{
		"gripper" : 5,
		"method" : 3,
		"orientation" : 
		{
			"w" : 0.0017665430426033052,
			"x" : 0.65530908841237701,
			"y" : 0.75158346381974828,
			"z" : 0.075426619190620922
		},
		"parent_frame_id" : "angular_groundtruth_frame_id",
		"position" : 
		{
			"x" : -0.0050959927689796947,
			"y" : -0.0017164239796546095,
			"z" : 0.094302504479129287
		}
	},
	"candidate_17" : 
	{
		"gripper" : 5,
		"method" : 3,
		"orientation" : 
		{
			"w" : -0.011372601075960713,
			"x" : 0.43151192282242151,
			"y" : 0.89902269092202358,
			"z" : 0.073663597619090401
		},
		"parent_frame_id" : "angular_groundtruth_frame_id",
		"position" : 
		{
			"x" : 0.0060216369957748197,
			"y" : -0.0065565484774988648,
			"z" : 0.094999541531495216
		}
	},
	"candidate_18" : 
	{
		"gripper" : 5,
		"method" : 3,
		"orientation" : 
		{
			"w" : -0.0077478195698589269,
			"x" : 0.4370888843112114,
			"y" : 0.89627132333582804,
			"z" : 0.074772946105774327
		},
		"parent_frame_id" : "angular_groundtruth_frame_id",
		"position" : 
		{
			"x" : 0.0035206921782790566,
			"y" : -0.0059001037457008694,
			"z" : 0.095291718474575696
		}
	},
	"candidate_19" : 
	{
		"gripper" : 5,
		"method" : 3,
		"orientation" : 
		{
			"w" : 0.00062651460499248135,
			"x" : 0.42935367383401846,
			"y" : 0.89976769103083443,
			"z" : 0.077930304899453448
		},
		"parent_frame_id" : "angular_groundtruth_frame_id",
		"position" : 
		{
			"x" : 0.0086839856772650565,
			"y" : -0.0072754497764171587,
			"z" : 0.094923193262962974
		}
	},
	"candidate_2" : 
	{
		"gripper" : 5,
		"method" : 3,
		"orientation" : 
		{
			"w" : 0.0066807455559768705,
			"x" : 0.43481842292167161,
			"y" : 0.898737868162512,
			"z" : 0.056200988046742062
		},
		"parent_frame_id" : "angular_groundtruth_frame_id",
		"position" : 
		{
			"x" : 0.0080319830336422968,
			"y" : -0.0081697732003462656,
			"z" : 0.09530314587239111
		}
	},
	"candidate_20" : 
	{
		"gripper" : 5,
		"method" : 3,
		"orientation" : 
		{
			"w" : 0.048112384920522298,
			"x" : 0.047873601642620958,
			"y" : -0.9968269666520666,
			"z" : -0.041585036230150842
		},
		"parent_frame_id" : "angular_groundtruth_frame_id",
		"position" : 
		{
			"x" : 0.011671979873243326,
			"y" : 0.0018588818673857354,
			"z" : 0.095587496657378923
		}
	},
	"candidate_21" : 
	{
		"gripper" : 5,
		"method" : 3,
		"orientation" : 
		{
			"w" : 0.031745007974853579,
			"x" : 0.051818572716892719,
			"y" : -0.99699167722422344,
			"z" : -0.04811117890771708
		},
		"parent_frame_id" : "angular_groundtruth_frame_id",
		"position" : 
		{
			"x" : 0.010959262274498531,
			"y" : 0.0016347433745116592,
			"z" : 0.095619794104584821
		}
	},
	"candidate_22" : 
	{
		"gripper" : 5,
		"method" : 3,
		"orientation" : 
		{
			"w" : 0.023320596550247225,
			"x" : 0.050688344144429034,
			"y" : -0.9970988058603687,
			"z" : -0.051776567057535715
		},
		"parent_frame_id" : "angular_groundtruth_frame_id",
		"position" : 
		{
			"x" : 0.012122192725720994,
			"y" : 0.0024200402605570374,
			"z" : 0.095686559778640309
		}
	},
	"candidate_23" : 
	{
		"gripper" : 5,
		"method" : 3,
		"orientation" : 
		{
			"w" : 0.090709031095000781,
			"x" : 0.27005158093549514,
			"y" : -0.93315284047049196,
			"z" : -0.2192482420314889
		},
		"parent_frame_id" : "angular_groundtruth_frame_id",
		"position" : 
		{
			"x" : 0.012083594220848906,
			"y" : -0.010428371353089265,
			"z" : 0.10323767084968773
		}
	},
	"candidate_24" : 
	{
		"gripper" : 5,
		"method" : 3,
		"orientation" : 
		{
			"w" : 0.023152594709989788,
			"x" : 0.28919284728895051,
			"y" : -0.95666322754232336,
			"z" : -0.025038440514735985
		},
		"parent_frame_id" : "angular_groundtruth_frame_id",
		"position" : 
		{
			"x" : 0.011408647973868799,
			"y" : 0.0092154679108055384,
			"z" : 0.095482344181096454
		}
	},
	"candidate_25" : 
	{
		"gripper" : 5,
		"method" : 3,
		"orientation" : 
		{
			"w" : 0.015410222812307245,
			"x" : 0.29576282721574082,
			"y" : -0.95449604183214221,
			"z" : -0.034988300859004152
		},
		"parent_frame_id" : "angular_groundtruth_frame_id",
		"position" : 
		{
			"x" : 0.015302405825568639,
			"y" : 0.007532287075849891,
			"z" : 0.095453111840308899
		}
	},
	"candidate_3" : 
	{
		"gripper" : 5,
		"method" : 3,
		"orientation" : 
		{
			"w" : 0.0044864508851058423,
			"x" : 0.44083659550056264,
			"y" : 0.89544608891597188,
			"z" : 0.061800240056314765
		},
		"parent_frame_id" : "angular_groundtruth_frame_id",
		"position" : 
		{
			"x" : 0.0054317477289184731,
			"y" : -0.0080860322773967427,
			"z" : 0.095406229044752877
		}
	},
	"candidate_4" : 
	{
		"gripper" : 5,
		"method" : 3,
		"orientation" : 
		{
			"w" : -0.0017179789282675655,
			"x" : 0.43584822090998365,
			"y" : 0.89802520048134127,
			"z" : 0.059867488492927827
		},
		"parent_frame_id" : "angular_groundtruth_frame_id",
		"position" : 
		{
			"x" : 0.0046349515617570003,
			"y" : -0.006882031795141498,