{
	"object_pose_0" : 
	{
		"orientation" : 
		{
			"w" : -0.10368668309821678,
			"x" : -0.32113287140943675,
			"y" : 0.89909719745544792,
			"z" : -0.27883158701687782
		},
		"parent_frame_id" : "camera_link",
		"position" : 
		{
			"x" : -0.032764364504959995,
			"y" : -0.0461847226020346,
			"z" : 0.54953664415842174
		}
	}
}
