{
	"candidate_0" : 
	{
		"gripper" : 5,
		"method" : 3,
		"orientation" : 
		{
			"w" : 0.041851942655652563,
			"x" : 0.85206559769926293,
			"y" : -0.5216399879660778,
			"z" : 0.01115146035707839
		},
		"parent_frame_id" : "6dmimic_base",
		"position" : 
		{
			"x" : -0.1199037,
			"y" : 1.5415277999999999,
			"z" : 0.19434770000000001
		}
	},
	"candidate_1" : 
	{
		"gripper" : 5,
		"method" : 3,
		"orientation" : 
		{
			"w" : 0.044985434250822312,
			"x" : 0.84771022882288083,
			"y" : -0.52843971003836487,
			"z" : 0.010730867108161287
		},
		"parent_frame_id" : "6dmimic_base",
		"position" : 
		{
			"x" : -0.12075130000000001,
			"y" : 1.5406394000000001,
			"z" : 0.19460549999999999
		}
	},
	"candidate_10" : 
	{
		"gripper" : 5,
		"method" : 3,
		"orientation" : 
		{
			"w" : 0.031164699078939241,
			"x" : 0.96835867405787024,
			"y" : 0.24431017148888479,
			"z" : 0.040283743809063674
		},
		"parent_frame_id" : "6dmimic_base",
		"position" : 
		{
			"x" : -0.1390229,
			"y" : 1.5286076,
			"z" : 0.1947691
		}
	},
	"candidate_11" : 
	{
		"gripper" : 5,
		"method" : 3,
		"orientation" : 
		{
			"w" : 0.91016042054959512,
			"x" : -0.16575146262714843,
			"y" : -0.21035972971627911,
			"z" : 0.31604310721108775
		},
		"parent_frame_id" : "6dmimic_base",
		"position" : 
		{
			"x" : -0.18045159999999999,
			"y" : 1.6957804000000001,
			"z" : 0.27056520000000001
		}
	},
	"candidate_12" : 
	{
		"gripper" : 5,
		"method" : 3,
		"orientation" : 
		{
			"w" : 0.6687763552731405,
			"x" : -0.65534225669792601,
			"y" : -0.34342528355992397,
			"z" : 0.072964291440606011
		},
		"parent_frame_id" : "6dmimic_base",
		"position" : 
		{
			"x" : -0.18966240000000001,
			"y" : 1.7556818999999999,
			"z" : 0.29218139999999998
		}
	},
	"candidate_13" : 
	{
		"gripper" : 5,
		"method" : 3,
		"orientation" : 
		{
			"w" : 0.64906715797733128,
			"x" : -0.67249212001252745,
			"y" : -0.35102450073051461,
			"z" : 0.056990989140207365
		},
		"parent_frame_id" : "6dmimic_base",
		"position" : 
		{
			"x" : -0.18407399999999999,
			"y" : 1.7572665000000001,
			"z" : 0.29208899999999999
		}
	},
	"candidate_14" : 
	{
		"gripper" : 5,
		"method" : 3,
		"orientation" : 
		{
			"w" : 0.055142790358549083,
			"x" : 0.86097574415264078,
			"y" : -0.50549821578353615,
			"z" : 0.0123123714994786
		},
		"parent_frame_id" : "6dmimic_base",
		"position" : 
		{
			"x" : -0.1204248,
			"y" : 1.5414559000000001,
			"z" : 0.19410060000000001
		}
	},
	"candidate_15" : 
	{
		"gripper" : 5,
		"method" : 3,
		"orientation" : 
		{
			"w" : 0.056063922415568367,
			"x" : 0.86103096337719809,
			"y" : -0.50535837639114045,
			"z" : 0.0097687317716097302
		},
		"parent_frame_id" : "6dmimic_base",
		"position" : 
		{
			"x" : -0.12045160000000001,
			"y" : 1.5418358999999999,
			"z" : 0.1937285
		}
	},
	"candidate_16" : 
	{
		"gripper" : 5,
		"method" : 3,
		"orientation" : 
		{
			"w" : 0.051386717402647414,
			"x" : 0.86455163226076182,
			"y" : -0.49983178961760405,
			"z" : 0.0088352995136564312
		},
		"parent_frame_id" : "6dmimic_base",
		"position" : 
		{
			"x" : -0.1211192,
			"y" : 1.5419015,
			"z" : 0.19417000000000001
		}
	},
	"candidate_17" : 
	{
		"gripper" : 5,
		"method" : 3,
		"orientation" : 
		{
			"w" : 0.046931568187700674,
			"x" : 0.96613323023042419,
			"y" : -0.2522296497827784,
			"z" : 0.027644404902735852
		},
		"parent_frame_id" : "6dmimic_base",
		"position" : 
		{
			"x" : -0.13328970000000001,
			"y" : 1.542184,
			"z" : 0.19468440000000001
		}
	},
	"candidate_18" : 
	{
		"gripper" : 5,
		"method" : 3,
		"orientation" : 
		{
			"w" : 0.048701485845428438,
			"x" : 0.96456867873149643,
			"y" : -0.2581703456132865,
			"z" : 0.024155784659974616
		},
		"parent_frame_id" : "6dmimic_base",
		"position" : 
		{
			"x" : -0.1307228,
			"y" : 1.5425028000000001,
			"z" : 0.19503390000000001
		}
	},
	"candidate_19" : 
	{
		"gripper" : 5,
		"method" : 3,
		"orientation" : 
		{
			"w" : 0.05342892098267122,
			"x" : 0.96668190722470826,
			"y" : -0.2497822785241974,
			"z" : 0.016740787982901493
		},
		"parent_frame_id" : "6dmimic_base",
		"position" : 
		{
			"x" : -0.13603370000000001,
			"y" : 1.5418529999999999,
			"z" : 0.19454840000000001
		}
	},
	"candidate_2" : 
	{
		"gripper" : 5,
		"method" : 3,
		"orientation" : 
		{
			"w" : 0.033222524465298803,
			"x" : 0.96635978071929629,
			"y" : -0.25495606490625783,
			"z" : 0.006514832601242213
		},
		"parent_frame_id" : "6dmimic_base",
		"position" : 
		{
			"x" : -0.13577249999999999,
			"y" : 1.5429136000000001,
			"z" : 0.19498099999999999
		}
	},
	"candidate_20" : 
	{
		"gripper" : 5,
		"method" : 3,
		"orientation" : 
		{
			"w" : 0.012313438199733958,
			"x" : 0.96914100109139711,
			"y" : 0.23654002753838005,
			"z" : 0.068285537380975078
		},
		"parent_frame_id" : "6dmimic_base",
		"position" : 
		{
			"x" : -0.13536519999999999,
			"y" : 1.5322036999999999,
			"z" : 0.19480430000000001
		}
	},
	"candidate_21" : 
	{
		"gripper" : 5,
		"method" : 3,
		"orientation" : 
		{
			"w" : 0.021898326163684961,
			"x" : 0.96887615547707484,
			"y" : 0.2406887423029182,
			"z" : 0.053557333651250455
		},
		"parent_frame_id" : "6dmimic_base",
		"position" : 
		{
			"x" : -0.1347884,
			"y" : 1.5326792,
			"z" : 0.19486700000000001
		}
	},
	"candidate_22" : 
	{
		"gripper" : 5,
		"method" : 3,
		"orientation" : 
		{
			"w" : 0.027093276561235238,
			"x" : 0.96937358552843356,
			"y" : 0.23972342959446771,
			"z" : 0.045972636952770311
		},
		"parent_frame_id" : "6dmimic_base",
		"position" : 
		{
			"x" : -0.13557279999999999,
			"y" : 1.5315079,
			"z" : 0.19486999999999999
		}
	},
	"candidate_23" : 
	{
		"gripper" : 5,
		"method" : 3,
		"orientation" : 
		{
			"w" : 0.18244844243863764,
			"x" : 0.86710537223309858,
			"y" : 0.43932093756010698,
			"z" : 0.14777670018485112
		},
		"parent_frame_id" : "6dmimic_base",
		"position" : 
		{
			"x" : -0.1405206,
			"y" : 1.5431391999999999,
			"z" : 0.20288819999999999
		}
	},
	"candidate_24" : 
	{
		"gripper" : 5,
		"method" : 3,
		"orientation" : 
		{
			"w" : 0.0046040123941559555,
			"x" : 0.88346114435415646,
			"y" : 0.46632129209395023,
			"z" : 0.044940650041441058
		},
		"parent_frame_id" : "6dmimic_base",
		"position" : 
		{
			"x" : -0.13233610000000001,
			"y" : 1.5254662000000001,
			"z" : 0.19445290000000001
		}
	},
	"candidate_25" : 
	{
		"gripper" : 5,
		"method" : 3,
		"orientation" : 
		{
			"w" : 0.015973670100558737,
			"x" : 0.88036821201876081,
			"y" : 0.47238525301862128,
			"z" : 0.039355124964122162
		},
		"parent_frame_id" : "6dmimic_base",
		"position" : 
		{
			"x" : -0.13658960000000001,
			"y" : 1.525566,
			"z" : 0.19435849999999999
		}
	},
	"candidate_3" : 
	{
		"gripper" : 5,
		"method" : 3,
		"orientation" : 
		{
			"w" : 0.038288082128147077,
			"x" : 0.96436801300470409,
			"y" : -0.26160383159711381,
			"z" : 0.0095808952617183266
		},
		"parent_frame_id" : "6dmimic_base",
		"position" : 
		{
			"x" : -0.1333269,
			"y" : 1.5438107000000001,
			"z" : 0.1951638
		}
	},
	"candidate_4" : 
	{
		"gripper" : 5,
		"method" : 3,
		"orientation" : 
		{
			"w" : 0.035212204498458792,
			"x" : 0.96582848236192564,
			"y" : -0.25631502011696622,
			"z" : 0.015428991388212993
		},
		"parent_frame_id" : "6dmimic_base",
		"position" : 
		{
			"x" : -0.13213340000000001,
			"y" : 1.5429854000000001,
			"z" : 0.19527939999999999
		}
	},
	"candidate_5" : 
	{
		"gripper" : 5,
		"method" : 3,
		"orientation" : 
		{
			"w" : 0.035020409540000193,
			"x" : 0.99627851402380119,
			"y" : 0.060184375375994054,
			"z" : 0.050798960331669037
		},
		"parent_frame_id" : "6dmimic_base",
		"position" : 
		{
			"x" : -0.13531570000000001,
			"y" : 1.5373258000000001,
			"z" : 0.1947043
		}
	},
	"candidate_6" : 
	{
		"gripper" : 5,
		"method" : 3,
		"orientation" : 
		{
			"w" : 0.032753201317996722,
			"x" : 0.99609836915418193,
			"y" : 0.062577738399555896,
			"z" : 0.052908349327859178
		},
		"parent_frame_id" : "6dmimic_base",