{
	"candidate_0" : 
	{
		"gripper" : 5,
		"method" : 3,
		"orientation" : 
		{
			"w" : 0.025025453489580129,
			"x" : 0.99836253485625692,
			"y" : 0.039854391654676323,
			"z" : 0.032520810858063146
		},
		"parent_frame_id" : "linear_groundtruth_frame_id",
		"position" : 
		{
			"x" : 0.0022484951294320446,
			"y" : 0.17805838421340064,
			"z" : 0.025107039901144546
		}
	},
	"candidate_1" : 
	{
		"gripper" : 5,
		"method" : 3,
		"orientation" : 
		{
			"w" : 0.04052956468085709,
			"x" : 0.99842047812825563,
			"y" : 0.024897623474329836,
			"z" : 0.029900026526006498
		},
		"parent_frame_id" : "linear_groundtruth_frame_id",
		"position" : 
		{
			"x" : 0.0027830049943988878,
			"y" : 0.16540983021785077,
			"z" : 0.024987231747823475
		}
	},
	"candidate_10" : 
	{
		"gripper" : 5,
		"method" : 3,
		"orientation" : 
		{
			"w" : 0.061807961390171494,
			"x" : 0.99733061585467586,
			"y" : 0.034870055771419259,
			"z" : 0.01719004939556831
		},
		"parent_frame_id" : "linear_groundtruth_frame_id",
		"position" : 
		{
			"x" : 0.0041967343439983816,
			"y" : 0.07280817545765314,
			"z" : 0.025027634744694167
		}
	},
	"candidate_2" : 
	{
		"gripper" : 5,
		"method" : 3,
		"orientation" : 
		{
			"w" : 0.01567294419718513,
			"x" : 0.99888221960403722,
			"y" : 0.024893247799244966,
			"z" : 0.036999951258201609
		},
		"parent_frame_id" : "linear_groundtruth_frame_id",
		"position" : 
		{
			"x" : 0.0034511817354885149,
			"y" : 0.157967528466956,
			"z" : 0.025654885068038411
		}
	},
	"candidate_3" : 
	{
		"gripper" : 5,
		"method" : 3,
		"orientation" : 
		{
			"w" : 0.028727022914681349,
			"x" : 0.99885901746207795,
			"y" : 0.023480998272292851,
			"z" : 0.030067658859451795
		},
		"parent_frame_id" : "linear_groundtruth_frame_id",
		"position" : 
		{
			"x" : 0.0045688158856618411,
			"y" : 0.14683439247948959,
			"z" : 0.025450427003064907
		}
	},
	"candidate_4" : 
	{
		"gripper" : 5,
		"method" : 3,
		"orientation" : 
		{
			"w" : 0.034095692490626807,
			"x" : 0.99820153836041203,
			"y" : 0.038667184469276854,
			"z" : 0.030594467044063191
		},
		"parent_frame_id" : "linear_groundtruth_frame_id",
		"position" : 
		{
			"x" : 0.0037006072299803129,
			"y" : 0.13629322781777325,
			"z" : 0.025306067410080745
		}
	},
	"candidate_5" : 
	{
		"gripper" : 5,
		"method" : 3,
		"orientation" : 
		{
			"w" : 0.022252469707873618,
			"x" : 0.99878745903091937,
			"y" : 0.031925266363878796,
			"z" : 0.030153219431016197
		},
		"parent_frame_id" : "linear_groundtruth_frame_id",
		"position" : 
		{
			"x" : 0.0028826918679935262,
			"y" : 0.12642979989982761,
			"z" : 0.025499206779407507
		}
	},
	"candidate_6" : 
	{
		"gripper" : 5,
		"method" : 3,
		"orientation" : 
		{
			"w" : 0.032317218627645188,
			"x" : 0.99816756565532083,
			"y" : 0.033429813426461973,
			"z" : 0.038724098803920762
		},
		"parent_frame_id" : "linear_groundtruth_frame_id",
		"position" : 
		{
			"x" : 0.0033634296849141022,
			"y" : 0.11589793780912849,
			"z" : 0.025119793241416524
		}
	},
	"candidate_7" : 
	{
		"gripper" : 5,
		"method" : 3,
		"orientation" : 
		{
			"w" : 0.033891419601617144,
			"x" : 0.99796801003972402,
			"y" : 0.039051221082676432,
			"z" : 0.037232039249712606
		},
		"parent_frame_id" : "linear_groundtruth_frame_id",
		"position" : 
		{
			"x" : 0.0037259579078091935,
			"y" : 0.10601889914348456,
			"z" : 0.025250051511213199
		}
	},
	"candidate_8" : 
	{
		"gripper" : 5,
		"method" : 3,
		"orientation" : 
		{
			"w" : 0.018786617345873551,
			"x" : 0.99767815814128624,
			"y" : 0.051360875676629218,
			"z" : 0.040588375506299582
		},
		"parent_frame_id" : "linear_groundtruth_frame_id",
		"position" : 
		{
			"x" : 0.0026911076373508751,
			"y" : 0.096532033274744911,
			"z" : 0.025275627981866049
		}
	},
	"candidate_9" : 
	{
		"gripper" : 5,
		"method" : 3,
		"orientation" : 
		{
			"w" : 0.029132211169459774,
			"x" : 0.99743824186732577,
			"y" : 0.051210566211894924,
			"z" : 0.040567793152368782
		},
		"parent_frame_id" : "linear_groundtruth_frame_id",
		"position" : 
		{
			"x" : 0.0028974942277298081,
			"y" : 0.083130072644937103,
			"z" : 0.024660146709762465
		}
	}
}
