{
	"object_pose_0" : 
	{
		"orientation" : 
		{
			"w" : 0.11118573057436457,
			"x" : 0.30776802940558812,
			"y" : 0.90516638335438637,
			"z" : -0.27127707821745534
		},
		"parent_frame_id" : "camera_link",
		"position" : 
		{
			"x" : -0.0030861529332265533,
			"y" : -0.0097454019263519265,
			"z" : 0.58046241665441878
		}
	}
}
