{
	"candidate_0" : 
	{
		"gripper" : 5,
		"method" : 3,
		"orientation" : 
		{
			"w" : 0.039173234647982662,
			"x" : 0.78924372145406696,
			"y" : -0.61282927437874979,
			"z" : 0.00029376344967286735
		},
		"parent_frame_id" : "6dmimic_base",
		"position" : 
		{
			"x" : 0.076325500000000004,
			"y" : 1.5898677000000001,
			"z" : 0.077530699999999994
		}
	},
	"candidate_1" : 
	{
		"gripper" : 5,
		"method" : 3,
		"orientation" : 
		{
			"w" : 0.049463953468715426,
			"x" : 0.77963450789498223,
			"y" : -0.62416838643250083,
			"z" : -0.01171224935022179
		},
		"parent_frame_id" : "6dmimic_base",
		"position" : 
		{
			"x" : 0.063948900000000003,
			"y" : 1.5872017,
			"z" : 0.077530000000000002
		}
	},
	"candidate_10" : 
	{
		"gripper" : 5,
		"method" : 3,
		"orientation" : 
		{
			"w" : 0.057455543072565472,
			"x" : 0.78513368087607727,
			"y" : -0.61565405126828132,
			"z" : -0.035129088817834699
		},
		"parent_frame_id" : "6dmimic_base",
		"position" : 
		{
			"x" : -0.0270741,
			"y" : 1.5701433,
			"z" : 0.078480300000000003
		}
	},
	"candidate_2" : 
	{
		"gripper" : 5,
		"method" : 3,
		"orientation" : 
		{
			"w" : 0.035036664878364529,
			"x" : 0.78003037122826502,
			"y" : -0.62468417536466192,
			"z" : 0.0097330943008044762
		},
		"parent_frame_id" : "6dmimic_base",
		"position" : 
		{
			"x" : 0.056735599999999997,
			"y" : 1.5852747,
			"z" : 0.078265699999999994
		}
	},
	"candidate_3" : 
	{
		"gripper" : 5,
		"method" : 3,
		"orientation" : 
		{
			"w" : 0.040560496095642218,
			"x" : 0.77905123125346076,
			"y" : -0.62563421759447058,
			"z" : -0.0039813331808270097
		},
		"parent_frame_id" : "6dmimic_base",
		"position" : 
		{
			"x" : 0.045950299999999999,
			"y" : 1.5822896,
			"z" : 0.078156799999999998
		}
	},
	"candidate_4" : 
	{
		"gripper" : 5,
		"method" : 3,
		"orientation" : 
		{
			"w" : 0.044876183120939626,
			"x" : 0.78834438750382685,
			"y" : -0.61355514085406238,
			"z" : -0.0070245292556653099
		},
		"parent_frame_id" : "6dmimic_base",
		"position" : 
		{
			"x" : 0.035412600000000002,
			"y" : 1.5813668000000001,
			"z" : 0.078129599999999993
		}
	},
	"candidate_5" : 
	{
		"gripper" : 5,
		"method" : 3,
		"orientation" : 
		{
			"w" : 0.035594173954495351,
			"x" : 0.78443620206930442,
			"y" : -0.61918723388285135,
			"z" : 0.00026279285730514135
		},
		"parent_frame_id" : "6dmimic_base",
		"position" : 
		{
			"x" : 0.025555499999999998,
			"y" : 1.5805049,
			"z" : 0.078433699999999995
		}
	},
	"candidate_6" : 
	{
		"gripper" : 5,
		"method" : 3,
		"orientation" : 
		{
			"w" : 0.048800797851456926,
			"x" : 0.7850105536308859,
			"y" : -0.61755712372194338,
			"z" : 0.00033430146799817706
		},
		"parent_frame_id" : "6dmimic_base",
		"position" : 
		{
			"x" : 0.015252699999999999,
			"y" : 1.5782531,
			"z" : 0.078151899999999996
		}
	},
	"candidate_7" : 
	{
		"gripper" : 5,
		"method" : 3,
		"orientation" : 
		{
			"w" : 0.048995063160252698,
			"x" : 0.78846952503995704,
			"y" : -0.61311662327999894,
			"z" : -0.0018160745907240851
		},
		"parent_frame_id" : "6dmimic_base",
		"position" : 
		{
			"x" : 0.0055795000000000003,
			"y" : 1.5762225000000001,
			"z" : 0.078376799999999996
		}
	},
	"candidate_8" : 
	{
		"gripper" : 5,
		"method" : 3,
		"orientation" : 
		{
			"w" : 0.039506359952188833,
			"x" : 0.79620171568652764,
			"y" : -0.60364884219124404,
			"z" : 0.010495274285513627
		},
		"parent_frame_id" : "6dmimic_base",
		"position" : 
		{
			"x" : -0.0039452999999999997,
			"y" : 1.5756406999999999,
			"z" : 0.078511899999999996
		}
	},
	"candidate_9" : 
	{
		"gripper" : 5,
		"method" : 3,
		"orientation" : 
		{
			"w" : 0.047403846306257658,
			"x" : 0.7959272792214872,
			"y" : -0.60352141659985847,
			"z" : 0.003813299326484814
		},
		"parent_frame_id" : "6dmimic_base",
		"position" : 
		{
			"x" : -0.017126099999999998,
			"y" : 1.5731774999999999,
			"z" : 0.078025700000000003
		}
	}
}
