{
	"candidate_0" : 
	{
		"gripper" : 4,
		"method" : 3,
		"orientation" : 
		{
			"w" : 0.99999760799028736,
			"x" : 0.0021250725874160398,
			"y" : 0.00011686008883727802,
			"z" : 0.0005044045215929577
		},
		"parent_frame_id" : "single_side_bracket_frame_id",
		"position" : 
		{
			"x" : -3.6744691113012101e-05,
			"y" : 0.049831464068971265,
			"z" : 0.0017335716829152137
		}
	}
}
