{
	"candidate_0" : 
	{
		"gripper" : 4,
		"method" : 3,
		"orientation" : 
		{
			"w" : -0.001834248028905411,
			"x" : 0.70689846264565448,
			"y" : -0.0011028043521428841,
			"z" : 0.7073118003157729
		},
		"parent_frame_id" : "single_side_bracket_frame_id",
		"position" : 
		{
			"x" : 9.9994258125018032,
			"y" : 0.0059190872023229318,
			"z" : 1.0073784573678173
		}
	}
}
