{
	"candidate_0" : 
	{
		"gripper" : 4,
		"method" : 3,
		"orientation" : 
		{
			"w" : 0.13446215585824758,
			"x" : 0.11880363207157779,
			"y" : 0.57995310565978475,
			"z" : 0.79464458777753233
		},
		"parent_frame_id" : "single_side_bracket_frame_id",
		"position" : 
		{
			"x" : 0.37794936077982455,
			"y" : 1.4223592128569542,
			"z" : 1.0749400897388559
		}
	},
	"candidate_1" : 
	{
		"gripper" : 4,
		"method" : 3,
		"orientation" : 
		{
			"w" : 0.13446208492371922,
			"x" : 0.11880375732281732,
			"y" : 0.57995318512444094,
			"z" : 0.79464452305918742
		},
		"parent_frame_id" : "single_side_bracket_frame_id",
		"position" : 
		{
			"x" : 0.37794966715690254,
			"y" : 1.4223595308333497,
			"z" : 1.0749397006727519
		}
	}
}
