{
	"candidate_0" : 
	{
		"gripper" : 4,
		"method" : 3,
		"orientation" : 
		{
			"w" : -0.0018344058293008711,
			"x" : 0.70689784655792542,
			"y" : -0.0011023372621297646,
			"z" : 0.7073124163618093
		},
		"parent_frame_id" : "single_side_bracket_frame_id",
		"position" : 
		{
			"x" : 9.999424048581961,
			"y" : 0.0059281949022383651,
			"z" : 1.0073957923385073
		}
	}
}
