{
	"candidate_0" : 
	{
		"gripper" : 4,
		"method" : 3,
		"orientation" : 
		{
			"w" : -0.0018259826825927719,
			"x" : 0.70690625994460643,
			"y" : -0.001114238399499954,
			"z" : 0.70730401095367768
		},
		"parent_frame_id" : "single_side_bracket_frame_id",
		"position" : 
		{
			"x" : 9.999446591839769,
			"y" : 0.005634840633655702,
			"z" : 1.0071571795609084
		}
	}
}
