{
	"candidate_0" : 
	{
		"gripper" : 4,
		"method" : 3,
		"orientation" : 
		{
			"w" : 0.99999760811046989,
			"x" : 0.002125034845981851,
			"y" : 0.00011639321487363742,
			"z" : 0.00050443320858750327
		},
		"parent_frame_id" : "single_side_bracket_frame_id",
		"position" : 
		{
			"x" : -3.6875587035680715e-05,
			"y" : 0.049831495573308127,
			"z" : 0.0017329400791902261
		}
	}
}
