{
	"candidate_0" : 
	{
		"gripper" : 4,
		"method" : 3,
		"orientation" : 
		{
			"w" : -0.0018261143236408955,
			"x" : 0.70690595421267399,
			"y" : -0.0011139165388925061,
			"z" : 0.70730431668065652
		},
		"parent_frame_id" : "single_side_bracket_frame_id",
		"position" : 
		{
			"x" : 9.9994456675861336,
			"y" : 0.0056414466920928974,
			"z" : 1.007165943546434
		}
	},
	"candidate_1" : 
	{
		"gripper" : 4,
		"method" : 3,
		"orientation" : 
		{
			"w" : -0.0018261143236408955,
			"x" : 0.70690595421267399,
			"y" : -0.0011139165388925061,
			"z" : 0.70730431668065652
		},
		"parent_frame_id" : "single_side_bracket_frame_id",
		"position" : 
		{
			"x" : 9.9994456675861336,
			"y" : 0.0056414466920928974,
			"z" : 1.007165943546434
		}
	}
}
