{
	"candidate_0" : 
	{
		"gripper" : 5,
		"method" : 3,
		"orientation" : 
		{
			"w" : 0.1809244714400276,
			"x" : -0.62307912890634642,
			"y" : 0.75502998723102199,
			"z" : -0.094701917284593012
		},
		"parent_frame_id" : "knee_tube_frame_id",
		"position" : 
		{
			"x" : -0.038610145064230772,
			"y" : -0.045062226276280093,
			"z" : 0.039682691038553902
		}
	}
}
