{
	"object_pose_0" : 
	{
		"orientation" : 
		{
			"w" : 0.28365184422987905,
			"x" : 0.95103998961072322,
			"y" : -0.11355168661272334,
			"z" : 0.046589443548939583
		},
		"parent_frame_id" : "camera_link",
		"position" : 
		{
			"x" : -0.018768907236222016,
			"y" : -0.016442425393781823,
			"z" : 0.51392224175364687
		}
	}
}
