{
	"object_pose_0" : 
	{
		"orientation" : 
		{
			"w" : 0.70731224671202109,
			"x" : -0.0011350855725245936,
			"y" : -0.70689779475599857,
			"z" : -0.0018671733446256533
		},
		"parent_frame_id" : "camera_link",
		"position" : 
		{
			"x" : 1.0015212741642849,
			"y" : 0.00016004905672349027,
			"z" : -1.5892040179220509e-05
		}
	}
}
