{
	"object_pose_0" : 
	{
		"orientation" : 
		{
			"w" : 0.70730435113780721,
			"x" : -0.0011466682745036006,
			"y" : -0.70690580787725477,
			"z" : -0.0018588655333088295
		},
		"parent_frame_id" : "camera_link",
		"position" : 
		{
			"x" : 1.0015211309083796,
			"y" : 0.00016159824187195714,
			"z" : -1.4324302551848721e-05
		}
	},
	"object_pose_1" : 
	{
		"orientation" : 
		{
			"w" : 0.70730430067649752,
			"x" : -0.0011466262124167565,
			"y" : -0.70690592047392564,
			"z" : -0.0018588010554961031
		},
		"parent_frame_id" : "camera_link",
		"position" : 
		{
			"x" : 1.0015210759182476,
			"y" : 0.00016143080017045827,
			"z" : -1.4244706225872983e-05
		}
	}
}
