{
	"object_pose_0" : 
	{
		"orientation" : 
		{
			"w" : 0.70730426648788691,
			"x" : -0.0011466652248214848,
			"y" : -0.70690590184010271,
			"z" : -0.0018588814636520741
		},
		"parent_frame_id" : "camera_link",
		"position" : 
		{
			"x" : 1.0015212065654442,
			"y" : 0.00016160681448887815,
			"z" : -1.4198462444381605e-05
		}
	}
}
