{
	"object_pose_0" : 
	{
		"orientation" : 
		{
			"w" : 0.7073117425032065,
			"x" : -0.0011355526910264261,
			"y" : -0.70689841078960991,
			"z" : -0.0018670155156051381
		},
		"parent_frame_id" : "camera_link",
		"position" : 
		{
			"x" : 1.0015213806206906,
			"y" : 0.00015991702925065299,
			"z" : -1.5893501143798773e-05
		}
	}
}
