{
	"object_pose_0" : 
	{
		"orientation" : 
		{
			"w" : 0.70730444020777405,
			"x" : -0.0011466786275435403,
			"y" : -0.70690582561536697,
			"z" : -0.0018588582741020669
		},
		"parent_frame_id" : "camera_link",
		"position" : 
		{
			"x" : 1.0015211238943948,
			"y" : 0.00016157735548569599,
			"z" : -1.423391283164393e-05
		}
	}
}
