{
	"object_pose_0" : 
	{
		"orientation" : 
		{
			"w" : 0.70730410730033344,
			"x" : -0.0011467190161370047,
			"y" : -0.70690621051427827,
			"z" : -0.0018588754737900856
		},
		"parent_frame_id" : "camera_link",
		"position" : 
		{
			"x" : 1.0015215377338478,
			"y" : 0.0001616429169055307,
			"z" : -1.4297374523803818e-05
		}
	}
}
