{
	"object_pose_0" : 
	{
		"orientation" : 
		{
			"w" : 0.7073039435883427,
			"x" : -0.0011469870995999586,
			"y" : -0.7069062075619279,
			"z" : -0.0018587498084533744
		},
		"parent_frame_id" : "camera_link",
		"position" : 
		{
			"x" : 1.0015211023105559,
			"y" : 0.00016154830573863847,
			"z" : -1.4246707596143448e-05
		}
	}
}
