{
	"object_pose_0" : 
	{
		"orientation" : 
		{
			"w" : 0.70730418156316244,
			"x" : -0.0011467256020492164,
			"y" : -0.70690615577172633,
			"z" : -0.0018588646578025136
		},
		"parent_frame_id" : "camera_link",
		"position" : 
		{
			"x" : 1.0015217517827437,
			"y" : 0.00016160619071073183,
			"z" : -1.4360752688999498e-05
		}
	}
}
