{
	"candidate_0" : 
	{
		"gripper" : 4,
		"method" : 3,
		"orientation" : 
		{
			"w" : 0.70738826916719977,
			"x" : 0,
			"y" : -0.70682518110536596,
			"z" : 0
		},
		"parent_frame_id" : "stereo_link",
		"position" : 
		{
			"x" : 1,
			"y" : 0.050000000000000003,
			"z" : 0
		}
	}
}
