{
	"candidate_0" : 
	{
		"gripper" : 4,
		"method" : 3,
		"orientation" : 
		{
			"w" : 0.50669124890688166,
			"x" : -0.47678468013071712,
			"y" : 0.315841614933278,
			"z" : 0.64512357060502235
		},
		"parent_frame_id" : "6dmimic_base",
		"position" : 
		{
			"x" : -0.067150799999999997,
			"y" : 1.4266947999999999,
			"z" : 0.37997379999999997
		}
	},
	"candidate_1" : 
	{
		"gripper" : 4,
		"method" : 3,
		"orientation" : 
		{
			"w" : 0.50669124890688166,
			"x" : -0.47678468013071712,
			"y" : 0.315841614933278,
			"z" : 0.64512357060502235
		},
		"parent_frame_id" : "6dmimic_base",
		"position" : 
		{
			"x" : -0.067150799999999997,
			"y" : 1.4266947999999999,
			"z" : 0.37997379999999997
		}
	}
}
