{
	"candidate_0" : 
	{
		"gripper" : 5,
		"method" : 3,
		"orientation" : 
		{
			"w" : 0.0999937796034676,
			"x" : -0.77784920949759018,
			"y" : 0.6203933213393108,
			"z" : 0.007998635018921875
		},
		"parent_frame_id" : "6dmimic_base",
		"position" : 
		{
			"x" : -0.047308099999999999,
			"y" : 1.5291797,
			"z" : 0.17230680000000001
		}
	}
}
