{
	"object_pose_0" : 
	{
		"orientation" : 
		{
			"w" : 0.56088288519603879,
			"x" : -0.45199732667827786,
			"y" : 0.69168799890334876,
			"z" : 0.051741785592400051
		},
		"parent_frame_id" : "camera_link",
		"position" : 
		{
			"x" : 0.006108943253498117,
			"y" : 0.02643973485616781,
			"z" : 0.55773387539644492
		}
	}
}
