{
	"candidate_0" : 
	{
		"gripper" : 5,
		"method" : 3,
		"orientation" : 
		{
			"w" : 0.61049004751412272,
			"x" : -0.71011300972433689,
			"y" : -0.26806682601793941,
			"z" : 0.2262334902155641
		},
		"parent_frame_id" : "gt01_frame_id",
		"position" : 
		{
			"x" : -0.035993888698899953,
			"y" : -0.04693544591932497,
			"z" : 0.033211996242773795
		}
	},
	"candidate_1" : 
	{
		"gripper" : 5,
		"method" : 3,
		"orientation" : 
		{
			"w" : 0.58290871380671261,
			"x" : -0.71107451361654672,
			"y" : -0.28558110554269756,
			"z" : 0.27024784848395378
		},
		"parent_frame_id" : "gt01_frame_id",
		"position" : 
		{
			"x" : -0.031621608635920936,
			"y" : -0.050749069899920896,
			"z" : 0.056369650454621362
		}
	},
	"candidate_2" : 
	{
		"gripper" : 5,
		"method" : 3,
		"orientation" : 
		{
			"w" : 0.55321637868609153,
			"x" : -0.69473066723152599,
			"y" : -0.34311195569532482,
			"z" : 0.30590051359946241
		},
		"parent_frame_id" : "gt01_frame_id",
		"position" : 
		{
			"x" : -0.023358710216021421,
			"y" : -0.054847252236226662,
			"z" : 0.074333583301879863
		}
	},
	"candidate_3" : 
	{
		"gripper" : 5,
		"method" : 3,
		"orientation" : 
		{
			"w" : 0.56060979867421845,
			"x" : -0.68687307549169607,
			"y" : -0.34264622501432801,
			"z" : 0.31066959342436706
		},
		"parent_frame_id" : "gt01_frame_id",
		"position" : 
		{
			"x" : -0.024167522555296049,
			"y" : -0.056111181252355813,
			"z" : 0.097219670454821161
		}
	},
	"candidate_4" : 
	{
		"gripper" : 5,
		"method" : 3,
		"orientation" : 
		{
			"w" : 0.58897677178161256,
			"x" : -0.68659926804473959,
			"y" : -0.31939694360252763,
			"z" : 0.28226476903698361
		},
		"parent_frame_id" : "gt01_frame_id",
		"position" : 
		{
			"x" : -0.029324024112762827,
			"y" : -0.054127214910559607,
			"z" : 0.11805623375428258
		}
	},
	"candidate_5" : 
	{
		"gripper" : 5,
		"method" : 3,
		"orientation" : 
		{
			"w" : 0.5830123270842501,
			"x" : -0.68942844258110014,
			"y" : -0.32435221628231253,
			"z" : 0.28210049418736938
		},
		"parent_frame_id" : "gt01_frame_id",
		"position" : 
		{
			"x" : -0.028525297470483574,
			"y" : -0.053580330897619488,
			"z" : 0.13507174997616972
		}
	}
}
