{
	"object_pose_0" : 
	{
		"orientation" : 
		{
			"w" : 0.47083066283746333,
			"x" : -0.5493808215807986,
			"y" : 0.66504134559941486,
			"z" : 0.18498395977459825
		},
		"parent_frame_id" : "camera_link",
		"position" : 
		{
			"x" : 0.0092075461915867574,
			"y" : 0.0096686934308700401,
			"z" : 0.56746699908714027
		}
	}
}
