{
	"candidate_0" : 
	{
		"gripper" : 5,
		"method" : 3,
		"orientation" : 
		{
			"w" : 0.3556111799513621,
			"x" : 0.60436398791316048,
			"y" : -0.67654675796804709,
			"z" : 0.22487628396570847
		},
		"parent_frame_id" : "6dmimic_base",
		"position" : 
		{
			"x" : -0.037739799999999997,
			"y" : 1.6041356,
			"z" : 0.026396900000000001
		}
	},
	"candidate_1" : 
	{
		"gripper" : 5,
		"method" : 3,
		"orientation" : 
		{
			"w" : 0.32459118586216817,
			"x" : 0.59595485182027097,
			"y" : -0.70842288201811243,
			"z" : 0.19394689192049919
		},
		"parent_frame_id" : "6dmimic_base",
		"position" : 
		{
			"x" : -0.0143112,
			"y" : 1.6065767,
			"z" : 0.030280100000000001
		}
	},
	"candidate_2" : 
	{
		"gripper" : 5,
		"method" : 3,
		"orientation" : 
		{
			"w" : 0.28616355056343418,
			"x" : 0.61454714444594061,
			"y" : -0.72298751181972543,
			"z" : 0.13315888004557419
		},
		"parent_frame_id" : "6dmimic_base",
		"position" : 
		{
			"x" : 0.0040327000000000002,
			"y" : 1.6095975,
			"z" : 0.038163599999999999
		}
	},
	"candidate_3" : 
	{
		"gripper" : 5,
		"method" : 3,
		"orientation" : 
		{
			"w" : 0.2773753348224034,
			"x" : 0.61955923043875682,
			"y" : -0.72104726097675287,
			"z" : 0.1389249115465524
		},
		"parent_frame_id" : "6dmimic_base",
		"position" : 
		{
			"x" : 0.026931299999999998,
			"y" : 1.6095206,
			"z" : 0.036870199999999999
		}
	},
	"candidate_4" : 
	{
		"gripper" : 5,
		"method" : 3,
		"orientation" : 
		{
			"w" : 0.29810916909132701,
			"x" : 0.62417313361487659,
			"y" : -0.70070233155483386,
			"z" : 0.17480007188409152
		},
		"parent_frame_id" : "6dmimic_base",
		"position" : 
		{
			"x" : 0.047502099999999998,
			"y" : 1.606331,
			"z" : 0.0312705
		}
	},
	"candidate_5" : 
	{
		"gripper" : 5,
		"method" : 3,
		"orientation" : 
		{
			"w" : 0.30001907001574091,
			"x" : 0.62332449267359058,
			"y" : -0.70253633132026327,
			"z" : 0.16702645788965978
		},
		"parent_frame_id" : "6dmimic_base",
		"position" : 
		{
			"x" : 0.064469399999999996,
			"y" : 1.6047867,
			"z" : 0.031707199999999998
		}
	}
}
