{
	"candidate_0" : 
	{
		"gripper" : 5,
		"method" : 3,
		"orientation" : 
		{
			"w" : 0.03904983172411719,
			"x" : 0.9967773784412266,
			"y" : 0.032342254324165591,
			"z" : 0.062160655203955001
		},
		"parent_frame_id" : "linear_groundtruth_frame_id",
		"position" : 
		{
			"x" : 0.066495328593096481,
			"y" : 0.0072711897785232016,
			"z" : 0.015853845392939513
		}
	},
	"candidate_1" : 
	{
		"gripper" : 5,
		"method" : 3,
		"orientation" : 
		{
			"w" : 0.033741292630377347,
			"x" : 0.99624304927885232,
			"y" : 0.040839197619200705,
			"z" : 0.068508918200664265
		},
		"parent_frame_id" : "linear_groundtruth_frame_id",
		"position" : 
		{
			"x" : 0.079410753689081348,
			"y" : 0.013920081338770485,
			"z" : 0.015676431779957534
		}
	},
	"candidate_10" : 
	{
		"gripper" : 5,
		"method" : 3,
		"orientation" : 
		{
			"w" : 0.038968223825432455,
			"x" : 0.99419165477522853,
			"y" : 0.054837593588988251,
			"z" : 0.084007555830132016
		},
		"parent_frame_id" : "linear_groundtruth_frame_id",
		"position" : 
		{
			"x" : 0.16638082351558436,
			"y" : 0.0068357027293414196,
			"z" : 0.013948235369970884
		}
	},
	"candidate_2" : 
	{
		"gripper" : 5,
		"method" : 3,
		"orientation" : 
		{
			"w" : 0.044692594214231322,
			"x" : 0.99518722536111437,
			"y" : 0.038601904249677431,
			"z" : 0.078197515873250772
		},
		"parent_frame_id" : "linear_groundtruth_frame_id",
		"position" : 
		{
			"x" : 0.087216744441444005,
			"y" : 0.0089295475405926639,
			"z" : 0.015287441056063923
		}
	},
	"candidate_3" : 
	{
		"gripper" : 5,
		"method" : 3,
		"orientation" : 
		{
			"w" : 0.042786000827162773,
			"x" : 0.99354663875818949,
			"y" : 0.055064052664153457,
			"z" : 0.089456049821803857
		},
		"parent_frame_id" : "linear_groundtruth_frame_id",
		"position" : 
		{
			"x" : 0.099041329931494504,
			"y" : 0.0085673982324294684,
			"z" : 0.014437497930269265
		}
	},
	"candidate_4" : 
	{
		"gripper" : 5,
		"method" : 3,
		"orientation" : 
		{
			"w" : 0.038153901640981709,
			"x" : 0.99456269593212354,
			"y" : 0.037304432469806657,
			"z" : 0.089429877378325501
		},
		"parent_frame_id" : "linear_groundtruth_frame_id",
		"position" : 
		{
			"x" : 0.10911660199249185,
			"y" : 0.010060380671096381,
			"z" : 0.014895738254468244
		}
	},
	"candidate_5" : 
	{
		"gripper" : 5,
		"method" : 3,
		"orientation" : 
		{
			"w" : 0.04275315611422488,
			"x" : 0.99429986858273678,
			"y" : 0.047572971239131331,
			"z" : 0.085303876735503797
		},
		"parent_frame_id" : "linear_groundtruth_frame_id",
		"position" : 
		{
			"x" : 0.11957809349909909,
			"y" : 0.0097306010646038277,
			"z" : 0.01469544265211635
		}
	},
	"candidate_6" : 
	{
		"gripper" : 5,
		"method" : 3,
		"orientation" : 
		{
			"w" : 0.03682969911807684,
			"x" : 0.99470431826193562,
			"y" : 0.049169137065167068,
			"z" : 0.082397138628696076
		},
		"parent_frame_id" : "linear_groundtruth_frame_id",
		"position" : 
		{
			"x" : 0.12820519465176838,
			"y" : 0.013014823887348759,
			"z" : 0.014983859194940705
		}
	},
	"candidate_7" : 
	{
		"gripper" : 5,
		"method" : 3,
		"orientation" : 
		{
			"w" : 0.048949768635865379,
			"x" : 0.99426914722935245,
			"y" : 0.041408597994146742,
			"z" : 0.085545958586427287
		},
		"parent_frame_id" : "linear_groundtruth_frame_id",
		"position" : 
		{
			"x" : 0.1374254231689338,
			"y" : 0.010250466797274038,
			"z" : 0.014107149106140894
		}
	},
	"candidate_8" : 
	{
		"gripper" : 5,
		"method" : 3,
		"orientation" : 
		{
			"w" : 0.046549912226116381,
			"x" : 0.99537179546324173,
			"y" : 0.038317341765040341,
			"z" : 0.074832317805106588
		},
		"parent_frame_id" : "linear_groundtruth_frame_id",
		"position" : 
		{
			"x" : 0.14775218832948744,
			"y" : 0.0063964557716180703,
			"z" : 0.014126495498547213
		}
	},
	"candidate_9" : 
	{
		"gripper" : 5,
		"method" : 3,
		"orientation" : 
		{
			"w" : 0.032988233391622331,
			"x" : 0.99573290192579367,
			"y" : 0.042840806949430883,
			"z" : 0.074782549702850198
		},
		"parent_frame_id" : "linear_groundtruth_frame_id",
		"position" : 
		{
			"x" : 0.15862588979906067,
			"y" : 0.008615844799030159,
			"z" : 0.014791950294606032
		}
	}
}
