{
	"object_pose_0" : 
	{
		"orientation" : 
		{
			"w" : 0.12556466577266379,
			"x" : 0.35625799575477896,
			"y" : 0.88789630384438867,
			"z" : -0.26259205405092761
		},
		"parent_frame_id" : "camera_link",
		"position" : 
		{
			"x" : 0.0047084634720788027,
			"y" : 0.022781321971761137,
			"z" : 0.55931041825020478
		}
	}
}
