{
	"candidate_0" : 
	{
		"gripper" : 5,
		"method" : 3,
		"orientation" : 
		{
			"w" : 0.068340240101650046,
			"x" : 0.81580058971140301,
			"y" : -0.57406951506711867,
			"z" : 0.015594911990113345
		},
		"parent_frame_id" : "6dmimic_base",
		"position" : 
		{
			"x" : -0.035943099999999999,
			"y" : 1.4857384,
			"z" : 0.076677400000000007
		}
	},
	"candidate_1" : 
	{
		"gripper" : 5,
		"method" : 3,
		"orientation" : 
		{
			"w" : 0.067836351710132692,
			"x" : 0.82055858835186324,
			"y" : -0.56702056648874677,
			"z" : 0.023864401258726034
		},
		"parent_frame_id" : "6dmimic_base",
		"position" : 
		{
			"x" : -0.026009600000000001,
			"y" : 1.4751486,
			"z" : 0.076198699999999994
		}
	},
	"candidate_10" : 
	{
		"gripper" : 5,
		"method" : 3,
		"orientation" : 
		{
			"w" : 0.081194991704591671,
			"x" : 0.82751446286985098,
			"y" : -0.55455477290939681,
			"z" : 0.03310877386314566
		},
		"parent_frame_id" : "6dmimic_base",
		"position" : 
		{
			"x" : -0.0089870999999999996,
			"y" : 1.3896054,
			"z" : 0.073106199999999996
		}
	},
	"candidate_2" : 
	{
		"gripper" : 5,
		"method" : 3,
		"orientation" : 
		{
			"w" : 0.082436544387821359,
			"x" : 0.81846967913514868,
			"y" : -0.56805447830432387,
			"z" : 0.025014199251702573
		},
		"parent_frame_id" : "6dmimic_base",
		"position" : 
		{
			"x" : -0.028672599999999999,
			"y" : 1.4662778000000001,
			"z" : 0.075743099999999994
		}
	},
	"candidate_3" : 
	{
		"gripper" : 5,
		"method" : 3,
		"orientation" : 
		{
			"w" : 0.087521390547275285,
			"x" : 0.82719310220654307,
			"y" : -0.55394490907183391,
			"z" : 0.035165545239402594
		},
		"parent_frame_id" : "6dmimic_base",
		"position" : 
		{
			"x" : -0.0257907,
			"y" : 1.45482,
			"z" : 0.074700100000000005
		}
	},
	"candidate_4" : 
	{
		"gripper" : 5,
		"method" : 3,
		"orientation" : 
		{
			"w" : 0.083995322160915029,
			"x" : 0.81730861602136951,
			"y" : -0.56878213127247113,
			"z" : 0.037924914996124784
		},
		"parent_frame_id" : "6dmimic_base",
		"position" : 
		{
			"x" : -0.021583000000000001,
			"y" : 1.4455370999999999,
			"z" : 0.074970499999999995
		}
	},
	"candidate_5" : 
	{
		"gripper" : 5,
		"method" : 3,
		"orientation" : 
		{
			"w" : 0.085073553795478013,
			"x" : 0.82323915298368133,
			"y" : -0.56037889391224061,
			"z" : 0.0318635010162494
		},
		"parent_frame_id" : "6dmimic_base",
		"position" : 
		{
			"x" : -0.019033000000000001,
			"y" : 1.4353906000000001,
			"z" : 0.074599399999999996
		}
	},
	"candidate_6" : 
	{
		"gripper" : 5,
		"method" : 3,
		"orientation" : 
		{
			"w" : 0.078577841066778426,
			"x" : 0.82449308958463952,
			"y" : -0.55941098275724299,
			"z" : 0.033106200190229099
		},
		"parent_frame_id" : "6dmimic_base",
		"position" : 
		{
			"x" : -0.013503299999999999,
			"y" : 1.4279941,
			"z" : 0.074701299999999998
		}
	},
	"candidate_7" : 
	{
		"gripper" : 5,
		"method" : 3,
		"orientation" : 
		{
			"w" : 0.090230708819535099,
			"x" : 0.81950426785017694,
			"y" : -0.56521573892739096,
			"z" : 0.028325653214588312
		},
		"parent_frame_id" : "6dmimic_base",
		"position" : 
		{
			"x" : -0.0136461,
			"y" : 1.4183809999999999,
			"z" : 0.073705900000000005
		}
	},
	"candidate_8" : 
	{
		"gripper" : 5,
		"method" : 3,
		"orientation" : 
		{
			"w" : 0.081895479482236536,
			"x" : 0.81841003321605488,
			"y" : -0.56837346093701258,
			"z" : 0.021207472130185138
		},
		"parent_frame_id" : "6dmimic_base",
		"position" : 
		{
			"x" : -0.014517800000000001,
			"y" : 1.4073935,
			"z" : 0.073601799999999995
		}
	},
	"candidate_9" : 
	{
		"gripper" : 5,
		"method" : 3,
		"orientation" : 
		{
			"w" : 0.070992349140107797,
			"x" : 0.82142299313496381,
			"y" : -0.56512303354876925,
			"z" : 0.029331035873334441
		},
		"parent_frame_id" : "6dmimic_base",
		"position" : 
		{
			"x" : -0.0093890999999999992,
			"y" : 1.3975398000000001,
			"z" : 0.074056700000000003
		}
	}
}
