{
	"candidate_0" : 
	{
		"gripper" : 5,
		"method" : 3,
		"orientation" : 
		{
			"w" : 0.58291549417316191,
			"x" : -0.72925081529052216,
			"y" : -0.26355704246845979,
			"z" : 0.24277656480032325
		},
		"parent_frame_id" : "gt01_frame_id",
		"position" : 
		{
			"x" : -0.035416142937525603,
			"y" : -0.048352623062215772,
			"z" : 0.039025088949368458
		}
	},
	"candidate_1" : 
	{
		"gripper" : 5,
		"method" : 3,
		"orientation" : 
		{
			"w" : 0.56744683545034069,
			"x" : -0.7192638446951185,
			"y" : -0.28859262543432262,
			"z" : 0.27816884656034946
		},
		"parent_frame_id" : "gt01_frame_id",
		"position" : 
		{
			"x" : -0.032438315621637334,
			"y" : -0.053439641244892089,
			"z" : 0.061320832057546543
		}
	},
	"candidate_2" : 
	{
		"gripper" : 5,
		"method" : 3,
		"orientation" : 
		{
			"w" : 0.56096599038567385,
			"x" : -0.71132793162757246,
			"y" : -0.31283316175207715,
			"z" : 0.28542099471702903
		},
		"parent_frame_id" : "gt01_frame_id",
		"position" : 
		{
			"x" : -0.027811729684187377,
			"y" : -0.05341357332538621,
			"z" : 0.079233213941789712
		}
	},
	"candidate_3" : 
	{
		"gripper" : 5,
		"method" : 3,
		"orientation" : 
		{
			"w" : 0.56788424210405597,
			"x" : -0.71102607201964518,
			"y" : -0.30204356483310518,
			"z" : 0.28411106529159735
		},
		"parent_frame_id" : "gt01_frame_id",
		"position" : 
		{
			"x" : -0.029383044235945587,
			"y" : -0.052394537650469752,
			"z" : 0.09939039935698793
		}
	},
	"candidate_4" : 
	{
		"gripper" : 5,
		"method" : 3,
		"orientation" : 
		{
			"w" : 0.56821690584097961,
			"x" : -0.72211899885827902,
			"y" : -0.2838372228180559,
			"z" : 0.27406227457888738
		},
		"parent_frame_id" : "gt01_frame_id",
		"position" : 
		{
			"x" : -0.034267913420814977,
			"y" : -0.053104050709523953,
			"z" : 0.12388321557492711
		}
	},
	"candidate_5" : 
	{
		"gripper" : 5,
		"method" : 3,
		"orientation" : 
		{
			"w" : 0.57959382432845352,
			"x" : -0.70150711282423506,
			"y" : -0.31086431211882593,
			"z" : 0.27444880926725307
		},
		"parent_frame_id" : "gt01_frame_id",
		"position" : 
		{
			"x" : -0.028760607328212839,
			"y" : -0.050640795781595305,
			"z" : 0.13532487814565619
		}
	}
}
