{
	"candidate_0" : 
	{
		"gripper" : 5,
		"method" : 3,
		"orientation" : 
		{
			"w" : 0.049395806874483611,
			"x" : 0.99667741386488906,
			"y" : 0.048055731362599712,
			"z" : 0.043414670769465764
		},
		"parent_frame_id" : "linear_groundtruth_frame_id",
		"position" : 
		{
			"x" : -0.00017853670620771034,
			"y" : 0.078791556014660979,
			"z" : 0.017590606279678109
		}
	},
	"candidate_1" : 
	{
		"gripper" : 5,
		"method" : 3,
		"orientation" : 
		{
			"w" : 0.038534644559286048,
			"x" : 0.99710788144802065,
			"y" : 0.055449000049862224,
			"z" : 0.034876386229078911
		},
		"parent_frame_id" : "linear_groundtruth_frame_id",
		"position" : 
		{
			"x" : -0.0004191285108217091,
			"y" : 0.088361776903645273,
			"z" : 0.017271617534419824
		}
	},
	"candidate_10" : 
	{
		"gripper" : 5,
		"method" : 3,
		"orientation" : 
		{
			"w" : 0.044558322956932815,
			"x" : 0.99859053732916125,
			"y" : 0.022044363310540348,
			"z" : 0.018588723951783622
		},
		"parent_frame_id" : "linear_groundtruth_frame_id",
		"position" : 
		{
			"x" : -0.0023323793896232736,
			"y" : 0.18181771341073089,
			"z" : 0.017742540328857581
		}
	},
	"candidate_2" : 
	{
		"gripper" : 5,
		"method" : 3,
		"orientation" : 
		{
			"w" : 0.040628306353024599,
			"x" : 0.99804673381905495,
			"y" : 0.036772379543463074,
			"z" : 0.02999749887428723
		},
		"parent_frame_id" : "linear_groundtruth_frame_id",
		"position" : 
		{
			"x" : -0.0020754644700922142,
			"y" : 0.096271548248548777,
			"z" : 0.017175240559105007
		}
	},
	"candidate_3" : 
	{
		"gripper" : 5,
		"method" : 3,
		"orientation" : 
		{
			"w" : 0.040158154969257877,
			"x" : 0.99814408954649192,
			"y" : 0.032549281908570871,
			"z" : 0.032190733761538345
		},
		"parent_frame_id" : "linear_groundtruth_frame_id",
		"position" : 
		{
			"x" : -0.0012811015426044126,
			"y" : 0.10785294529603162,
			"z" : 0.017307757984333046
		}
	},
	"candidate_4" : 
	{
		"gripper" : 5,
		"method" : 3,
		"orientation" : 
		{
			"w" : 0.037578891703679049,
			"x" : 0.99854297609653153,
			"y" : 0.033886817169397461,
			"z" : 0.018746610593186542
		},
		"parent_frame_id" : "linear_groundtruth_frame_id",
		"position" : 
		{
			"x" : -0.0026856232973841987,
			"y" : 0.11623694846961663,
			"z" : 0.017445424122743663
		}
	},
	"candidate_5" : 
	{
		"gripper" : 5,
		"method" : 3,
		"orientation" : 
		{
			"w" : 0.040938069677301375,
			"x" : 0.99759252402234266,
			"y" : 0.05000228770844705,
			"z" : 0.025159524831556309
		},
		"parent_frame_id" : "linear_groundtruth_frame_id",
		"position" : 
		{
			"x" : -0.0023264234612565549,
			"y" : 0.12839263246991472,
			"z" : 0.017302905623511243
		}
	},
	"candidate_6" : 
	{
		"gripper" : 5,
		"method" : 3,
		"orientation" : 
		{
			"w" : 0.042552656285816268,
			"x" : 0.99815375410684537,
			"y" : 0.034838909243152645,
			"z" : 0.025779934215970312
		},
		"parent_frame_id" : "linear_groundtruth_frame_id",
		"position" : 
		{
			"x" : -0.0016695649198830154,
			"y" : 0.13804433134162819,
			"z" : 0.017148830264057752
		}
	},
	"candidate_7" : 
	{
		"gripper" : 5,
		"method" : 3,
		"orientation" : 
		{
			"w" : 0.041324303230913885,
			"x" : 0.99800813574047242,
			"y" : 0.038749687641301003,
			"z" : 0.027758326066388568
		},
		"parent_frame_id" : "linear_groundtruth_frame_id",
		"position" : 
		{
			"x" : -0.002134794204746937,
			"y" : 0.14939756092424156,
			"z" : 0.017406764261382546
		}
	},
	"candidate_8" : 
	{
		"gripper" : 5,
		"method" : 3,
		"orientation" : 
		{
			"w" : 0.043303970757999029,
			"x" : 0.99835967158573768,
			"y" : 0.029687546385399353,
			"z" : 0.0228337876276173
		},
		"parent_frame_id" : "linear_groundtruth_frame_id",
		"position" : 
		{
			"x" : -0.0024653133124032944,
			"y" : 0.15701861507851239,
			"z" : 0.017357264997280221
		}
	},
	"candidate_9" : 
	{
		"gripper" : 5,
		"method" : 3,
		"orientation" : 
		{
			"w" : 0.036471139552569462,
			"x" : 0.99878230668725165,
			"y" : 0.019782346998919537,
			"z" : 0.026691170364827359
		},
		"parent_frame_id" : "linear_groundtruth_frame_id",
		"position" : 
		{
			"x" : -0.0011677352795871343,
			"y" : 0.17300839964423814,
			"z" : 0.017757352500748474
		}
	}
}
