{
	"object_pose_0" : 
	{
		"orientation" : 
		{
			"w" : 0.12518045377975645,
			"x" : 0.35534309891741195,
			"y" : 0.8882977139208087,
			"z" : -0.26265606318147222
		},
		"parent_frame_id" : "camera_link",
		"position" : 
		{
			"x" : 0.0047543621279069227,
			"y" : 0.022665955030505947,
			"z" : 0.55933408067874846
		}
	}
}
