{
	"candidate_0" : 
	{
		"gripper" : 5,
		"method" : 3,
		"orientation" : 
		{
			"w" : 0.065098278403617288,
			"x" : 0.82439335327742269,
			"y" : -0.56223157182816019,
			"z" : -0.0057855734831008913
		},
		"parent_frame_id" : "6dmimic_base",
		"position" : 
		{
			"x" : 0.0145311,
			"y" : 1.5693866999999999,
			"z" : 0.078654699999999994
		}
	},
	"candidate_1" : 
	{
		"gripper" : 5,
		"method" : 3,
		"orientation" : 
		{
			"w" : 0.051207262687802825,
			"x" : 0.82910484512029214,
			"y" : -0.55671030774146424,
			"z" : -0.0060502314404584645
		},
		"parent_frame_id" : "6dmimic_base",
		"position" : 
		{
			"x" : 0.023667199999999999,
			"y" : 1.5722307,
			"z" : 0.078216400000000005
		}
	},
	"candidate_10" : 
	{
		"gripper" : 5,
		"method" : 3,
		"orientation" : 
		{
			"w" : 0.046544818399813594,
			"x" : 0.80996757871915592,
			"y" : -0.58418431493933132,
			"z" : -0.022688928639768277
		},
		"parent_frame_id" : "6dmimic_base",
		"position" : 
		{
			"x" : 0.1130637,
			"y" : 1.5995375999999999,
			"z" : 0.077514
		}
	},
	"candidate_2" : 
	{
		"gripper" : 5,
		"method" : 3,
		"orientation" : 
		{
			"w" : 0.050133810365559112,
			"x" : 0.81853789203422089,
			"y" : -0.57215082968900166,
			"z" : -0.011213761571890229
		},
		"parent_frame_id" : "6dmimic_base",
		"position" : 
		{
			"x" : 0.0308241,
			"y" : 1.5759813,
			"z" : 0.078046099999999993
		}
	},
	"candidate_3" : 
	{
		"gripper" : 5,
		"method" : 3,
		"orientation" : 
		{
			"w" : 0.051126548627490054,
			"x" : 0.81609201200987946,
			"y" : -0.5755828336557901,
			"z" : -0.0091818059159799389
		},
		"parent_frame_id" : "6dmimic_base",
		"position" : 
		{
			"x" : 0.042184600000000003,
			"y" : 1.5783720000000001,
			"z" : 0.078015699999999993
		}
	},
	"candidate_4" : 
	{
		"gripper" : 5,
		"method" : 3,
		"orientation" : 
		{
			"w" : 0.040947037824749066,
			"x" : 0.81707362441430742,
			"y" : -0.57478446207713363,
			"z" : -0.018353597318943808
		},
		"parent_frame_id" : "6dmimic_base",
		"position" : 
		{
			"x" : 0.049870299999999999,
			"y" : 1.5820065999999999,
			"z" : 0.078069
		}
	},
	"candidate_5" : 
	{
		"gripper" : 5,
		"method" : 3,
		"orientation" : 
		{
			"w" : 0.047322129587081319,
			"x" : 0.82610290361963412,
			"y" : -0.56132156281956891,
			"z" : -0.015254894176947037
		},
		"parent_frame_id" : "6dmimic_base",
		"position" : 
		{
			"x" : 0.061660100000000002,
			"y" : 1.5849759999999999,
			"z" : 0.077763600000000002
		}
	},
	"candidate_6" : 
	{
		"gripper" : 5,
		"method" : 3,
		"orientation" : 
		{
			"w" : 0.049145699224126801,
			"x" : 0.81741218773328472,
			"y" : -0.57373712524294662,
			"z" : -0.015739336416002996
		},
		"parent_frame_id" : "6dmimic_base",
		"position" : 
		{
			"x" : 0.071121799999999999,
			"y" : 1.5869766999999999,
			"z" : 0.077473899999999998
		}
	},
	"candidate_7" : 
	{
		"gripper" : 5,
		"method" : 3,
		"orientation" : 
		{
			"w" : 0.049317436558092502,
			"x" : 0.81967572252633991,
			"y" : -0.57054309870716158,
			"z" : -0.013419123290708251
		},
		"parent_frame_id" : "6dmimic_base",
		"position" : 
		{
			"x" : 0.081921900000000006,
			"y" : 1.5905153999999999,
			"z" : 0.077593200000000001
		}
	},
	"candidate_8" : 
	{
		"gripper" : 5,
		"method" : 3,
		"orientation" : 
		{
			"w" : 0.048023052898864771,
			"x" : 0.81443826128335883,
			"y" : -0.57796212025254179,
			"z" : -0.018544338791087703
		},
		"parent_frame_id" : "6dmimic_base",
		"position" : 
		{
			"x" : 0.089162900000000003,
			"y" : 1.5929112000000001,
			"z" : 0.077451000000000006
		}
	},
	"candidate_9" : 
	{
		"gripper" : 5,
		"method" : 3,
		"orientation" : 
		{
			"w" : 0.045005114419694368,
			"x" : 0.80884291344122028,
			"y" : -0.58619010069509236,
			"z" : -0.011351074797837202
		},
		"parent_frame_id" : "6dmimic_base",
		"position" : 
		{
			"x" : 0.1049061,
			"y" : 1.5960159,
			"z" : 0.077622700000000003
		}
	}
}
