{
	"candidate_0" : 
	{
		"gripper" : 5,
		"method" : 3,
		"orientation" : 
		{
			"w" : 0.037889676097611062,
			"x" : 0.99758234428855697,
			"y" : 0.032932205718846516,
			"z" : 0.048055266469520366
		},
		"parent_frame_id" : "linear_groundtruth_frame_id",
		"position" : 
		{
			"x" : 0.0025337195903354088,
			"y" : 0.1779809794959174,
			"z" : 0.025492521482075096
		}
	},
	"candidate_1" : 
	{
		"gripper" : 5,
		"method" : 3,
		"orientation" : 
		{
			"w" : 0.034444361772057279,
			"x" : 0.99722727078355411,
			"y" : 0.034578800934555232,
			"z" : 0.056175287036453588
		},
		"parent_frame_id" : "linear_groundtruth_frame_id",
		"position" : 
		{
			"x" : 0.0032424991823257298,
			"y" : 0.16687333270299542,
			"z" : 0.025618944421122489
		}
	},
	"candidate_10" : 
	{
		"gripper" : 5,
		"method" : 3,
		"orientation" : 
		{
			"w" : 0.051117962805071838,
			"x" : 0.99797109638782178,
			"y" : 0.034132210333495734,
			"z" : 0.016602315227048466
		},
		"parent_frame_id" : "linear_groundtruth_frame_id",
		"position" : 
		{
			"x" : 0.0035021674856077164,
			"y" : 0.075575727505809681,
			"z" : 0.025507740217972447
		}
	},
	"candidate_2" : 
	{
		"gripper" : 5,
		"method" : 3,
		"orientation" : 
		{
			"w" : 0.038844683501826197,
			"x" : 0.99714736425904338,
			"y" : 0.040542918181749023,
			"z" : 0.050443000507438621
		},
		"parent_frame_id" : "linear_groundtruth_frame_id",
		"position" : 
		{
			"x" : 0.002806471312537551,
			"y" : 0.15491151416365323,
			"z" : 0.025361910354333064
		}
	},
	"candidate_3" : 
	{
		"gripper" : 5,
		"method" : 3,
		"orientation" : 
		{
			"w" : 0.02979883333149692,
			"x" : 0.99757101395220882,
			"y" : 0.039237950270700928,
			"z" : 0.049239058815107109
		},
		"parent_frame_id" : "linear_groundtruth_frame_id",
		"position" : 
		{
			"x" : 0.0021998822941667658,
			"y" : 0.14853802599033111,
			"z" : 0.02560080065150358
		}
	},
	"candidate_4" : 
	{
		"gripper" : 5,
		"method" : 3,
		"orientation" : 
		{
			"w" : 0.036429277501210514,
			"x" : 0.99647781482649844,
			"y" : 0.045349474767434027,
			"z" : 0.06040113771829346
		},
		"parent_frame_id" : "linear_groundtruth_frame_id",
		"position" : 
		{
			"x" : 0.0050295146228223203,
			"y" : 0.13933749257334155,
			"z" : 0.025846091887853188
		}
	},
	"candidate_5" : 
	{
		"gripper" : 5,
		"method" : 3,
		"orientation" : 
		{
			"w" : 0.029508241683110097,
			"x" : 0.9962774198494061,
			"y" : 0.044032292279792634,
			"z" : 0.067983259759798687
		},
		"parent_frame_id" : "linear_groundtruth_frame_id",
		"position" : 
		{
			"x" : 0.0050968003954122033,
			"y" : 0.12987774779929845,
			"z" : 0.025982133799894919
		}
	},
	"candidate_6" : 
	{
		"gripper" : 5,
		"method" : 3,
		"orientation" : 
		{
			"w" : 0.03054918439230345,
			"x" : 0.99678860439741435,
			"y" : 0.035269344858378272,
			"z" : 0.065079173240606775
		},
		"parent_frame_id" : "linear_groundtruth_frame_id",
		"position" : 
		{
			"x" : 0.0044667585955565428,
			"y" : 0.11708318989393252,
			"z" : 0.025694072798171971
		}
	},
	"candidate_7" : 
	{
		"gripper" : 5,
		"method" : 3,
		"orientation" : 
		{
			"w" : 0.031487691838832876,
			"x" : 0.9964734565883635,
			"y" : 0.040965886630132689,
			"z" : 0.066113324754611943
		},
		"parent_frame_id" : "linear_groundtruth_frame_id",
		"position" : 
		{
			"x" : 0.0056646123403519977,
			"y" : 0.10703907209781482,
			"z" : 0.025639567528768933
		}
	},
	"candidate_8" : 
	{
		"gripper" : 5,
		"method" : 3,
		"orientation" : 
		{
			"w" : 0.02533734351490885,
			"x" : 0.99633753844528672,
			"y" : 0.043030402189861434,
			"z" : 0.069411187828571169
		},
		"parent_frame_id" : "linear_groundtruth_frame_id",
		"position" : 
		{
			"x" : 0.0045605362983072995,
			"y" : 0.099408856205533802,
			"z" : 0.025617413792186579
		}
	},
	"candidate_9" : 
	{
		"gripper" : 5,
		"method" : 3,
		"orientation" : 
		{
			"w" : 0.025069811399626524,
			"x" : 0.99712305673248125,
			"y" : 0.043128373548863126,
			"z" : 0.057070637668507278
		},
		"parent_frame_id" : "linear_groundtruth_frame_id",
		"position" : 
		{
			"x" : 0.004244078537772672,
			"y" : 0.086563704422473686,
			"z" : 0.02529771950616666
		}
	}
}
