{
	"object_pose_0" : 
	{
		"orientation" : 
		{
			"w" : 0.11158660779435928,
			"x" : 0.30859064430654903,
			"y" : 0.90597744700217997,
			"z" : -0.26744347931724272
		},
		"parent_frame_id" : "camera_link",
		"position" : 
		{
			"x" : -0.0038793563601758688,
			"y" : -0.010947405880640471,
			"z" : 0.58052872384692833
		}
	}
}
