{
	"candidate_0" : 
	{
		"gripper" : 5,
		"method" : 3,
		"orientation" : 
		{
			"w" : 0.061060656537869656,
			"x" : 0.78502318418407102,
			"y" : -0.61644935933523726,
			"z" : 0.00061959005935806333
		},
		"parent_frame_id" : "6dmimic_base",
		"position" : 
		{
			"x" : 0.075058100000000003,
			"y" : 1.5896984999999999,
			"z" : 0.077197100000000005
		}
	},
	"candidate_1" : 
	{
		"gripper" : 5,
		"method" : 3,
		"orientation" : 
		{
			"w" : 0.063631606768346671,
			"x" : 0.78591201265711164,
			"y" : -0.61498893011885025,
			"z" : 0.0090522269413734133
		},
		"parent_frame_id" : "6dmimic_base",
		"position" : 
		{
			"x" : 0.0642403,
			"y" : 1.5870945000000001,
			"z" : 0.077506400000000003
		}
	},
	"candidate_10" : 
	{
		"gripper" : 5,
		"method" : 3,
		"orientation" : 
		{
			"w" : 0.050922064173249071,
			"x" : 0.7857037321224345,
			"y" : -0.61567408242574684,
			"z" : -0.031968937086302468
		},
		"parent_frame_id" : "6dmimic_base",
		"position" : 
		{
			"x" : -0.025652399999999999,
			"y" : 1.5712056999999999,
			"z" : 0.078983399999999995
		}
	},
	"candidate_2" : 
	{
		"gripper" : 5,
		"method" : 3,
		"orientation" : 
		{
			"w" : 0.063238441770657378,
			"x" : 0.78961611032950441,
			"y" : -0.61033102978578713,
			"z" : 0.0018253413773488235
		},
		"parent_frame_id" : "6dmimic_base",
		"position" : 
		{
			"x" : 0.052377100000000003,
			"y" : 1.5854803,
			"z" : 0.077464099999999994
		}
	},
	"candidate_3" : 
	{
		"gripper" : 5,
		"method" : 3,
		"orientation" : 
		{
			"w" : 0.055557825275181057,
			"x" : 0.78909989358578991,
			"y" : -0.61171028425074636,
			"z" : 0.0067241457047529304
		},
		"parent_frame_id" : "6dmimic_base",
		"position" : 
		{
			"x" : 0.045999499999999999,
			"y" : 1.5849852,
			"z" : 0.0778248
		}
	},
	"candidate_4" : 
	{
		"gripper" : 5,
		"method" : 3,
		"orientation" : 
		{
			"w" : 0.067743118126256788,
			"x" : 0.79231845249079658,
			"y" : -0.60623537698057972,
			"z" : 0.011000340282718232
		},
		"parent_frame_id" : "6dmimic_base",
		"position" : 
		{
			"x" : 0.037426399999999999,
			"y" : 1.5806107,
			"z" : 0.078186099999999994
		}
	},
	"candidate_5" : 
	{
		"gripper" : 5,
		"method" : 3,
		"orientation" : 
		{
			"w" : 0.067343298771409155,
			"x" : 0.79141677302923585,
			"y" : -0.60718392520405107,
			"z" : 0.021261525165826488
		},
		"parent_frame_id" : "6dmimic_base",
		"position" : 
		{
			"x" : 0.028122100000000001,
			"y" : 1.5789226000000001,
			"z" : 0.078486600000000004
		}
	},
	"candidate_6" : 
	{
		"gripper" : 5,
		"method" : 3,
		"orientation" : 
		{
			"w" : 0.066374040874890891,
			"x" : 0.78613133220236864,
			"y" : -0.61421031664719083,
			"z" : 0.018376674123053598
		},
		"parent_frame_id" : "6dmimic_base",
		"position" : 
		{
			"x" : 0.0154047,
			"y" : 1.5773579,
			"z" : 0.078430799999999995
		}
	},
	"candidate_7" : 
	{
		"gripper" : 5,
		"method" : 3,
		"orientation" : 
		{
			"w" : 0.067690467251208988,
			"x" : 0.78956789479514489,
			"y" : -0.60963604547009298,
			"z" : 0.018558885086737312
		},
		"parent_frame_id" : "6dmimic_base",
		"position" : 
		{
			"x" : 0.0057147999999999999,
			"y" : 1.5744551,
			"z" : 0.078532099999999994
		}
	},
	"candidate_8" : 
	{
		"gripper" : 5,
		"method" : 3,
		"orientation" : 
		{
			"w" : 0.065082867066597383,
			"x" : 0.79084095892532125,
			"y" : -0.60803602096924636,
			"z" : 0.02503987428794445
		},
		"parent_frame_id" : "6dmimic_base",
		"position" : 
		{
			"x" : -0.0019913000000000001,
			"y" : 1.5742396999999999,
			"z" : 0.0786607
		}
	},
	"candidate_9" : 
	{
		"gripper" : 5,
		"method" : 3,
		"orientation" : 
		{
			"w" : 0.056934334011788074,
			"x" : 0.79136062756950298,
			"y" : -0.60848866641763732,
			"z" : 0.015760126418334738
		},
		"parent_frame_id" : "6dmimic_base",
		"position" : 
		{
			"x" : -0.0147054,
			"y" : 1.5723568999999999,
			"z" : 0.078569
		}
	}
}
