{
	"candidate_0" : 
	{
		"gripper" : 5,
		"method" : 3,
		"orientation" : 
		{
			"w" : -0.02531963422687215,
			"x" : 0.66152662632958614,
			"y" : 0.7471919872920334,
			"z" : 0.05869900259966325
		},
		"parent_frame_id" : "angular_groundtruth_frame_id",
		"position" : 
		{
			"x" : -0.0031543885308882068,
			"y" : 0.00026026836762739437,
			"z" : 0.094246323461516027
		}
	},
	"candidate_1" : 
	{
		"gripper" : 5,
		"method" : 3,
		"orientation" : 
		{
			"w" : -0.024984300195366307,
			"x" : 0.66044480166872965,
			"y" : 0.74788878415051696,
			"z" : 0.062054937227923448
		},
		"parent_frame_id" : "angular_groundtruth_frame_id",
		"position" : 
		{
			"x" : -0.0030095298079010251,
			"y" : 0.0011323934179683572,
			"z" : 0.094376924424062661
		}
	},
	"candidate_10" : 
	{
		"gripper" : 5,
		"method" : 3,
		"orientation" : 
		{
			"w" : 0.037209534144543935,
			"x" : 0.0020926755611381876,
			"y" : -0.99855245489717193,
			"z" : -0.038782291017593618
		},
		"parent_frame_id" : "angular_groundtruth_frame_id",
		"position" : 
		{
			"x" : 0.011355008906779184,
			"y" : 0.0026255116628420652,
			"z" : 0.095295790247895168
		}
	},
	"candidate_11" : 
	{
		"gripper" : 5,
		"method" : 3,
		"orientation" : 
		{
			"w" : 0.021721605248594015,
			"x" : 0.0060295351115205011,
			"y" : -0.99899304631169117,
			"z" : -0.038790591548087658
		},
		"parent_frame_id" : "angular_groundtruth_frame_id",
		"position" : 
		{
			"x" : 0.018468609013074511,
			"y" : 0.0017573657984070803,
			"z" : 0.095264481100155451
		}
	},
	"candidate_12" : 
	{
		"gripper" : 5,
		"method" : 3,
		"orientation" : 
		{
			"w" : -0.054271651298304496,
			"x" : -0.21441572899162839,
			"y" : 0.719210877743101,
			"z" : -0.65864724728973278
		},
		"parent_frame_id" : "angular_groundtruth_frame_id",
		"position" : 
		{
			"x" : -0.021333648122739898,
			"y" : -0.22426612654079703,
			"z" : 0.18549801772119456
		}
	},
	"candidate_13" : 
	{
		"gripper" : 5,
		"method" : 3,
		"orientation" : 
		{
			"w" : -0.16182178009783191,
			"x" : -0.15786434808611668,
			"y" : 0.91522895305533636,
			"z" : -0.33353938684741108
		},
		"parent_frame_id" : "angular_groundtruth_frame_id",
		"position" : 
		{
			"x" : -0.024627701824090527,
			"y" : -0.26172127579102672,
			"z" : 0.20215385367816038
		}
	},
	"candidate_14" : 
	{
		"gripper" : 5,
		"method" : 3,
		"orientation" : 
		{
			"w" : -0.16461541008371453,
			"x" : -0.15412706823030212,
			"y" : 0.91555001643463585,
			"z" : -0.33303870797287255
		},
		"parent_frame_id" : "angular_groundtruth_frame_id",
		"position" : 
		{
			"x" : -0.027153419479430108,
			"y" : -0.26174334158701584,
			"z" : 0.20228343638949417
		}
	},
	"candidate_2" : 
	{
		"gripper" : 5,
		"method" : 3,
		"orientation" : 
		{
			"w" : -0.023444609030905846,
			"x" : 0.65662794670192648,
			"y" : 0.75157852524415114,
			"z" : 0.058479144224472299
		},
		"parent_frame_id" : "angular_groundtruth_frame_id",
		"position" : 
		{
			"x" : -0.0061489195905046297,
			"y" : 0.0014600492209737,
			"z" : 0.094449417224858029
		}
	},
	"candidate_3" : 
	{
		"gripper" : 5,
		"method" : 3,
		"orientation" : 
		{
			"w" : 0.0024036816172515948,
			"x" : 0.38500141527228487,
			"y" : 0.92092700007962192,
			"z" : 0.060511098794919491
		},
		"parent_frame_id" : "angular_groundtruth_frame_id",
		"position" : 
		{
			"x" : 0.0086296448229171568,
			"y" : -0.0064222315112586496,
			"z" : 0.095243463016635332
		}
	},
	"candidate_4" : 
	{
		"gripper" : 5,
		"method" : 3,
		"orientation" : 
		{
			"w" : 0.010565860270506809,
			"x" : 0.38475645345936166,
			"y" : 0.92110836360046011,
			"z" : 0.058397060057855506
		},
		"parent_frame_id" : "angular_groundtruth_frame_id",
		"position" : 
		{
			"x" : 0.014158357450558216,
			"y" : -0.0075371316925412169,
			"z" : 0.095187321044188936
		}
	},
	"candidate_5" : 
	{
		"gripper" : 5,
		"method" : 3,
		"orientation" : 
		{
			"w" : 0.0052378188973349372,
			"x" : 0.38803326788678355,
			"y" : 0.92012899337107557,
			"z" : 0.052586916854227124
		},
		"parent_frame_id" : "angular_groundtruth_frame_id",
		"position" : 
		{
			"x" : 0.0074039390812303341,
			"y" : -0.0055052413495530845,
			"z" : 0.095584874506088394
		}
	},
	"candidate_6" : 
	{
		"gripper" : 5,
		"method" : 3,
		"orientation" : 
		{
			"w" : -0.025930116155491123,
			"x" : 0.14253309843376402,
			"y" : 0.9883320756673889,
			"z" : 0.047028216360229712
		},
		"parent_frame_id" : "angular_groundtruth_frame_id",
		"position" : 
		{
			"x" : 0.012286050791057521,
			"y" : -0.0012667788156103285,
			"z" : 0.094619057999145967
		}
	},
	"candidate_7" : 
	{
		"gripper" : 5,
		"method" : 3,
		"orientation" : 
		{
			"w" : -0.024151814082306031,
			"x" : 0.14691341232449426,
			"y" : 0.98756484910204867,
			"z" : 0.050485720493565367
		},
		"parent_frame_id" : "angular_groundtruth_frame_id",
		"position" : 
		{
			"x" : 0.011809434907972174,
			"y" : -0.00077995108798962175,
			"z" : 0.094699734692071588
		}
	},
	"candidate_8" : 
	{
		"gripper" : 5,
		"method" : 3,
		"orientation" : 
		{
			"w" : -0.027181228002011532,
			"x" : 0.14427255269598332,
			"y" : 0.98786504059757974,
			"z" : 0.050687996094042904
		},
		"parent_frame_id" : "angular_groundtruth_frame_id",
		"position" : 
		{
			"x" : 0.009319557617313283,
			"y" : -0.00041825841933637153,
			"z" : 0.094902077914570823
		}
	},
	"candidate_9" : 
	{
		"gripper" : 5,
		"method" : 3,
		"orientation" : 
		{
			"w" : 0.039701680210154681,
			"x" : 0.010785706972540568,
			"y" : -0.99790022637010178,
			"z" : -0.050025826570809152
		},
		"parent_frame_id" : "angular_groundtruth_frame_id",
		"position" : 
		{
			"x" : 0.015353445434927053,
			"y" : 0.002469677203015678,
			"z" : 0.095250888638892653
		}
	}
}
