{
	"object_pose_0" : 
	{
		"orientation" : 
		{
			"w" : -0.085780039264257979,
			"x" : -0.32670777001567497,
			"y" : 0.89880830259720668,
			"z" : -0.27936956760986592
		},
		"parent_frame_id" : "camera_link",
		"position" : 
		{
			"x" : -0.032885291784209764,
			"y" : -0.046361941701151183,
			"z" : 0.54964880416113193
		}
	}
}
