{
	"candidate_0" : 
	{
		"gripper" : 5,
		"method" : 3,
		"orientation" : 
		{
			"w" : 0.047811403660813927,
			"x" : 0.86083357324298404,
			"y" : -0.50591977787045117,
			"z" : 0.026922243911161561
		},
		"parent_frame_id" : "6dmimic_base",
		"position" : 
		{
			"x" : -0.1200891,
			"y" : 1.5415536999999999,
			"z" : 0.1938086
		}
	},
	"candidate_1" : 
	{
		"gripper" : 5,
		"method" : 3,
		"orientation" : 
		{
			"w" : 0.051158393994168064,
			"x" : 0.86134157583233828,
			"y" : -0.50470904438356345,
			"z" : 0.027244980896159524
		},
		"parent_frame_id" : "6dmimic_base",
		"position" : 
		{
			"x" : -0.1198925,
			"y" : 1.5406852,
			"z" : 0.19392209999999999
		}
	},
	"candidate_10" : 
	{
		"gripper" : 5,
		"method" : 3,
		"orientation" : 
		{
			"w" : 0.02112358268148307,
			"x" : 0.98006818271914009,
			"y" : 0.19336604278524877,
			"z" : 0.040369852289475296
		},
		"parent_frame_id" : "6dmimic_base",
		"position" : 
		{
			"x" : -0.13266449999999999,
			"y" : 1.5338544000000001,
			"z" : 0.19486139999999999
		}
	},
	"candidate_11" : 
	{
		"gripper" : 5,
		"method" : 3,
		"orientation" : 
		{
			"w" : 0.024084057878028246,
			"x" : 0.97968956148183384,
			"y" : 0.1974660171000476,
			"z" : 0.025208993837589431
		},
		"parent_frame_id" : "6dmimic_base",
		"position" : 
		{
			"x" : -0.13960259999999999,
			"y" : 1.5319761000000001,
			"z" : 0.19487170000000001
		}
	},
	"candidate_12" : 
	{
		"gripper" : 5,
		"method" : 3,
		"orientation" : 
		{
			"w" : 0.66461707671392667,
			"x" : -0.65842530824017564,
			"y" : -0.3454668735921167,
			"z" : 0.073572372936806435
		},
		"parent_frame_id" : "6dmimic_base",
		"position" : 
		{
			"x" : -0.18710270000000001,
			"y" : 1.7556887000000001,
			"z" : 0.28999589999999997
		}
	},
	"candidate_13" : 
	{
		"gripper" : 5,
		"method" : 3,
		"orientation" : 
		{
			"w" : 0.36791180749979563,
			"x" : -0.86521635983351397,
			"y" : -0.32768736457185721,
			"z" : -0.093072786992909065
		},
		"parent_frame_id" : "6dmimic_base",
		"position" : 
		{
			"x" : -0.19802330000000001,
			"y" : 1.7914833999999999,
			"z" : 0.30747960000000002
		}
	},
	"candidate_14" : 
	{
		"gripper" : 5,
		"method" : 3,
		"orientation" : 
		{
			"w" : 0.36794594891322535,
			"x" : -0.86626332203553824,
			"y" : -0.32405566013766007,
			"z" : -0.095872648378173789
		},
		"parent_frame_id" : "6dmimic_base",
		"position" : 
		{
			"x" : -0.19568350000000001,
			"y" : 1.7924555,
			"z" : 0.30760169999999998
		}
	},
	"candidate_2" : 
	{
		"gripper" : 5,
		"method" : 3,
		"orientation" : 
		{
			"w" : 0.047894594323907955,
			"x" : 0.86418983999905219,
			"y" : -0.5002533507008784,
			"z" : 0.025072163638285412
		},
		"parent_frame_id" : "6dmimic_base",
		"position" : 
		{
			"x" : -0.11685089999999999,
			"y" : 1.5415646999999999,
			"z" : 0.1939776
		}
	},
	"candidate_3" : 
	{
		"gripper" : 5,
		"method" : 3,
		"orientation" : 
		{
			"w" : 0.052205258513584575,
			"x" : 0.97820885631218513,
			"y" : -0.20094137226217618,
			"z" : 0.0021469348685973447
		},
		"parent_frame_id" : "6dmimic_base",
		"position" : 
		{
			"x" : -0.13355400000000001,
			"y" : 1.5433029,
			"z" : 0.1949873
		}
	},
	"candidate_4" : 
	{
		"gripper" : 5,
		"method" : 3,
		"orientation" : 
		{
			"w" : 0.051693574737993402,
			"x" : 0.97828965038572413,
			"y" : -0.20059376651715896,
			"z" : -0.0062669859936515604
		},
		"parent_frame_id" : "6dmimic_base",
		"position" : 
		{
			"x" : -0.13911309999999999,
			"y" : 1.5422532,
			"z" : 0.19497249999999999
		}
	},
	"candidate_5" : 
	{
		"gripper" : 5,
		"method" : 3,
		"orientation" : 
		{
			"w" : 0.044991038332167915,
			"x" : 0.97791933369746686,
			"y" : -0.20407063842569045,
			"z" : -0.0021812342897458599
		},
		"parent_frame_id" : "6dmimic_base",
		"position" : 
		{
			"x" : -0.13206470000000001,
			"y" : 1.5429065,
			"z" : 0.19530690000000001
		}
	},
	"candidate_6" : 
	{
		"gripper" : 5,
		"method" : 3,
		"orientation" : 
		{
			"w" : 0.03200199967220483,
			"x" : 0.99781964139286516,
			"y" : 0.049613798804667951,
			"z" : 0.029500953133151195
		},
		"parent_frame_id" : "6dmimic_base",
		"position" : 
		{
			"x" : -0.13500870000000001,
			"y" : 1.5371364000000001,
			"z" : 0.19426589999999999
		}
	},
	"candidate_7" : 
	{
		"gripper" : 5,
		"method" : 3,
		"orientation" : 
		{
			"w" : 0.035759540393810935,
			"x" : 0.99793439006693563,
			"y" : 0.045197925997520101,
			"z" : 0.028378792752318745
		},
		"parent_frame_id" : "6dmimic_base",
		"position" : 
		{
			"x" : -0.1343809,
			"y" : 1.536862,
			"z" : 0.19433520000000001
		}
	},
	"candidate_8" : 
	{
		"gripper" : 5,
		"method" : 3,
		"orientation" : 
		{
			"w" : 0.035364466208429368,
			"x" : 0.99773536042057021,
			"y" : 0.047818176604987328,
			"z" : 0.031415395627016979
		},
		"parent_frame_id" : "6dmimic_base",
		"position" : 
		{
			"x" : -0.1319285,
			"y" : 1.5374622,
			"z" : 0.19452249999999999
		}
	},
	"candidate_9" : 
	{
		"gripper" : 5,
		"method" : 3,
		"orientation" : 
		{
			"w" : 0.031654698599294998,
			"x" : 0.97787988833072748,
			"y" : 0.20178828731312906,
			"z" : 0.045059861940597329
		},
		"parent_frame_id" : "6dmimic_base",
		"position" : 
		{
			"x" : -0.136439,
			"y" : 1.5324901,
			"z" : 0.1948329
		}
	}
}
