{
	"candidate_0" : 
	{
		"gripper" : 5,
		"method" : 3,
		"orientation" : 
		{
			"w" : -0.43923139600918304,
			"x" : 0.54356659676251706,
			"y" : 0.52509855169575004,
			"z" : -0.48567751301750117
		},
		"parent_frame_id" : "gt01_frame_id",
		"position" : 
		{
			"x" : 0.025430179455676674,
			"y" : -0.022418769522668081,
			"z" : -0.0011045375909054245
		}
	},
	"candidate_1" : 
	{
		"gripper" : 5,
		"method" : 3,
		"orientation" : 
		{
			"w" : -0.44039937905214033,
			"x" : 0.56655268335923492,
			"y" : 0.5117781551890721,
			"z" : -0.47238709103891685
		},
		"parent_frame_id" : "gt01_frame_id",
		"position" : 
		{
			"x" : 0.022250150311053235,
			"y" : -0.005311286486813005,
			"z" : 0.0016132768043904955
		}
	},
	"candidate_2" : 
	{
		"gripper" : 5,
		"method" : 3,
		"orientation" : 
		{
			"w" : -0.45050121704719143,
			"x" : 0.55311680640602567,
			"y" : 0.52211939133825302,
			"z" : -0.46744175369640489
		},
		"parent_frame_id" : "gt01_frame_id",
		"position" : 
		{
			"x" : 0.022221672586508923,
			"y" : 0.015456446857065487,
			"z" : -0.0022941089081753296
		}
	},
	"candidate_3" : 
	{
		"gripper" : 5,
		"method" : 3,
		"orientation" : 
		{
			"w" : -0.45377870616426241,
			"x" : 0.56137728184458746,
			"y" : 0.49854020545232386,
			"z" : -0.47999801750447402
		},
		"parent_frame_id" : "gt01_frame_id",
		"position" : 
		{
			"x" : 0.02047449563834712,
			"y" : 0.034422437652848359,
			"z" : 0.0022910085261006463
		}
	},
	"candidate_4" : 
	{
		"gripper" : 5,
		"method" : 3,
		"orientation" : 
		{
			"w" : -0.44896356310527569,
			"x" : 0.55817363306662493,
			"y" : 0.5094590879481079,
			"z" : -0.47678648477080604
		},
		"parent_frame_id" : "gt01_frame_id",
		"position" : 
		{
			"x" : 0.02087270959940643,
			"y" : 0.053461477700832871,
			"z" : 0.00043639181032165131
		}
	},
	"candidate_5" : 
	{
		"gripper" : 5,
		"method" : 3,
		"orientation" : 
		{
			"w" : -0.45234250073059412,
			"x" : 0.54964456455584365,
			"y" : 0.51165645311449748,
			"z" : -0.48112866124697024
		},
		"parent_frame_id" : "gt01_frame_id",
		"position" : 
		{
			"x" : 0.021441715288551363,
			"y" : 0.075128212572289188,
			"z" : 0.0017674805172580021
		}
	}
}
