{
	"object_pose_0" : 
	{
		"orientation" : 
		{
			"w" : 0.47075505411904406,
			"x" : -0.54878063200312877,
			"y" : 0.66621059480713452,
			"z" : 0.18273805930044443
		},
		"parent_frame_id" : "camera_link",
		"position" : 
		{
			"x" : 0.0092015645528557011,
			"y" : 0.0095137610910899229,
			"z" : 0.56754937471873135
		}
	}
}
