{
	"candidate_0" : 
	{
		"gripper" : 5,
		"method" : 3,
		"orientation" : 
		{
			"w" : 0.58209400517091647,
			"x" : -0.73751622864553334,
			"y" : -0.25072432997503807,
			"z" : 0.23318167163634224
		},
		"parent_frame_id" : "gt01_frame_id",
		"position" : 
		{
			"x" : -0.011059461413691456,
			"y" : -0.042286749620135788,
			"z" : 0.014579664304816109
		}
	},
	"candidate_1" : 
	{
		"gripper" : 5,
		"method" : 3,
		"orientation" : 
		{
			"w" : 0.58325444165573903,
			"x" : -0.73231842407345515,
			"y" : -0.23842349168126376,
			"z" : 0.25822126300120524
		},
		"parent_frame_id" : "gt01_frame_id",
		"position" : 
		{
			"x" : 0.0086237686302620825,
			"y" : -0.043406011690694024,
			"z" : 0.017461126904645352
		}
	},
	"candidate_2" : 
	{
		"gripper" : 5,
		"method" : 3,
		"orientation" : 
		{
			"w" : 0.57934743984912551,
			"x" : -0.7358617675685627,
			"y" : -0.23798044781680991,
			"z" : 0.25735055746596919
		},
		"parent_frame_id" : "gt01_frame_id",
		"position" : 
		{
			"x" : 0.026425911918601844,
			"y" : -0.044518049023014372,
			"z" : 0.020614004225909949
		}
	},
	"candidate_3" : 
	{
		"gripper" : 5,
		"method" : 3,
		"orientation" : 
		{
			"w" : 0.56031087998272489,
			"x" : -0.71852441309923509,
			"y" : -0.300897849920015,
			"z" : 0.28148689039970609
		},
		"parent_frame_id" : "gt01_frame_id",
		"position" : 
		{
			"x" : 0.053993984351229873,
			"y" : -0.048309753497661978,
			"z" : 0.01034211848538924
		}
	},
	"candidate_4" : 
	{
		"gripper" : 5,
		"method" : 3,
		"orientation" : 
		{
			"w" : 0.56392619934238364,
			"x" : -0.71763045142371851,
			"y" : -0.29857157406104906,
			"z" : 0.27901396389312122
		},
		"parent_frame_id" : "gt01_frame_id",
		"position" : 
		{
			"x" : 0.073505427189304404,
			"y" : -0.048348255251528194,
			"z" : 0.013004141631700966
		}
	},
	"candidate_5" : 
	{
		"gripper" : 5,
		"method" : 3,
		"orientation" : 
		{
			"w" : 0.56522577642431082,
			"x" : -0.71430133155429743,
			"y" : -0.30426605825538128,
			"z" : 0.27877516962424242
		},
		"parent_frame_id" : "gt01_frame_id",
		"position" : 
		{
			"x" : 0.092991229402666534,
			"y" : -0.049402083115910322,
			"z" : 0.011169579265908197
		}
	}
}
