{
	"candidate_0" : 
	{
		"gripper" : 5,
		"method" : 3,
		"orientation" : 
		{
			"w" : 0.36759669893506469,
			"x" : 0.57642220847600356,
			"y" : -0.69680614360256521,
			"z" : 0.21695921908370536
		},
		"parent_frame_id" : "6dmimic_base",
		"position" : 
		{
			"x" : -0.057895700000000001,
			"y" : 1.5987537999999999,
			"z" : 0.052897100000000002
		}
	},
	"candidate_1" : 
	{
		"gripper" : 5,
		"method" : 3,
		"orientation" : 
		{
			"w" : 0.34662932483989128,
			"x" : 0.56825061022570544,
			"y" : -0.71091729439295481,
			"z" : 0.22701532034678912
		},
		"parent_frame_id" : "6dmimic_base",
		"position" : 
		{
			"x" : -0.054531200000000002,
			"y" : 1.5995912000000001,
			"z" : 0.072517600000000002
		}
	},
	"candidate_2" : 
	{
		"gripper" : 5,
		"method" : 3,
		"orientation" : 
		{
			"w" : 0.34972360321761198,
			"x" : 0.56511489970004081,
			"y" : -0.7126912073280427,
			"z" : 0.22452125620261462
		},
		"parent_frame_id" : "6dmimic_base",
		"position" : 
		{
			"x" : -0.050937499999999997,
			"y" : 1.6004225999999999,
			"z" : 0.090251399999999996
		}
	},
	"candidate_3" : 
	{
		"gripper" : 5,
		"method" : 3,
		"orientation" : 
		{
			"w" : 0.31899473406428247,
			"x" : 0.59527472386323554,
			"y" : -0.71835157497386382,
			"z" : 0.16691727742021117
		},
		"parent_frame_id" : "6dmimic_base",
		"position" : 
		{
			"x" : -0.0604091,
			"y" : 1.6044868999999999,
			"z" : 0.11806609999999999
		}
	},
	"candidate_4" : 
	{
		"gripper" : 5,
		"method" : 3,
		"orientation" : 
		{
			"w" : 0.32017978782815504,
			"x" : 0.59629229771560965,
			"y" : -0.71599506706463945,
			"z" : 0.17108905017697237
		},
		"parent_frame_id" : "6dmimic_base",
		"position" : 
		{
			"x" : -0.057318300000000003,
			"y" : 1.6042563000000001,
			"z" : 0.13751289999999999
		}
	},
	"candidate_5" : 
	{
		"gripper" : 5,
		"method" : 3,
		"orientation" : 
		{
			"w" : 0.31787738486259959,
			"x" : 0.60125325556606413,
			"y" : -0.71360263742885899,
			"z" : 0.16798740047604754
		},
		"parent_frame_id" : "6dmimic_base",
		"position" : 
		{
			"x" : -0.058670899999999998,
			"y" : 1.6052506,
			"z" : 0.15704119999999999
		}
	}
}
