{
	"candidate_0" : 
	{
		"gripper" : 5,
		"method" : 3,
		"orientation" : 
		{
			"w" : 0.48694576619467933,
			"x" : -0.48148344159572959,
			"y" : 0.49221120234638749,
			"z" : -0.53738780088399107
		},
		"parent_frame_id" : "triangle_bracket_frame_id",
		"position" : 
		{
			"x" : 0.028930998111673469,
			"y" : -0.036009720500097098,
			"z" : 0.021691160434652267
		}
	}
}
