{
	"object_pose_0" : 
	{
		"orientation" : 
		{
			"w" : -0.0045734333848496869,
			"x" : 0.69658450589706522,
			"y" : 0.40292866445715791,
			"z" : 0.59363099362659055
		},
		"parent_frame_id" : "camera_link",
		"position" : 
		{
			"x" : -0.0027654249490653565,
			"y" : 0.045509479676857229,
			"z" : 0.51389490081667122
		}
	}
}
