{
	"candidate_0" : 
	{
		"gripper" : 5,
		"method" : 3,
		"orientation" : 
		{
			"w" : 0.034392631882619103,
			"x" : 0.87451607089463013,
			"y" : -0.48372229308168663,
			"z" : 0.0071785649680149201
		},
		"parent_frame_id" : "6dmimic_base",
		"position" : 
		{
			"x" : 0.0030412,
			"y" : 1.4899149,
			"z" : 0.058688999999999998
		}
	}
}
