{
	"candidate_0" : 
	{
		"gripper" : 5,
		"method" : 3,
		"orientation" : 
		{
			"w" : 0.051277826864277454,
			"x" : 0.66829101978005467,
			"y" : -0.73938439621140051,
			"z" : -0.063784104544271053
		},
		"parent_frame_id" : "6dmimic_base",
		"position" : 
		{
			"x" : -0.074630299999999997,
			"y" : 1.583264,
			"z" : 0.087752399999999994
		}
	},
	"candidate_1" : 
	{
		"gripper" : 5,
		"method" : 3,
		"orientation" : 
		{
			"w" : 0.072910271553821682,
			"x" : 0.65424996810178471,
			"y" : -0.75066035012761168,
			"z" : -0.056125843308170886
		},
		"parent_frame_id" : "6dmimic_base",
		"position" : 
		{
			"x" : -0.071219299999999999,
			"y" : 1.5650766,
			"z" : 0.084723099999999996
		}
	},
	"candidate_2" : 
	{
		"gripper" : 5,
		"method" : 3,
		"orientation" : 
		{
			"w" : 0.071445110651436466,
			"x" : 0.65851907946640409,
			"y" : -0.74762014900541462,
			"z" : -0.048086702359857861
		},
		"parent_frame_id" : "6dmimic_base",
		"position" : 
		{
			"x" : -0.073054800000000003,
			"y" : 1.5434839,
			"z" : 0.083571300000000001
		}
	},
	"candidate_3" : 
	{
		"gripper" : 5,
		"method" : 3,
		"orientation" : 
		{
			"w" : 0.050905913416285926,
			"x" : 0.65662862641666309,
			"y" : -0.75087194090222176,
			"z" : -0.04938383657787334
		},
		"parent_frame_id" : "6dmimic_base",
		"position" : 
		{
			"x" : -0.070793599999999998,
			"y" : 1.5245938000000001,
			"z" : 0.085351200000000002
		}
	},
	"candidate_4" : 
	{
		"gripper" : 5,
		"method" : 3,
		"orientation" : 
		{
			"w" : 0.068994540129098558,
			"x" : 0.63941864373439827,
			"y" : -0.76408469530979495,
			"z" : -0.050577958347234005
		},
		"parent_frame_id" : "6dmimic_base",
		"position" : 
		{
			"x" : -0.070954600000000007,
			"y" : 1.5052308000000001,
			"z" : 0.083052600000000004
		}
	},
	"candidate_5" : 
	{
		"gripper" : 5,
		"method" : 3,
		"orientation" : 
		{
			"w" : 0.069449788483953639,
			"x" : 0.65955290257408028,
			"y" : -0.74630919934161843,
			"z" : -0.056473662566830451
		},
		"parent_frame_id" : "6dmimic_base",
		"position" : 
		{
			"x" : -0.076016,
			"y" : 1.4830559999999999,
			"z" : 0.0833565
		}
	}
}
