{
	"candidate_0" : 
	{
		"gripper" : 5,
		"method" : 3,
		"orientation" : 
		{
			"w" : -0.0070224172911879379,
			"x" : 0.59492106396920574,
			"y" : 0.80214379486066711,
			"z" : 0.050842360956830215
		},
		"parent_frame_id" : "angular_groundtruth_frame_id",
		"position" : 
		{
			"x" : 0.0049464758766108426,
			"y" : -0.0031272823133241031,
			"z" : 0.09645256360636828
		}
	},
	"candidate_1" : 
	{
		"gripper" : 5,
		"method" : 3,
		"orientation" : 
		{
			"w" : -0.0024194978976246131,
			"x" : 0.61966152895887683,
			"y" : 0.78340726245319847,
			"z" : 0.047820463128829233
		},
		"parent_frame_id" : "angular_groundtruth_frame_id",
		"position" : 
		{
			"x" : 0.0044203789305784814,
			"y" : -0.0027920587983930011,
			"z" : 0.096373997629008834
		}
	},
	"candidate_2" : 
	{
		"gripper" : 5,
		"method" : 3,
		"orientation" : 
		{
			"w" : -0.0076739828236120251,
			"x" : 0.62460697981762403,
			"y" : 0.77850631659226288,
			"z" : 0.061115839000023903
		},
		"parent_frame_id" : "angular_groundtruth_frame_id",
		"position" : 
		{
			"x" : 0.0057811903313540157,
			"y" : 0.00012773294818980725,
			"z" : 0.096520037261744157
		}
	},
	"candidate_3" : 
	{
		"gripper" : 5,
		"method" : 3,
		"orientation" : 
		{
			"w" : -0.01129877284131983,
			"x" : 0.5121835697977426,
			"y" : 0.8583450082659323,
			"z" : 0.028003131012050604
		},
		"parent_frame_id" : "angular_groundtruth_frame_id",
		"position" : 
		{
			"x" : 0.0081086244593060013,
			"y" : -0.003961322284928322,
			"z" : 0.096895169383582572
		}
	},
	"candidate_4" : 
	{
		"gripper" : 5,
		"method" : 3,
		"orientation" : 
		{
			"w" : -0.0039969904614093662,
			"x" : 0.50694907120305521,
			"y" : 0.86135707264554229,
			"z" : 0.032413834656103167
		},
		"parent_frame_id" : "angular_groundtruth_frame_id",
		"position" : 
		{
			"x" : 0.0091705443306939003,
			"y" : -0.0045512176783202608,
			"z" : 0.096917402001991546
		}
	},
	"candidate_5" : 
	{
		"gripper" : 5,
		"method" : 3,
		"orientation" : 
		{
			"w" : -0.0039093673057088423,
			"x" : 0.50085858613488754,
			"y" : 0.86512680759658378,
			"z" : 0.026095982832115887
		},
		"parent_frame_id" : "angular_groundtruth_frame_id",
		"position" : 
		{
			"x" : 0.0070068146667089676,
			"y" : -0.0033643975418673005,
			"z" : 0.097650987454739949
		}
	},
	"candidate_6" : 
	{
		"gripper" : 5,
		"method" : 3,
		"orientation" : 
		{
			"w" : -0.0039932921917494582,
			"x" : 0.50063676209611696,
			"y" : 0.86546377478121639,
			"z" : 0.01787010343661501
		},
		"parent_frame_id" : "angular_groundtruth_frame_id",
		"position" : 
		{
			"x" : 0.0090213913254992839,
			"y" : -0.0041725878156690065,
			"z" : 0.097606853521026285
		}
	},
	"candidate_7" : 
	{
		"gripper" : 5,
		"method" : 3,
		"orientation" : 
		{
			"w" : -0.0046336427221117353,
			"x" : 0.50200703897176657,
			"y" : 0.86455556637687458,
			"z" : 0.022608291060686042
		},
		"parent_frame_id" : "angular_groundtruth_frame_id",
		"position" : 
		{
			"x" : 0.0079444369144594899,
			"y" : -0.003652206788849852,
			"z" : 0.09770023319486705
		}
	}
}
