{
	"object_pose_0" : 
	{
		"orientation" : 
		{
			"w" : -0.081424198154589345,
			"x" : -0.32807206639461184,
			"y" : 0.89973891776001569,
			"z" : -0.27605953961849539
		},
		"parent_frame_id" : "camera_link",
		"position" : 
		{
			"x" : -0.019904914896711545,
			"y" : 0.01216407357700533,
			"z" : 0.56465226395657553
		}
	}
}
