{
	"candidate_0" : 
	{
		"gripper" : 5,
		"method" : 3,
		"orientation" : 
		{
			"w" : 0.045713413441989571,
			"x" : 0.90190306237186513,
			"y" : -0.42950226546235842,
			"z" : 0.0029923031990751851
		},
		"parent_frame_id" : "6dmimic_base",
		"position" : 
		{
			"x" : -0.085892800000000005,
			"y" : 1.5350355,
			"z" : 0.1508206
		}
	},
	"candidate_1" : 
	{
		"gripper" : 5,
		"method" : 3,
		"orientation" : 
		{
			"w" : 0.044056299338466748,
			"x" : 0.88818917216084459,
			"y" : -0.45735571357434113,
			"z" : -0.0021881969149141096
		},
		"parent_frame_id" : "6dmimic_base",
		"position" : 
		{
			"x" : -0.085278300000000001,
			"y" : 1.5349218,
			"z" : 0.1507261
		}
	},
	"candidate_2" : 
	{
		"gripper" : 5,
		"method" : 3,
		"orientation" : 
		{
			"w" : 0.056192110502973756,
			"x" : 0.88451605036493408,
			"y" : -0.46308034776669782,
			"z" : 0.0055131548421056588
		},
		"parent_frame_id" : "6dmimic_base",
		"position" : 
		{
			"x" : -0.085428299999999999,
			"y" : 1.5316715999999999,
			"z" : 0.15082119999999999
		}
	},
	"candidate_3" : 
	{
		"gripper" : 5,
		"method" : 3,
		"orientation" : 
		{
			"w" : 0.021125683293021513,
			"x" : 0.94098140104290751,
			"y" : -0.33778366826775874,
			"z" : 0.0031467202459686547
		},
		"parent_frame_id" : "6dmimic_base",
		"position" : 
		{
			"x" : -0.0891377,
			"y" : 1.5346139000000001,
			"z" : 0.1513302
		}
	},
	"candidate_4" : 
	{
		"gripper" : 5,
		"method" : 3,
		"orientation" : 
		{
			"w" : 0.026775040691589987,
			"x" : 0.94291096027317445,
			"y" : -0.33195198714318436,
			"z" : -0.0031458582890948848
		},
		"parent_frame_id" : "6dmimic_base",
		"position" : 
		{
			"x" : -0.090348100000000001,
			"y" : 1.5347645000000001,
			"z" : 0.15138199999999999
		}
	},
	"candidate_5" : 
	{
		"gripper" : 5,
		"method" : 3,
		"orientation" : 
		{
			"w" : 0.02049605270272065,
			"x" : 0.94537505646485975,
			"y" : -0.32530972495606386,
			"z" : -0.0044155731995541431
		},
		"parent_frame_id" : "6dmimic_base",
		"position" : 
		{
			"x" : -0.087870199999999996,
			"y" : 1.5344586,
			"z" : 0.15205850000000001
		}
	},
	"candidate_6" : 
	{
		"gripper" : 5,
		"method" : 3,
		"orientation" : 
		{
			"w" : 0.012402149919805483,
			"x" : 0.94557819925286146,
			"y" : -0.32510475247025422,
			"z" : -0.0059123342545256696
		},
		"parent_frame_id" : "6dmimic_base",
		"position" : 
		{
			"x" : -0.090050099999999994,
			"y" : 1.5344546999999999,
			"z" : 0.15206259999999999
		}
	},
	"candidate_7" : 
	{
		"gripper" : 5,
		"method" : 3,
		"orientation" : 
		{
			"w" : 0.016951234682205225,
			"x" : 0.94500519577449249,
			"y" : -0.32658635168383066,
			"z" : -0.0043806958131418121
		},
		"parent_frame_id" : "6dmimic_base",
		"position" : 
		{
			"x" : -0.088849600000000001,
			"y" : 1.5343728999999999,
			"z" : 0.15212829999999999
		}
	}
}
