{
	"candidate_0" : 
	{
		"gripper" : 4,
		"method" : 3,
		"orientation" : 
		{
			"w" : 0.046476934308631285,
			"x" : 0.9981680925855867,
			"y" : 0.031704010355088082,
			"z" : -0.02225329747986066
		},
		"parent_frame_id" : "linear_groundtruth_frame_id",
		"position" : 
		{
			"x" : 0.016278474307883796,
			"y" : 0.1286016623235591,
			"z" : 0.0023354133433014547
		}
	}
}
