{
	"object_pose_0" : 
	{
		"orientation" : 
		{
			"w" : 0.12807445842153586,
			"x" : 0.36553851696345763,
			"y" : 0.88296575596460869,
			"z" : -0.26523605362752217
		},
		"parent_frame_id" : "camera_link",
		"position" : 
		{
			"x" : -0.010168708922599618,
			"y" : -0.021715686148293167,
			"z" : 0.589719165846323
		}
	}
}
