{
	"candidate_0" : 
	{
		"gripper" : 4,
		"method" : 3,
		"orientation" : 
		{
			"w" : 0.0024372252933474387,
			"x" : 0.83200931403369061,
			"y" : -0.55467122718313322,
			"z" : -0.0097155045784692671
		},
		"parent_frame_id" : "6dmimic_base",
		"position" : 
		{
			"x" : 0.0078472999999999998,
			"y" : 1.5844726,
			"z" : 0.054677900000000002
		}
	}
}
