{
	"candidate_0" : 
	{
		"gripper" : 5,
		"method" : 3,
		"orientation" : 
		{
			"w" : 0.037616166390120338,
			"x" : 0.9975430061029299,
			"y" : 0.043628446703103854,
			"z" : 0.039868955836782974
		},
		"parent_frame_id" : "linear_groundtruth_frame_id",
		"position" : 
		{
			"x" : 0.0046531507167089786,
			"y" : 0.17514296869531143,
			"z" : 0.025187392599243637
		}
	},
	"candidate_1" : 
	{
		"gripper" : 5,
		"method" : 3,
		"orientation" : 
		{
			"w" : 0.028079768162006573,
			"x" : 0.99848347073085419,
			"y" : 0.036859439225212072,
			"z" : 0.029726537592500869
		},
		"parent_frame_id" : "linear_groundtruth_frame_id",
		"position" : 
		{
			"x" : 0.0036666570766540735,
			"y" : 0.16772451984529052,
			"z" : 0.025584536216390227
		}
	},
	"candidate_10" : 
	{
		"gripper" : 5,
		"method" : 3,
		"orientation" : 
		{
			"w" : 0.062275952505848421,
			"x" : 0.99743965323135142,
			"y" : 0.033572249203463647,
			"z" : 0.010428230177330832
		},
		"parent_frame_id" : "linear_groundtruth_frame_id",
		"position" : 
		{
			"x" : 0.0034538874395224489,
			"y" : 0.07240647496897798,
			"z" : 0.025508022217723803
		}
	},
	"candidate_2" : 
	{
		"gripper" : 5,
		"method" : 3,
		"orientation" : 
		{
			"w" : 0.027646130744461709,
			"x" : 0.99815542600691587,
			"y" : 0.036926059864234306,
			"z" : 0.039470281107631372
		},
		"parent_frame_id" : "linear_groundtruth_frame_id",
		"position" : 
		{
			"x" : 0.0035502776926870168,
			"y" : 0.15711682696480539,
			"z" : 0.025363166879613652
		}
	},
	"candidate_3" : 
	{
		"gripper" : 5,
		"method" : 3,
		"orientation" : 
		{
			"w" : 0.036201455241544313,
			"x" : 0.99805184114979706,
			"y" : 0.035183814217524229,
			"z" : 0.036661645257700673
		},
		"parent_frame_id" : "linear_groundtruth_frame_id",
		"position" : 
		{
			"x" : 0.0048512249608648646,
			"y" : 0.14638040606542718,
			"z" : 0.025249152237734405
		}
	},
	"candidate_4" : 
	{
		"gripper" : 5,
		"method" : 3,
		"orientation" : 
		{
			"w" : 0.026870093964204051,
			"x" : 0.99833009219335089,
			"y" : 0.038022994711083662,
			"z" : 0.034194691763068642
		},
		"parent_frame_id" : "linear_groundtruth_frame_id",
		"position" : 
		{
			"x" : 0.0032812806085622324,
			"y" : 0.13536493696576829,
			"z" : 0.025154173527005119
		}
	},
	"candidate_5" : 
	{
		"gripper" : 5,
		"method" : 3,
		"orientation" : 
		{
			"w" : 0.021775557322304264,
			"x" : 0.99834228783146306,
			"y" : 0.041795976546052382,
			"z" : 0.033039336786702747
		},
		"parent_frame_id" : "linear_groundtruth_frame_id",
		"position" : 
		{
			"x" : 0.0031037010252816105,
			"y" : 0.12664820659809245,
			"z" : 0.025296232155496652
		}
	},
	"candidate_6" : 
	{
		"gripper" : 5,
		"method" : 3,
		"orientation" : 
		{
			"w" : 0.027002630762535298,
			"x" : 0.99851449786474566,
			"y" : 0.032676852422934791,
			"z" : 0.034232715369171364
		},
		"parent_frame_id" : "linear_groundtruth_frame_id",
		"position" : 
		{
			"x" : 0.0042241186621833401,
			"y" : 0.11618861997465113,
			"z" : 0.025346638638691014
		}
	},
	"candidate_7" : 
	{
		"gripper" : 5,
		"method" : 3,
		"orientation" : 
		{
			"w" : 0.015140570341150926,
			"x" : 0.9984359097846236,
			"y" : 0.045814501245032974,
			"z" : 0.028240549887783798
		},
		"parent_frame_id" : "linear_groundtruth_frame_id",
		"position" : 
		{
			"x" : 0.0022173114886442072,
			"y" : 0.10658426657641729,
			"z" : 0.025626521561147753
		}
	},
	"candidate_8" : 
	{
		"gripper" : 5,
		"method" : 3,
		"orientation" : 
		{
			"w" : 0.014950587357358991,
			"x" : 0.9988002065856072,
			"y" : 0.039891054685110637,
			"z" : 0.024152246651765109
		},
		"parent_frame_id" : "linear_groundtruth_frame_id",
		"position" : 
		{
			"x" : 0.0030162047881086757,
			"y" : 0.096058642621335288,
			"z" : 0.025647671913808255
		}
	},
	"candidate_9" : 
	{
		"gripper" : 5,
		"method" : 3,
		"orientation" : 
		{
			"w" : 0.017979263513490745,
			"x" : 0.99810505431385355,
			"y" : 0.046164536142181196,
			"z" : 0.036494961836247224
		},
		"parent_frame_id" : "linear_groundtruth_frame_id",
		"position" : 
		{
			"x" : 0.0024961180598819062,
			"y" : 0.086491677275544465,
			"z" : 0.025157511722473765
		}
	}
}
