{
	"object_pose_0" : 
	{
		"orientation" : 
		{
			"w" : 0.11122884385585452,
			"x" : 0.30769607174298225,
			"y" : 0.9051997907519177,
			"z" : -0.27122885432629418
		},
		"parent_frame_id" : "camera_link",
		"position" : 
		{
			"x" : -0.0030785975229497241,
			"y" : -0.0097729129880024246,
			"z" : 0.58046345849880876
		}
	}
}
