{
	"candidate_0" : 
	{
		"gripper" : 5,
		"method" : 3,
		"orientation" : 
		{
			"w" : 0.053586020958617558,
			"x" : 0.79108171370231317,
			"y" : -0.60935485485467678,
			"z" : -0.0022184383403495711
		},
		"parent_frame_id" : "6dmimic_base",
		"position" : 
		{
			"x" : 0.073848800000000006,
			"y" : 1.5869958,
			"z" : 0.077596700000000005
		}
	},
	"candidate_1" : 
	{
		"gripper" : 5,
		"method" : 3,
		"orientation" : 
		{
			"w" : 0.039814932040874315,
			"x" : 0.78734652116703419,
			"y" : -0.6152117592943428,
			"z" : -0.0038364070051521218
		},
		"parent_frame_id" : "6dmimic_base",
		"position" : 
		{
			"x" : 0.066375299999999998,
			"y" : 1.5867125,
			"z" : 0.078084399999999998
		}
	},
	"candidate_10" : 
	{
		"gripper" : 5,
		"method" : 3,
		"orientation" : 
		{
			"w" : 0.053546176745719799,
			"x" : 0.78428286521704427,
			"y" : -0.6167518211291636,
			"z" : -0.040624935898039082
		},
		"parent_frame_id" : "6dmimic_base",
		"position" : 
		{
			"x" : -0.027603599999999999,
			"y" : 1.5708146000000001,
			"z" : 0.078981200000000001
		}
	},
	"candidate_2" : 
	{
		"gripper" : 5,
		"method" : 3,
		"orientation" : 
		{
			"w" : 0.045763810754326062,
			"x" : 0.78722121664867661,
			"y" : -0.61495793379184971,
			"z" : 0.0038947849591981255
		},
		"parent_frame_id" : "6dmimic_base",
		"position" : 
		{
			"x" : 0.055898299999999998,
			"y" : 1.5850374,
			"z" : 0.077971799999999994
		}
	},
	"candidate_3" : 
	{
		"gripper" : 5,
		"method" : 3,
		"orientation" : 
		{
			"w" : 0.050508631400371581,
			"x" : 0.78599942014815583,
			"y" : -0.61614900713673115,
			"z" : -0.0037670525938301586
		},
		"parent_frame_id" : "6dmimic_base",
		"position" : 
		{
			"x" : 0.045535800000000001,
			"y" : 1.5819383,
			"z" : 0.077948900000000002
		}
	},
	"candidate_4" : 
	{
		"gripper" : 5,
		"method" : 3,
		"orientation" : 
		{
			"w" : 0.041760521547291721,
			"x" : 0.78801662546661921,
			"y" : -0.61423588831968789,
			"z" : 0.000361010282471836
		},
		"parent_frame_id" : "6dmimic_base",
		"position" : 
		{
			"x" : 0.0344123,
			"y" : 1.5816296000000001,
			"z" : 0.077987200000000007
		}
	},
	"candidate_5" : 
	{
		"gripper" : 5,
		"method" : 3,
		"orientation" : 
		{
			"w" : 0.037089090044004736,
			"x" : 0.79044561716635375,
			"y" : -0.61140206833210919,
			"z" : 0.0027634292877720956
		},
		"parent_frame_id" : "6dmimic_base",
		"position" : 
		{
			"x" : 0.025793099999999999,
			"y" : 1.5803303,
			"z" : 0.078220999999999999
		}
	},
	"candidate_6" : 
	{
		"gripper" : 5,
		"method" : 3,
		"orientation" : 
		{
			"w" : 0.041931661303131681,
			"x" : 0.78471191365098714,
			"y" : -0.61844066660411257,
			"z" : 0.00030040776652479756
		},
		"parent_frame_id" : "6dmimic_base",
		"position" : 
		{
			"x" : 0.015674899999999999,
			"y" : 1.5774545,
			"z" : 0.078362799999999996
		}
	},
	"candidate_7" : 
	{
		"gripper" : 5,
		"method" : 3,
		"orientation" : 
		{
			"w" : 0.028889297136195601,
			"x" : 0.79306341656446733,
			"y" : -0.60844428585984411,
			"z" : 0.0033729545765045776
		},
		"parent_frame_id" : "6dmimic_base",
		"position" : 
		{
			"x" : 0.0058728000000000001,
			"y" : 1.5778117,
			"z" : 0.078769000000000006
		}
	},
	"candidate_8" : 
	{
		"gripper" : 5,
		"method" : 3,
		"orientation" : 
		{
			"w" : 0.026158951663411961,
			"x" : 0.7894888951605149,
			"y" : -0.613207029679393,
			"z" : 0.00036389267192267656
		},
		"parent_frame_id" : "6dmimic_base",
		"position" : 
		{
			"x" : -0.0043652999999999999,
			"y" : 1.5752428999999999,
			"z" : 0.078886499999999998
		}
	},
	"candidate_9" : 
	{
		"gripper" : 5,
		"method" : 3,
		"orientation" : 
		{
			"w" : 0.036377397788182567,
			"x" : 0.79310763851031518,
			"y" : -0.60794344737297634,
			"z" : 0.0078564281332437515
		},
		"parent_frame_id" : "6dmimic_base",
		"position" : 
		{
			"x" : -0.013888299999999999,
			"y" : 1.5741459,
			"z" : 0.078498999999999999
		}
	}
}
