{
	"candidate_0" : 
	{
		"gripper" : 5,
		"method" : 3,
		"orientation" : 
		{
			"w" : 0.045961020463052546,
			"x" : 0.99754900782622313,
			"y" : 0.030857082692064615,
			"z" : 0.042794883229748525
		},
		"parent_frame_id" : "linear_groundtruth_frame_id",
		"position" : 
		{
			"x" : 0.0053213968079165782,
			"y" : 0.1719205435695087,
			"z" : 0.02459248028191393
		}
	},
	"candidate_1" : 
	{
		"gripper" : 5,
		"method" : 3,
		"orientation" : 
		{
			"w" : 0.030385194437988233,
			"x" : 0.99836819688157352,
			"y" : 0.035307281422618242,
			"z" : 0.033031489414576745
		},
		"parent_frame_id" : "linear_groundtruth_frame_id",
		"position" : 
		{
			"x" : 0.0047457998206440737,
			"y" : 0.16762345396004397,
			"z" : 0.025361172418923064
		}
	},
	"candidate_10" : 
	{
		"gripper" : 5,
		"method" : 3,
		"orientation" : 
		{
			"w" : 0.058448309388497585,
			"x" : 0.99717706134961759,
			"y" : 0.039634162502740933,
			"z" : 0.025511499573208633
		},
		"parent_frame_id" : "linear_groundtruth_frame_id",
		"position" : 
		{
			"x" : 0.0053447650451002192,
			"y" : 0.075675314351530687,
			"z" : 0.025488159267915683
		}
	},
	"candidate_2" : 
	{
		"gripper" : 5,
		"method" : 3,
		"orientation" : 
		{
			"w" : 0.032265685541473473,
			"x" : 0.99772494794914801,
			"y" : 0.041406657244813357,
			"z" : 0.042300620707255779
		},
		"parent_frame_id" : "linear_groundtruth_frame_id",
		"position" : 
		{
			"x" : 0.0042035421647981745,
			"y" : 0.15543129265222716,
			"z" : 0.02525959257772941
		}
	},
	"candidate_3" : 
	{
		"gripper" : 5,
		"method" : 3,
		"orientation" : 
		{
			"w" : 0.030541187856632304,
			"x" : 0.9980367912000323,
			"y" : 0.037349284959561024,
			"z" : 0.039935324819742539
		},
		"parent_frame_id" : "linear_groundtruth_frame_id",
		"position" : 
		{
			"x" : 0.0041344519405372773,
			"y" : 0.14502213776018902,
			"z" : 0.025211255986419514
		}
	},
	"candidate_4" : 
	{
		"gripper" : 5,
		"method" : 3,
		"orientation" : 
		{
			"w" : 0.028106982889431812,
			"x" : 0.99862080033851341,
			"y" : 0.030603743356917703,
			"z" : 0.032092141353667419
		},
		"parent_frame_id" : "linear_groundtruth_frame_id",
		"position" : 
		{
			"x" : 0.0038273293515353221,
			"y" : 0.13441197156513429,
			"z" : 0.025362832180257942
		}
	},
	"candidate_5" : 
	{
		"gripper" : 5,
		"method" : 3,
		"orientation" : 
		{
			"w" : 0.017918517184131618,
			"x" : 0.9985261727620155,
			"y" : 0.044648437366868694,
			"z" : 0.025118242212787422
		},
		"parent_frame_id" : "linear_groundtruth_frame_id",
		"position" : 
		{
			"x" : 0.0043117301485670967,
			"y" : 0.12888400637955927,
			"z" : 0.025864260611077827
		}
	},
	"candidate_6" : 
	{
		"gripper" : 5,
		"method" : 3,
		"orientation" : 
		{
			"w" : 0.013622875334571497,
			"x" : 0.99804194407207703,
			"y" : 0.051193115293760458,
			"z" : 0.033255978213963124
		},
		"parent_frame_id" : "linear_groundtruth_frame_id",
		"position" : 
		{
			"x" : 0.0032867430575230197,
			"y" : 0.11651108983847214,
			"z" : 0.025807086791590564
		}
	},
	"candidate_7" : 
	{
		"gripper" : 5,
		"method" : 3,
		"orientation" : 
		{
			"w" : 0.020162423220494059,
			"x" : 0.99846737494535998,
			"y" : 0.040312526500152747,
			"z" : 0.032113518442772042
		},
		"parent_frame_id" : "linear_groundtruth_frame_id",
		"position" : 
		{
			"x" : 0.0032574005958242408,
			"y" : 0.10451876802118309,
			"z" : 0.025481309263859844
		}
	},
	"candidate_8" : 
	{
		"gripper" : 5,
		"method" : 3,
		"orientation" : 
		{
			"w" : 0.029559128599874182,
			"x" : 0.99808618390783077,
			"y" : 0.044758100481569356,
			"z" : 0.030772387785186817
		},
		"parent_frame_id" : "linear_groundtruth_frame_id",
		"position" : 
		{
			"x" : 0.0050527231997861055,
			"y" : 0.095115742310124041,
			"z" : 0.025454818643963706
		}
	},
	"candidate_9" : 
	{
		"gripper" : 5,
		"method" : 3,
		"orientation" : 
		{
			"w" : 0.024851548945468521,
			"x" : 0.99822519293822742,
			"y" : 0.046187520186884684,
			"z" : 0.028205986553138142
		},
		"parent_frame_id" : "linear_groundtruth_frame_id",
		"position" : 
		{
			"x" : 0.0042466566277740946,
			"y" : 0.086711553937069197,
			"z" : 0.025445420398164817
		}
	}
}
