{
	"object_pose_0" : 
	{
		"orientation" : 
		{
			"w" : 0.11151775656493872,
			"x" : 0.30889577250371786,
			"y" : 0.90485267768578526,
			"z" : -0.2709043314984777
		},
		"parent_frame_id" : "camera_link",
		"position" : 
		{
			"x" : -0.0030135573045993007,
			"y" : -0.0096334771215548787,
			"z" : 0.58032700185357755
		}
	}
}
