{
	"candidate_0" : 
	{
		"gripper" : 5,
		"method" : 3,
		"orientation" : 
		{
			"w" : 0.061976562904586245,
			"x" : 0.78369814953471084,
			"y" : -0.61801786487489185,
			"z" : -0.0054803979676392896
		},
		"parent_frame_id" : "6dmimic_base",
		"position" : 
		{
			"x" : 0.070913299999999999,
			"y" : 1.5862035999999999,
			"z" : 0.077009599999999997
		}
	},
	"candidate_1" : 
	{
		"gripper" : 5,
		"method" : 3,
		"orientation" : 
		{
			"w" : 0.043733367152657146,
			"x" : 0.78709698987846266,
			"y" : -0.61526995551549268,
			"z" : -0.0029330805849477233
		},
		"parent_frame_id" : "6dmimic_base",
		"position" : 
		{
			"x" : 0.066590999999999997,
			"y" : 1.5860258,
			"z" : 0.077834200000000006
		}
	},
	"candidate_10" : 
	{
		"gripper" : 5,
		"method" : 3,
		"orientation" : 
		{
			"w" : 0.06033381449132709,
			"x" : 0.78891809181400319,
			"y" : -0.61094452113862263,
			"z" : -0.026737002976723753
		},
		"parent_frame_id" : "6dmimic_base",
		"position" : 
		{
			"x" : -0.0238838,
			"y" : 1.5696557,
			"z" : 0.078914899999999996
		}
	},
	"candidate_2" : 
	{
		"gripper" : 5,
		"method" : 3,
		"orientation" : 
		{
			"w" : 0.051085376513169647,
			"x" : 0.79061161780163158,
			"y" : -0.61017603888883665,
			"z" : 0.0029589980607484107
		},
		"parent_frame_id" : "6dmimic_base",
		"position" : 
		{
			"x" : 0.054485800000000001,
			"y" : 1.5844708000000001,
			"z" : 0.0778673
		}
	},
	"candidate_3" : 
	{
		"gripper" : 5,
		"method" : 3,
		"orientation" : 
		{
			"w" : 0.048278399239123582,
			"x" : 0.78821762697627518,
			"y" : -0.61349579301462775,
			"z" : 0.0022540284271354606
		},
		"parent_frame_id" : "6dmimic_base",
		"position" : 
		{
			"x" : 0.044219099999999997,
			"y" : 1.5827536,
			"z" : 0.077928600000000001
		}
	},
	"candidate_4" : 
	{
		"gripper" : 5,
		"method" : 3,
		"orientation" : 
		{
			"w" : 0.041425990126861767,
			"x" : 0.78425392382996917,
			"y" : -0.61905159191912007,
			"z" : -0.0021901693334641925
		},
		"parent_frame_id" : "6dmimic_base",
		"position" : 
		{
			"x" : 0.033716000000000003,
			"y" : 1.5812347,
			"z" : 0.078196000000000002
		}
	},
	"candidate_5" : 
	{
		"gripper" : 5,
		"method" : 3,
		"orientation" : 
		{
			"w" : 0.029018234590685386,
			"x" : 0.79315510861356942,
			"y" : -0.60832720538882901,
			"z" : -0.00096276957480060689
		},
		"parent_frame_id" : "6dmimic_base",
		"position" : 
		{
			"x" : 0.02836,
			"y" : 1.5798015999999999,
			"z" : 0.078750399999999998
		}
	},
	"candidate_6" : 
	{
		"gripper" : 5,
		"method" : 3,
		"orientation" : 
		{
			"w" : 0.030911421832065959,
			"x" : 0.79706527314644005,
			"y" : -0.60304795707644188,
			"z" : 0.0080371518736912142
		},
		"parent_frame_id" : "6dmimic_base",
		"position" : 
		{
			"x" : 0.015994299999999999,
			"y" : 1.578692,
			"z" : 0.078836699999999996
		}
	},
	"candidate_7" : 
	{
		"gripper" : 5,
		"method" : 3,
		"orientation" : 
		{
			"w" : 0.035275340662209637,
			"x" : 0.79038139823492193,
			"y" : -0.61159154810421568,
			"z" : 0.0029451575278368544
		},
		"parent_frame_id" : "6dmimic_base",
		"position" : 
		{
			"x" : 0.0041713000000000002,
			"y" : 1.5766671999999999,
			"z" : 0.078635499999999997
		}
	},
	"candidate_8" : 
	{
		"gripper" : 5,
		"method" : 3,
		"orientation" : 
		{
			"w" : 0.041565269714688408,
			"x" : 0.79294359246216883,
			"y" : -0.60786164925056108,
			"z" : -0.0041234569384205784
		},
		"parent_frame_id" : "6dmimic_base",
		"position" : 
		{
			"x" : -0.0047834000000000002,
			"y" : 1.5732803,
			"z" : 0.078682199999999994
		}
	},
	"candidate_9" : 
	{
		"gripper" : 5,
		"method" : 3,
		"orientation" : 
		{
			"w" : 0.036298207691470644,
			"x" : 0.79394541329442869,
			"y" : -0.60689683434340513,
			"z" : -0.0030583150719667579
		},
		"parent_frame_id" : "6dmimic_base",
		"position" : 
		{
			"x" : -0.0132012,
			"y" : 1.5726348000000001,
			"z" : 0.078771900000000006
		}
	}
}
