{
	"candidate_0" : 
	{
		"gripper" : 5,
		"method" : 3,
		"orientation" : 
		{
			"w" : 0.48065904260090719,
			"x" : -0.058299587924666274,
			"y" : 0.87451420408549763,
			"z" : 0.02815936196901386
		},
		"parent_frame_id" : "angular_groundtruth_frame_id",
		"position" : 
		{
			"x" : -0.067582544437736966,
			"y" : -0.003817892057274062,
			"z" : 0.054093727867504389
		}
	},
	"candidate_1" : 
	{
		"gripper" : 5,
		"method" : 3,
		"orientation" : 
		{
			"w" : 0.48810916984522473,
			"x" : 0.057339755150517362,
			"y" : 0.85638036532525763,
			"z" : -0.15834854176045518
		},
		"parent_frame_id" : "angular_groundtruth_frame_id",
		"position" : 
		{
			"x" : -0.061191823864426356,
			"y" : -0.0045053870892555904,
			"z" : 0.059753081343025843
		}
	},
	"candidate_10" : 
	{
		"gripper" : 5,
		"method" : 3,
		"orientation" : 
		{
			"w" : 0.25428588319850742,
			"x" : -0.014345312770371897,
			"y" : 0.96439991587671481,
			"z" : 0.071173758257244299
		},
		"parent_frame_id" : "angular_groundtruth_frame_id",
		"position" : 
		{
			"x" : -0.026107831732296072,
			"y" : -0.0047456506812239719,
			"z" : 0.082977669321390043
		}
	},
	"candidate_11" : 
	{
		"gripper" : 5,
		"method" : 3,
		"orientation" : 
		{
			"w" : 0.26093810339587042,
			"x" : -0.012744110029662194,
			"y" : 0.96288354882454463,
			"z" : 0.067853999578275814
		},
		"parent_frame_id" : "angular_groundtruth_frame_id",
		"position" : 
		{
			"x" : -0.022707605493044639,
			"y" : -0.0047487848002489893,
			"z" : 0.084945733743201607
		}
	},
	"candidate_12" : 
	{
		"gripper" : 5,
		"method" : 3,
		"orientation" : 
		{
			"w" : 0.041032064455539551,
			"x" : 0.041362925102894743,
			"y" : -0.99618590916409422,
			"z" : -0.06495469572214059
		},
		"parent_frame_id" : "angular_groundtruth_frame_id",
		"position" : 
		{
			"x" : 0.015610742547168439,
			"y" : 0.00018548146294707427,
			"z" : 0.083611785599503149
		}
	},
	"candidate_13" : 
	{
		"gripper" : 5,
		"method" : 3,
		"orientation" : 
		{
			"w" : 0.035324961438337403,
			"x" : 0.026072356457661136,
			"y" : -0.99697702954263967,
			"z" : -0.064102900811581598
		},
		"parent_frame_id" : "angular_groundtruth_frame_id",
		"position" : 
		{
			"x" : 0.015399252530261656,
			"y" : 0.00046996471516377652,
			"z" : 0.083266570666144027
		}
	},
	"candidate_14" : 
	{
		"gripper" : 5,
		"method" : 3,
		"orientation" : 
		{
			"w" : 0.030999412412535832,
			"x" : 0.029067777293986994,
			"y" : -0.996811600117677,
			"z" : -0.067533211267501267
		},
		"parent_frame_id" : "angular_groundtruth_frame_id",
		"position" : 
		{
			"x" : 0.016707247379947002,
			"y" : 0.0014648676851436488,
			"z" : 0.083302542087413278
		}
	},
	"candidate_15" : 
	{
		"gripper" : 5,
		"method" : 3,
		"orientation" : 
		{
			"w" : 0.0252016620571416,
			"x" : 0.045553006515551775,
			"y" : -0.99650753503539569,
			"z" : -0.065288072759359606
		},
		"parent_frame_id" : "angular_groundtruth_frame_id",
		"position" : 
		{
			"x" : 0.019827482907427713,
			"y" : 0.0024662737976596429,
			"z" : 0.083392927184496021
		}
	},
	"candidate_16" : 
	{
		"gripper" : 5,
		"method" : 3,
		"orientation" : 
		{
			"w" : 0.032285585062698408,
			"x" : 0.070021115686928065,
			"y" : -0.99479117666737238,
			"z" : -0.066672326942005561
		},
		"parent_frame_id" : "angular_groundtruth_frame_id",
		"position" : 
		{
			"x" : 0.017456840256877309,
			"y" : 0.003359898683213514,
			"z" : 0.083510803295017699
		}
	},
	"candidate_17" : 
	{
		"gripper" : 5,
		"method" : 3,
		"orientation" : 
		{
			"w" : 0.022932366707863791,
			"x" : 0.050853454204673756,
			"y" : -0.99584427077471138,
			"z" : -0.071987645591535462
		},
		"parent_frame_id" : "angular_groundtruth_frame_id",
		"position" : 
		{
			"x" : 0.020437125947701765,
			"y" : 0.0026232434232530948,
			"z" : 0.083351743766855474
		}
	},
	"candidate_18" : 
	{
		"gripper" : 5,
		"method" : 3,
		"orientation" : 
		{
			"w" : 0.28413623752934136,
			"x" : 0.051113007427082649,
			"y" : -0.95604875291127034,
			"z" : -0.051233202625187643
		},
		"parent_frame_id" : "angular_groundtruth_frame_id",
		"position" : 
		{
			"x" : 0.058934389408472856,
			"y" : 0.002966957011361143,
			"z" : 0.083104408247511544
		}
	},
	"candidate_19" : 
	{
		"gripper" : 5,
		"method" : 3,
		"orientation" : 
		{
			"w" : 0.2843586114108056,
			"x" : 0.043931256429263127,
			"y" : -0.95706950506440458,
			"z" : -0.035045503289871993
		},
		"parent_frame_id" : "angular_groundtruth_frame_id",
		"position" : 
		{
			"x" : 0.0574953498774834,
			"y" : 0.001608806251053729,
			"z" : 0.083582790764031079
		}
	},
	"candidate_2" : 
	{
		"gripper" : 5,
		"method" : 3,
		"orientation" : 
		{
			"w" : -0.48013060959401715,
			"x" : 0.051124578435524259,
			"y" : -0.87398137936310816,
			"z" : -0.054931081704499042
		},
		"parent_frame_id" : "angular_groundtruth_frame_id",
		"position" : 
		{
			"x" : -0.062581970579373924,
			"y" : -0.002716402888609542,
			"z" : 0.056361444038466754
		}
	},
	"candidate_20" : 
	{
		"gripper" : 5,
		"method" : 3,
		"orientation" : 
		{
			"w" : 0.28215208906754441,
			"x" : 0.030141057158990167,
			"y" : -0.95861687958342678,
			"z" : -0.023138571388328692
		},
		"parent_frame_id" : "angular_groundtruth_frame_id",
		"position" : 
		{
			"x" : 0.058963682792266839,
			"y" : 0.0011103542965252193,
			"z" : 0.082758211572249704
		}
	},
	"candidate_21" : 
	{
		"gripper" : 5,
		"method" : 3,
		"orientation" : 
		{
			"w" : 0.27618779538301935,
			"x" : 0.032111591027958991,
			"y" : -0.96050267020720226,
			"z" : -0.011125103503100678
		},
		"parent_frame_id" : "angular_groundtruth_frame_id",
		"position" : 
		{
			"x" : 0.058950181424658347,
			"y" : 0.00045832749153207385,
			"z" : 0.083101458727364588
		}
	},
	"candidate_22" : 
	{
		"gripper" : 5,
		"method" : 3,
		"orientation" : 
		{
			"w" : 0.26888787525378449,
			"x" : 0.014823656862515203,
			"y" : -0.96297571802688886,
			"z" : -0.012543373921136445
		},
		"parent_frame_id" : "angular_groundtruth_frame_id",
		"position" : 
		{
			"x" : 0.059019408818958854,
			"y" : -0.00024507696359763039,
			"z" : 0.082924936840014243
		}
	},
	"candidate_23" : 
	{
		"gripper" : 5,
		"method" : 3,
		"orientation" : 
		{
			"w" : 0.45531414042166846,
			"x" : 0.039918966837646612,
			"y" : -0.88720919464611481,
			"z" : -0.062891609568243648
		},
		"parent_frame_id" : "angular_groundtruth_frame_id",
		"position" : 
		{
			"x" : 0.092085663295655748,
			"y" : 0.00125610223042178,
			"z" : 0.046646004958177847
		}
	},
	"candidate_24" : 
	{
		"gripper" : 5,
		"method" : 3,
		"orientation" : 
		{
			"w" : 0.45213584407469615,
			"x" : 0.042900584912340077,
			"y" : -0.88898358091182128,
			"z" : -0.058659280478339668
		},
		"parent_frame_id" : "angular_groundtruth_frame_id",
		"position" : 
		{
			"x" : 0.089511717104229352,
			"y" : 0.0022382786359976836,
			"z" : 0.048935258616658518
		}
	},
	"candidate_25" : 
	{
		"gripper" : 5,
		"method" : 3,
		"orientation" : 
		{
			"w" : 0.44073957911288203,
			"x" : 0.046530774084427386,
			"y" : -0.89469399844077446,
			"z" : -0.055732931203758683
		},
		"parent_frame_id" : "angular_groundtruth_frame_id",
		"position" : 
		{
			"x" : 0.093656559265693828,
			"y" : 0.00047770207858612371,
			"z" : 0.04551373631692443
		}
	},
	"candidate_26" : 
	{
		"gripper" : 5,
		"method" : 3,
		"orientation" : 
		{
			"w" : 0.43752363387760862,
			"x" : 0.048786319113045672,
			"y" : -0.89591497271024956,
			"z" : -0.059408135297492892
		},
		"parent_frame_id" : "angular_groundtruth_frame_id",
		"position" : 
		{
			"x" : 0.090189033971087879,
			"y" : 0.0036711095064171006,
			"z" : 0.048164668424878473
		}
	},
	"candidate_27" : 
	{
		"gripper" : 5,
		"method" : 3,
		"orientation" : 
		{
			"w" : 0.43423179650133176,
			"x" : 0.047110842251080011,
			"y" : -0.89777567367514899,
			"z" : -0.05676403092410047
		},
		"parent_frame_id" : "angular_groundtruth_frame_id",
		"position" : 
		{
			"x" : 0.090905270173677041,
			"y" : 0.0022217049970914967,
			"z" : 0.047857809818454958
		}
	},