{
	"object_pose_0" : 
	{
		"orientation" : 
		{
			"w" : -0.081501826731907701,
			"x" : -0.32805086474772355,
			"y" : 0.89977448005855842,
			"z" : -0.27594557886465515
		},
		"parent_frame_id" : "camera_link",
		"position" : 
		{
			"x" : -0.015075681666398423,
			"y" : -0.044281524656823557,
			"z" : 0.55421016735236694
		}
	}
}
