{
	"candidate_0" : 
	{
		"gripper" : 5,
		"method" : 3,
		"orientation" : 
		{
			"w" : -0.11007517942979189,
			"x" : -0.84282738112982114,
			"y" : -0.23034189809567435,
			"z" : 0.47378061428579821
		},
		"parent_frame_id" : "6dmimic_base",
		"position" : 
		{
			"x" : -0.053929199999999997,
			"y" : 1.5866941000000001,
			"z" : 0.14839620000000001
		}
	},
	"candidate_1" : 
	{
		"gripper" : 5,
		"method" : 3,
		"orientation" : 
		{
			"w" : 0.070254049511521532,
			"x" : -0.84517999795663057,
			"y" : -0.11173056269506752,
			"z" : 0.51792993825526812
		},
		"parent_frame_id" : "6dmimic_base",
		"position" : 
		{
			"x" : -0.059999200000000003,
			"y" : 1.5848211999999999,
			"z" : 0.1541834
		}
	},
	"candidate_10" : 
	{
		"gripper" : 5,
		"method" : 3,
		"orientation" : 
		{
			"w" : 0.10831066515033191,
			"x" : 0.94202363466416694,
			"y" : 0.20246235092072379,
			"z" : -0.24468197319880106
		},
		"parent_frame_id" : "6dmimic_base",
		"position" : 
		{
			"x" : -0.092161800000000002,
			"y" : 1.5713866999999999,
			"z" : 0.1779955
		}
	},
	"candidate_11" : 
	{
		"gripper" : 5,
		"method" : 3,
		"orientation" : 
		{
			"w" : 0.10636018178012017,
			"x" : 0.94074596336620186,
			"y" : 0.20063965091121558,
			"z" : -0.25184970642055954
		},
		"parent_frame_id" : "6dmimic_base",
		"position" : 
		{
			"x" : -0.095277600000000004,
			"y" : 1.5700708000000001,
			"z" : 0.18001900000000001
		}
	},
	"candidate_12" : 
	{
		"gripper" : 5,
		"method" : 3,
		"orientation" : 
		{
			"w" : 0.044958950645906375,
			"x" : 0.97070813524325372,
			"y" : 0.23189598558531463,
			"z" : 0.043916520795704558
		},
		"parent_frame_id" : "6dmimic_base",
		"position" : 
		{
			"x" : -0.1290376,
			"y" : 1.5510234000000001,
			"z" : 0.17910429999999999
		}
	},
	"candidate_13" : 
	{
		"gripper" : 5,
		"method" : 3,
		"orientation" : 
		{
			"w" : 0.045351793803274865,
			"x" : 0.97435626262909236,
			"y" : 0.21709519951453718,
			"z" : 0.037983715221596819
		},
		"parent_frame_id" : "6dmimic_base",
		"position" : 
		{
			"x" : -0.1287413,
			"y" : 1.5508446,
			"z" : 0.17874789999999999
		}
	},
	"candidate_14" : 
	{
		"gripper" : 5,
		"method" : 3,
		"orientation" : 
		{
			"w" : 0.049521786857470558,
			"x" : 0.9736152702503259,
			"y" : 0.22008055898616449,
			"z" : 0.03443030232463358
		},
		"parent_frame_id" : "6dmimic_base",
		"position" : 
		{
			"x" : -0.12957940000000001,
			"y" : 1.5494241,
			"z" : 0.1787783
		}
	},
	"candidate_15" : 
	{
		"gripper" : 5,
		"method" : 3,
		"orientation" : 
		{
			"w" : 0.048281233781112126,
			"x" : 0.97007636183032908,
			"y" : 0.23623983541613713,
			"z" : 0.028487099627067487
		},
		"parent_frame_id" : "6dmimic_base",
		"position" : 
		{
			"x" : -0.1320973,
			"y" : 1.5473117999999999,
			"z" : 0.17888889999999999
		}
	},
	"candidate_16" : 
	{
		"gripper" : 5,
		"method" : 3,
		"orientation" : 
		{
			"w" : 0.048071411364213827,
			"x" : 0.96377780429924864,
			"y" : 0.2598596020676564,
			"z" : 0.035978751546032625
		},
		"parent_frame_id" : "6dmimic_base",
		"position" : 
		{
			"x" : -0.12955459999999999,
			"y" : 1.5473741999999999,
			"z" : 0.17895169999999999
		}
	},
	"candidate_17" : 
	{
		"gripper" : 5,
		"method" : 3,
		"orientation" : 
		{
			"w" : 0.055248807676091527,
			"x" : 0.96845822034126383,
			"y" : 0.24140019742809266,
			"z" : 0.027607777626613289
		},
		"parent_frame_id" : "6dmimic_base",
		"position" : 
		{
			"x" : -0.13260520000000001,
			"y" : 1.5469360999999999,
			"z" : 0.17885239999999999
		}
	},
	"candidate_18" : 
	{
		"gripper" : 5,
		"method" : 3,
		"orientation" : 
		{
			"w" : -0.014816488619306165,
			"x" : 0.93156205296126948,
			"y" : 0.23106694811907869,
			"z" : 0.28032245474544865
		},
		"parent_frame_id" : "6dmimic_base",
		"position" : 
		{
			"x" : -0.1682427,
			"y" : 1.5320731999999999,
			"z" : 0.17914279999999999
		}
	},
	"candidate_19" : 
	{
		"gripper" : 5,
		"method" : 3,
		"orientation" : 
		{
			"w" : -0.030688566568587608,
			"x" : 0.93377273296835062,
			"y" : 0.22406249335869155,
			"z" : 0.27734940799768965
		},
		"parent_frame_id" : "6dmimic_base",
		"position" : 
		{
			"x" : -0.16740869999999999,
			"y" : 1.5338723000000001,
			"z" : 0.17963560000000001
		}
	},
	"candidate_2" : 
	{
		"gripper" : 5,
		"method" : 3,
		"orientation" : 
		{
			"w" : 0.13631766678234275,
			"x" : 0.8439689450484219,
			"y" : 0.22344162871234752,
			"z" : -0.4681962751616518
		},
		"parent_frame_id" : "6dmimic_base",
		"position" : 
		{
			"x" : -0.058107300000000001,
			"y" : 1.5837406000000001,
			"z" : 0.15071619999999999
		}
	},
	"candidate_20" : 
	{
		"gripper" : 5,
		"method" : 3,
		"orientation" : 
		{
			"w" : -0.041838065482286552,
			"x" : 0.93779080041937757,
			"y" : 0.21073958720622635,
			"z" : 0.27273946782530845
		},
		"parent_frame_id" : "6dmimic_base",
		"position" : 
		{
			"x" : -0.16897960000000001,
			"y" : 1.5337954,
			"z" : 0.1788411
		}
	},
	"candidate_21" : 
	{
		"gripper" : 5,
		"method" : 3,
		"orientation" : 
		{
			"w" : -0.052521033899742373,
			"x" : 0.93908097233390553,
			"y" : 0.21298662207307018,
			"z" : 0.26458489604739704
		},
		"parent_frame_id" : "6dmimic_base",
		"position" : 
		{
			"x" : -0.16920589999999999,
			"y" : 1.5344012,
			"z" : 0.17920130000000001
		}
	},
	"candidate_22" : 
	{
		"gripper" : 5,
		"method" : 3,
		"orientation" : 
		{
			"w" : -0.049594229164810377,
			"x" : 0.94477203089401474,
			"y" : 0.19658642706252874,
			"z" : 0.25748786140075891
		},
		"parent_frame_id" : "6dmimic_base",
		"position" : 
		{
			"x" : -0.1695401,
			"y" : 1.5350325,
			"z" : 0.17904229999999999
		}
	},
	"candidate_23" : 
	{
		"gripper" : 5,
		"method" : 3,
		"orientation" : 
		{
			"w" : -0.035388173306976467,
			"x" : 0.86786863779149936,
			"y" : 0.20517350186284844,
			"z" : 0.45106046031686098
		},
		"parent_frame_id" : "6dmimic_base",
		"position" : 
		{
			"x" : -0.2005007,
			"y" : 1.5217662999999999,
			"z" : 0.14306669999999999
		}
	},
	"candidate_24" : 
	{
		"gripper" : 5,
		"method" : 3,
		"orientation" : 
		{
			"w" : -0.038978094293634191,
			"x" : 0.86896358094605264,
			"y" : 0.20843411173383253,
			"z" : 0.4471445227444677
		},
		"parent_frame_id" : "6dmimic_base",
		"position" : 
		{
			"x" : -0.1976871,
			"y" : 1.5217856999999999,
			"z" : 0.1453036
		}
	},
	"candidate_25" : 
	{
		"gripper" : 5,
		"method" : 3,
		"orientation" : 
		{
			"w" : -0.039757247101197463,
			"x" : 0.87373409011702829,
			"y" : 0.21318539166422168,
			"z" : 0.43538499038354012
		},
		"parent_frame_id" : "6dmimic_base",
		"position" : 
		{
			"x" : -0.2022796,
			"y" : 1.5219164000000001,
			"z" : 0.14197170000000001
		}
	},
	"candidate_26" : 
	{
		"gripper" : 5,
		"method" : 3,
		"orientation" : 
		{
			"w" : -0.035567449123112077,
			"x" : 0.87450846212537814,
			"y" : 0.21570115567922143,
			"z" : 0.43294678388068564
		},
		"parent_frame_id" : "6dmimic_base",
		"position" : 
		{
			"x" : -0.19779179999999999,
			"y" : 1.5202100000000001,
			"z" : 0.14450489999999999
		}
	},
	"candidate_27" : 
	{
		"gripper" : 5,
		"method" : 3,
		"orientation" : 
		{
			"w" : -0.037534714454984977,
			"x" : 0.87659736453521653,
			"y" : 0.21442425442546956,
			"z" : 0.42917414276116056
		},
		"parent_frame_id" : "6dmimic_base",
		"position" : 
		{
			"x" : -0.19901199999999999,
			"y" : 1.5212931000000001,
			"z" : 0.1442425
		}
	},
	"candidate_28" : 
	{
		"gripper" : 5,
		"method" : 3,
		"orientation" : 
		{
			"w" : -0.049441680443886318,
			"x" : 0.87975062252291969,
			"y" : 0.21213476715306737,
			"z" : 0.42260289039514831
		},
		"parent_frame_id" : "6dmimic_base",
		"position" : 
		{
			"x" : -0.1982022,
			"y" : 1.5180117,
			"z" : 0.14303150000000001
		}
	},
	"candidate_3" : 
	{
		"gripper" : 5,
		"method" : 3,
		"orientation" : 
		{
			"w" : 0.42546924418608562,
			"x" : -0.72638981980049622,
			"y" : 0.13559197752759783,
			"z" : 0.52244479858840509
		},
		"parent_frame_id" : "6dmimic_base",
		"position" : 
		{
			"x" : -0.060899700000000001,