{
	"candidate_0" : 
	{
		"gripper" : 5,
		"method" : 3,
		"orientation" : 
		{
			"w" : 0.033112395615236746,
			"x" : 0.99848885270893073,
			"y" : 0.021583011579337431,
			"z" : 0.038180543262103746
		},
		"parent_frame_id" : "linear_groundtruth_frame_id",
		"position" : 
		{
			"x" : 0.0041897987704807588,
			"y" : 0.18197829525388315,
			"z" : 0.025162092454673074
		}
	},
	"candidate_1" : 
	{
		"gripper" : 5,
		"method" : 3,
		"orientation" : 
		{
			"w" : 0.032325108916975313,
			"x" : 0.99827558004872596,
			"y" : 0.033371689057380395,
			"z" : 0.035878739963141969
		},
		"parent_frame_id" : "linear_groundtruth_frame_id",
		"position" : 
		{
			"x" : 0.0046789473233147718,
			"y" : 0.1691710895333928,
			"z" : 0.025213779978933142
		}
	},
	"candidate_10" : 
	{
		"gripper" : 5,
		"method" : 3,
		"orientation" : 
		{
			"w" : 0.055936602348656335,
			"x" : 0.99741115206298392,
			"y" : 0.036732957606655625,
			"z" : 0.026320715863119487
		},
		"parent_frame_id" : "linear_groundtruth_frame_id",
		"position" : 
		{
			"x" : 0.0067376530852316695,
			"y" : 0.081316946258738143,
			"z" : 0.02564359487842488
		}
	},
	"candidate_2" : 
	{
		"gripper" : 5,
		"method" : 3,
		"orientation" : 
		{
			"w" : 0.035643563385940623,
			"x" : 0.99786643426784594,
			"y" : 0.038070311199206903,
			"z" : 0.039278074748169543
		},
		"parent_frame_id" : "linear_groundtruth_frame_id",
		"position" : 
		{
			"x" : 0.0051955846530232254,
			"y" : 0.16264424428211294,
			"z" : 0.025247642744862728
		}
	},
	"candidate_3" : 
	{
		"gripper" : 5,
		"method" : 3,
		"orientation" : 
		{
			"w" : 0.047477493432778309,
			"x" : 0.99716607415979663,
			"y" : 0.035241248332615834,
			"z" : 0.046516261436603784
		},
		"parent_frame_id" : "linear_groundtruth_frame_id",
		"position" : 
		{
			"x" : 0.0055551389414029741,
			"y" : 0.1473318048592514,
			"z" : 0.024924573908340592
		}
	},
	"candidate_4" : 
	{
		"gripper" : 5,
		"method" : 3,
		"orientation" : 
		{
			"w" : 0.021398090226270983,
			"x" : 0.99774866969217235,
			"y" : 0.04781675741148874,
			"z" : 0.041872085842712355
		},
		"parent_frame_id" : "linear_groundtruth_frame_id",
		"position" : 
		{
			"x" : 0.003912724297237438,
			"y" : 0.14211703528481054,
			"z" : 0.025509897379961399
		}
	},
	"candidate_5" : 
	{
		"gripper" : 5,
		"method" : 3,
		"orientation" : 
		{
			"w" : 0.021151293326808145,
			"x" : 0.99788406916968619,
			"y" : 0.044280091397978824,
			"z" : 0.042653027955107337
		},
		"parent_frame_id" : "linear_groundtruth_frame_id",
		"position" : 
		{
			"x" : 0.0052374920304738733,
			"y" : 0.13272632590905822,
			"z" : 0.025519964523380814
		}
	},
	"candidate_6" : 
	{
		"gripper" : 5,
		"method" : 3,
		"orientation" : 
		{
			"w" : 0.024602563378634881,
			"x" : 0.99852870881452149,
			"y" : 0.034787991986745613,
			"z" : 0.033539933839155003
		},
		"parent_frame_id" : "linear_groundtruth_frame_id",
		"position" : 
		{
			"x" : 0.0056279385099932376,
			"y" : 0.12058510392683879,
			"z" : 0.025828288446552945
		}
	},
	"candidate_7" : 
	{
		"gripper" : 5,
		"method" : 3,
		"orientation" : 
		{
			"w" : 0.020678979128578408,
			"x" : 0.99787993481121706,
			"y" : 0.045842044193900519,
			"z" : 0.041310077553612164
		},
		"parent_frame_id" : "linear_groundtruth_frame_id",
		"position" : 
		{
			"x" : 0.0042003852339290298,
			"y" : 0.11042654082915063,
			"z" : 0.025805712657202474
		}
	},
	"candidate_8" : 
	{
		"gripper" : 5,
		"method" : 3,
		"orientation" : 
		{
			"w" : 0.012468675418331028,
			"x" : 0.99876412905599488,
			"y" : 0.041203544196060392,
			"z" : 0.024839778380965318
		},
		"parent_frame_id" : "linear_groundtruth_frame_id",
		"position" : 
		{
			"x" : 0.0048393260017599226,
			"y" : 0.10214846190744606,
			"z" : 0.026019041765084024
		}
	},
	"candidate_9" : 
	{
		"gripper" : 5,
		"method" : 3,
		"orientation" : 
		{
			"w" : 0.015089286423533148,
			"x" : 0.99817164207265241,
			"y" : 0.048830978979055716,
			"z" : 0.032267970019202563
		},
		"parent_frame_id" : "linear_groundtruth_frame_id",
		"position" : 
		{
			"x" : 0.0047072769132569881,
			"y" : 0.092800953576249012,
			"z" : 0.02580227986854694
		}
	}
}
