{
	"object_pose_0" : 
	{
		"orientation" : 
		{
			"w" : 0.11046168842648972,
			"x" : 0.30693413336289138,
			"y" : 0.90581584175539875,
			"z" : -0.27034799167523044
		},
		"parent_frame_id" : "camera_link",
		"position" : 
		{
			"x" : -0.0030932095647985131,
			"y" : -0.010493784139581575,
			"z" : 0.58095756588220393
		}
	}
}
