{
	"candidate_0" : 
	{
		"gripper" : 5,
		"method" : 3,
		"orientation" : 
		{
			"w" : 0.049320222154998844,
			"x" : 0.77699076225857244,
			"y" : -0.62757431004258246,
			"z" : -0.0018320551302770383
		},
		"parent_frame_id" : "6dmimic_base",
		"position" : 
		{
			"x" : 0.076883699999999999,
			"y" : 1.5881419000000001,
			"z" : 0.077246999999999996
		}
	},
	"candidate_1" : 
	{
		"gripper" : 5,
		"method" : 3,
		"orientation" : 
		{
			"w" : 0.047119778531411763,
			"x" : 0.78441302359244791,
			"y" : -0.61843874137165233,
			"z" : -0.003075395966509735
		},
		"parent_frame_id" : "6dmimic_base",
		"position" : 
		{
			"x" : 0.064282699999999998,
			"y" : 1.5855081,
			"z" : 0.077443700000000004
		}
	},
	"candidate_10" : 
	{
		"gripper" : 5,
		"method" : 3,
		"orientation" : 
		{
			"w" : 0.058954828611809632,
			"x" : 0.78583919773008892,
			"y" : -0.61508172130446614,
			"z" : -0.025603898363676679
		},
		"parent_frame_id" : "6dmimic_base",
		"position" : 
		{
			"x" : -0.022372900000000001,
			"y" : 1.5687221,
			"z" : 0.078888399999999997
		}
	},
	"candidate_2" : 
	{
		"gripper" : 5,
		"method" : 3,
		"orientation" : 
		{
			"w" : 0.051803053198335336,
			"x" : 0.78716685558607513,
			"y" : -0.61455508245572721,
			"z" : -0.0026145312956515794
		},
		"parent_frame_id" : "6dmimic_base",
		"position" : 
		{
			"x" : 0.0579058,
			"y" : 1.5839014,
			"z" : 0.077547400000000002
		}
	},
	"candidate_3" : 
	{
		"gripper" : 5,
		"method" : 3,
		"orientation" : 
		{
			"w" : 0.065540877190565908,
			"x" : 0.7848808209563608,
			"y" : -0.61615277325562345,
			"z" : -0.0047170246304752417
		},
		"parent_frame_id" : "6dmimic_base",
		"position" : 
		{
			"x" : 0.0427967,
			"y" : 1.5809801999999999,
			"z" : 0.077399700000000002
		}
	},
	"candidate_4" : 
	{
		"gripper" : 5,
		"method" : 3,
		"orientation" : 
		{
			"w" : 0.042501915431650952,
			"x" : 0.79338594541825258,
			"y" : -0.60717293112768622,
			"z" : 0.0085650746196641488
		},
		"parent_frame_id" : "6dmimic_base",
		"position" : 
		{
			"x" : 0.037365700000000002,
			"y" : 1.5817213000000001,
			"z" : 0.078074400000000002
		}
	},
	"candidate_5" : 
	{
		"gripper" : 5,
		"method" : 3,
		"orientation" : 
		{
			"w" : 0.042851428268347258,
			"x" : 0.79121445691166947,
			"y" : -0.60996443389334243,
			"z" : 0.0093181357850622877
		},
		"parent_frame_id" : "6dmimic_base",
		"position" : 
		{
			"x" : 0.0282875,
			"y" : 1.5788352000000001,
			"z" : 0.078175900000000006
		}
	},
	"candidate_6" : 
	{
		"gripper" : 5,
		"method" : 3,
		"orientation" : 
		{
			"w" : 0.039697909119555362,
			"x" : 0.78549467970866704,
			"y" : -0.61759385503029929,
			"z" : 0.00011995719167193566
		},
		"parent_frame_id" : "6dmimic_base",
		"position" : 
		{
			"x" : 0.016333199999999999,
			"y" : 1.5764073999999999,
			"z" : 0.078623799999999994
		}
	},
	"candidate_7" : 
	{
		"gripper" : 5,
		"method" : 3,
		"orientation" : 
		{
			"w" : 0.041608890074671591,
			"x" : 0.79220614046988824,
			"y" : -0.60877270662439975,
			"z" : 0.0085978449485850025
		},
		"parent_frame_id" : "6dmimic_base",
		"position" : 
		{
			"x" : 0.0060334000000000004,
			"y" : 1.5761143,
			"z" : 0.078743800000000003
		}
	},
	"candidate_8" : 
	{
		"gripper" : 5,
		"method" : 3,
		"orientation" : 
		{
			"w" : 0.024753045460257545,
			"x" : 0.7897258508236451,
			"y" : -0.61295894113246496,
			"z" : 0.0013052842907157018
		},
		"parent_frame_id" : "6dmimic_base",
		"position" : 
		{
			"x" : -0.0020547999999999999,
			"y" : 1.5740904,
			"z" : 0.079046599999999995
		}
	},
	"candidate_9" : 
	{
		"gripper" : 5,
		"method" : 3,
		"orientation" : 
		{
			"w" : 0.031475132139909844,
			"x" : 0.79426831622113658,
			"y" : -0.60672819448947224,
			"z" : 0.0052967835108811648
		},
		"parent_frame_id" : "6dmimic_base",
		"position" : 
		{
			"x" : -0.0113373,
			"y" : 1.5726549999999999,
			"z" : 0.078942200000000004
		}
	}
}
