{
	"candidate_0" : 
	{
		"gripper" : 5,
		"method" : 3,
		"orientation" : 
		{
			"w" : -0.45784795146904478,
			"x" : -0.5043691302683615,
			"y" : -0.60721900867995704,
			"z" : 0.40898913098720141
		},
		"parent_frame_id" : "angular_groundtruth_frame_id",
		"position" : 
		{
			"x" : 0.012792850260761711,
			"y" : 0.092473005447571061,
			"z" : 0.033445107997934397
		}
	},
	"candidate_1" : 
	{
		"gripper" : 5,
		"method" : 3,
		"orientation" : 
		{
			"w" : -0.18590346663473387,
			"x" : -0.66254924411846505,
			"y" : -0.36253860250049474,
			"z" : 0.62851743166616103
		},
		"parent_frame_id" : "angular_groundtruth_frame_id",
		"position" : 
		{
			"x" : 0.0071926772011342184,
			"y" : 0.092000561123517871,
			"z" : 0.035889000723963151
		}
	},
	"candidate_10" : 
	{
		"gripper" : 5,
		"method" : 3,
		"orientation" : 
		{
			"w" : 0.32074614655852468,
			"x" : 0.64316575273273591,
			"y" : 0.64099825299975044,
			"z" : -0.26940854409401815
		},
		"parent_frame_id" : "angular_groundtruth_frame_id",
		"position" : 
		{
			"x" : 0.010979396486108182,
			"y" : 0.062717411427710867,
			"z" : 0.075627636260266667
		}
	},
	"candidate_11" : 
	{
		"gripper" : 5,
		"method" : 3,
		"orientation" : 
		{
			"w" : 0.30670940280735742,
			"x" : 0.64789241766620764,
			"y" : 0.64142089736043162,
			"z" : -0.27339347064172775
		},
		"parent_frame_id" : "angular_groundtruth_frame_id",
		"position" : 
		{
			"x" : 0.005073690297021852,
			"y" : 0.063848720864008154,
			"z" : 0.074817665998534275
		}
	},
	"candidate_12" : 
	{
		"gripper" : 5,
		"method" : 3,
		"orientation" : 
		{
			"w" : 0.30433459849882039,
			"x" : 0.63968648206652756,
			"y" : 0.65233105913919998,
			"z" : -0.26952893369774111
		},
		"parent_frame_id" : "angular_groundtruth_frame_id",
		"position" : 
		{
			"x" : 0.011795544748974587,
			"y" : 0.063708471164773711,
			"z" : 0.073734408595359055
		}
	},
	"candidate_13" : 
	{
		"gripper" : 5,
		"method" : 3,
		"orientation" : 
		{
			"w" : 0.29728186568391801,
			"x" : 0.64520045959659411,
			"y" : 0.64700218032851309,
			"z" : -0.27699826339163713
		},
		"parent_frame_id" : "angular_groundtruth_frame_id",
		"position" : 
		{
			"x" : 0.0086986046976303185,
			"y" : 0.064378924183453728,
			"z" : 0.073306112408098506
		}
	},
	"candidate_14" : 
	{
		"gripper" : 5,
		"method" : 3,
		"orientation" : 
		{
			"w" : 0.075695406109451358,
			"x" : 0.68860316331936444,
			"y" : 0.7194037275990196,
			"z" : -0.050538754210263617
		},
		"parent_frame_id" : "angular_groundtruth_frame_id",
		"position" : 
		{
			"x" : 0.0038090040243774102,
			"y" : 0.021345553236028054,
			"z" : 0.095031864058626805
		}
	},
	"candidate_15" : 
	{
		"gripper" : 5,
		"method" : 3,
		"orientation" : 
		{
			"w" : 0.070832018916670653,
			"x" : 0.67751882550115028,
			"y" : 0.73079139559392969,
			"z" : -0.043531624293230209
		},
		"parent_frame_id" : "angular_groundtruth_frame_id",
		"position" : 
		{
			"x" : 0.0040853676788224422,
			"y" : 0.02159678584359867,
			"z" : 0.094447959990531821
		}
	},
	"candidate_16" : 
	{
		"gripper" : 5,
		"method" : 3,
		"orientation" : 
		{
			"w" : 0.073551845200017979,
			"x" : 0.68253477982366861,
			"y" : 0.72553605912065655,
			"z" : -0.048309702073145014
		},
		"parent_frame_id" : "angular_groundtruth_frame_id",
		"position" : 
		{
			"x" : 0.0034630620459329695,
			"y" : 0.021255676833594441,
			"z" : 0.095144482547057055
		}
	},
	"candidate_17" : 
	{
		"gripper" : 5,
		"method" : 3,
		"orientation" : 
		{
			"w" : 0.066715121087652846,
			"x" : 0.68347012361627546,
			"y" : 0.72573653089618873,
			"z" : -0.041523131685583151
		},
		"parent_frame_id" : "angular_groundtruth_frame_id",
		"position" : 
		{
			"x" : 0.0044125089009799529,
			"y" : 0.020531834358712465,
			"z" : 0.094793777982224214
		}
	},
	"candidate_18" : 
	{
		"gripper" : 5,
		"method" : 3,
		"orientation" : 
		{
			"w" : 0.062993169651599679,
			"x" : 0.68293536794213205,
			"y" : 0.72659734399733911,
			"z" : -0.041078503952821532
		},
		"parent_frame_id" : "angular_groundtruth_frame_id",
		"position" : 
		{
			"x" : 0.0037226671435693069,
			"y" : 0.022228812036153633,
			"z" : 0.094636367123021745
		}
	},
	"candidate_19" : 
	{
		"gripper" : 5,
		"method" : 3,
		"orientation" : 
		{
			"w" : -0.018158297444618658,
			"x" : 0.68638211628174628,
			"y" : 0.72543839512103503,
			"z" : 0.047843511229017394
		},
		"parent_frame_id" : "angular_groundtruth_frame_id",
		"position" : 
		{
			"x" : -0.0010779849486115276,
			"y" : 0.0018210017689293209,
			"z" : 0.096735207462656667
		}
	},
	"candidate_2" : 
	{
		"gripper" : 5,
		"method" : 3,
		"orientation" : 
		{
			"w" : -0.45137097364175716,
			"x" : -0.51699470842846473,
			"y" : -0.60131641927722801,
			"z" : 0.40914457043723751
		},
		"parent_frame_id" : "angular_groundtruth_frame_id",
		"position" : 
		{
			"x" : 0.0065343802059888078,
			"y" : 0.091796376867238738,
			"z" : 0.036348425774464024
		}
	},
	"candidate_20" : 
	{
		"gripper" : 5,
		"method" : 3,
		"orientation" : 
		{
			"w" : -0.013661443634310613,
			"x" : 0.68599107449284047,
			"y" : 0.72555523113473341,
			"z" : 0.052907629383752972
		},
		"parent_frame_id" : "angular_groundtruth_frame_id",
		"position" : 
		{
			"x" : 0.0024521638090212717,
			"y" : -0.0002419858852074552,
			"z" : 0.096337114210086769
		}
	},
	"candidate_21" : 
	{
		"gripper" : 5,
		"method" : 3,
		"orientation" : 
		{
			"w" : -0.013317894081925272,
			"x" : 0.68793643765605061,
			"y" : 0.72335720493366895,
			"z" : 0.057623307028284707
		},
		"parent_frame_id" : "angular_groundtruth_frame_id",
		"position" : 
		{
			"x" : -0.00012539065083633444,
			"y" : 0.001843147655230218,
			"z" : 0.096365735112368248
		}
	},
	"candidate_22" : 
	{
		"gripper" : 5,
		"method" : 3,
		"orientation" : 
		{
			"w" : -0.014440121297816022,
			"x" : 0.68740816597367926,
			"y" : 0.72400407215437146,
			"z" : 0.055494141614178982
		},
		"parent_frame_id" : "angular_groundtruth_frame_id",
		"position" : 
		{
			"x" : 8.3148517919437274e-05,
			"y" : 0.0022270351940494879,
			"z" : 0.096704729268558137
		}
	},
	"candidate_23" : 
	{
		"gripper" : 5,
		"method" : 3,
		"orientation" : 
		{
			"w" : -0.013581545501963069,
			"x" : 0.68702780739804659,
			"y" : 0.72461478448370209,
			"z" : 0.05236169965966022
		},
		"parent_frame_id" : "angular_groundtruth_frame_id",
		"position" : 
		{
			"x" : 0.0011410795640937029,
			"y" : 0.0010480498271442555,
			"z" : 0.096530939801408921
		}
	},
	"candidate_24" : 
	{
		"gripper" : 5,
		"method" : 3,
		"orientation" : 
		{
			"w" : -0.10446463577165319,
			"x" : 0.68292192596132628,
			"y" : 0.70759403181588043,
			"z" : 0.14837610674537546
		},
		"parent_frame_id" : "angular_groundtruth_frame_id",
		"position" : 
		{
			"x" : -8.249716692721289e-05,
			"y" : -0.022543036033407727,
			"z" : 0.093159031864487124
		}
	},
	"candidate_25" : 
	{
		"gripper" : 5,
		"method" : 3,
		"orientation" : 
		{
			"w" : -0.10336964662074033,
			"x" : 0.68210585564112813,
			"y" : 0.70872683937965186,
			"z" : 0.1474875757496778
		},
		"parent_frame_id" : "angular_groundtruth_frame_id",
		"position" : 
		{
			"x" : -0.0024747052929103585,
			"y" : -0.022087936577738561,
			"z" : 0.093244027835387905
		}
	},
	"candidate_26" : 
	{
		"gripper" : 5,
		"method" : 3,
		"orientation" : 
		{
			"w" : -0.10021376447261013,
			"x" : 0.69091626124537076,
			"y" : 0.70050031838308335,
			"z" : 0.14795683594260048
		},
		"parent_frame_id" : "angular_groundtruth_frame_id",
		"position" : 
		{
			"x" : 0.00032502947461316833,
			"y" : -0.022295608508238158,
			"z" : 0.093298681146997575
		}
	},
	"candidate_27" : 
	{
		"gripper" : 5,
		"method" : 3,
		"orientation" : 
		{
			"w" : -0.10082516926061025,
			"x" : 0.68750324843018962,
			"y" : 0.70357415252490851,
			"z" : 0.14885221039797536
		},
		"parent_frame_id" : "angular_groundtruth_frame_id",
		"position" : 
		{
			"x" : -0.001071194743271255,
			"y" : -0.021845822100350978,
			"z" : 0.093353503395272514
		}
	},