{
	"object_pose_0" : 
	{
		"orientation" : 
		{
			"w" : -0.081501872167033931,
			"x" : -0.3280509376604171,
			"y" : 0.89977441267433389,
			"z" : -0.27594544677921901
		},
		"parent_frame_id" : "camera_link",
		"position" : 
		{
			"x" : -0.014821950049638774,
			"y" : -0.044218611505811578,
			"z" : 0.55409628170312764
		}
	}
}
