{
	"candidate_0" : 
	{
		"gripper" : 5,
		"method" : 3,
		"orientation" : 
		{
			"w" : 0.31523607102622009,
			"x" : -0.68407621360793724,
			"y" : 0.37740121894958795,
			"z" : 0.5387339542252233
		},
		"parent_frame_id" : "6dmimic_base",
		"position" : 
		{
			"x" : -0.092427300000000004,
			"y" : 1.4672582999999999,
			"z" : 0.12653229999999999
		}
	},
	"candidate_1" : 
	{
		"gripper" : 5,
		"method" : 3,
		"orientation" : 
		{
			"w" : 0.57878711431098584,
			"x" : -0.47452139036615193,
			"y" : 0.58448435879116378,
			"z" : 0.31338947129892225
		},
		"parent_frame_id" : "6dmimic_base",
		"position" : 
		{
			"x" : -0.087348999999999996,
			"y" : 1.4697719,
			"z" : 0.1289169
		}
	},
	"candidate_10" : 
	{
		"gripper" : 5,
		"method" : 3,
		"orientation" : 
		{
			"w" : -0.20363654105542972,
			"x" : 0.74660278876089425,
			"y" : -0.50727666792766302,
			"z" : -0.37919232209743314
		},
		"parent_frame_id" : "6dmimic_base",
		"position" : 
		{
			"x" : -0.10104929999999999,
			"y" : 1.4948995,
			"z" : 0.16956640000000001
		}
	},
	"candidate_11" : 
	{
		"gripper" : 5,
		"method" : 3,
		"orientation" : 
		{
			"w" : -0.21020081248766628,
			"x" : 0.74801266926571452,
			"y" : -0.5120192257211863,
			"z" : -0.36623623187688931
		},
		"parent_frame_id" : "6dmimic_base",
		"position" : 
		{
			"x" : -0.095153600000000005,
			"y" : 1.4960926000000001,
			"z" : 0.16864199999999999
		}
	},
	"candidate_12" : 
	{
		"gripper" : 5,
		"method" : 3,
		"orientation" : 
		{
			"w" : -0.20705556583674697,
			"x" : 0.75720743792562573,
			"y" : -0.50186250927075904,
			"z" : -0.36317889585518542
		},
		"parent_frame_id" : "6dmimic_base",
		"position" : 
		{
			"x" : -0.1014751,
			"y" : 1.4937016999999999,
			"z" : 0.16765379999999999
		}
	},
	"candidate_13" : 
	{
		"gripper" : 5,
		"method" : 3,
		"orientation" : 
		{
			"w" : -0.21563108328337552,
			"x" : 0.75302262988134716,
			"y" : -0.50843976837876315,
			"z" : -0.35769981372593357
		},
		"parent_frame_id" : "6dmimic_base",
		"position" : 
		{
			"x" : -0.098354300000000006,
			"y" : 1.4942556,
			"z" : 0.1671636
		}
	},
	"candidate_14" : 
	{
		"gripper" : 5,
		"method" : 3,
		"orientation" : 
		{
			"w" : -0.036279244385290219,
			"x" : 0.83684933415961493,
			"y" : -0.53737894279709253,
			"z" : -0.097933039275418327
		},
		"parent_frame_id" : "6dmimic_base",
		"position" : 
		{
			"x" : -0.10959629999999999,
			"y" : 1.535765,
			"z" : 0.18994810000000001
		}
	},
	"candidate_15" : 
	{
		"gripper" : 5,
		"method" : 3,
		"orientation" : 
		{
			"w" : -0.030559362000617214,
			"x" : 0.84601672573938402,
			"y" : -0.52430308701027928,
			"z" : -0.091804673709016085
		},
		"parent_frame_id" : "6dmimic_base",
		"position" : 
		{
			"x" : -0.1097711,
			"y" : 1.5354369000000001,
			"z" : 0.1893599
		}
	},
	"candidate_16" : 
	{
		"gripper" : 5,
		"method" : 3,
		"orientation" : 
		{
			"w" : -0.03462419335868689,
			"x" : 0.84174623025790607,
			"y" : -0.53024928303608332,
			"z" : -0.09539469021168781
		},
		"parent_frame_id" : "6dmimic_base",
		"position" : 
		{
			"x" : -0.1093064,
			"y" : 1.5359773999999999,
			"z" : 0.19005839999999999
		}
	},
	"candidate_17" : 
	{
		"gripper" : 5,
		"method" : 3,
		"orientation" : 
		{
			"w" : -0.029269583961748533,
			"x" : 0.84225758546674956,
			"y" : -0.53113794222515698,
			"z" : -0.087395294537251825
		},
		"parent_frame_id" : "6dmimic_base",
		"position" : 
		{
			"x" : -0.1104699,
			"y" : 1.5362981,
			"z" : 0.18973760000000001
		}
	},
	"candidate_18" : 
	{
		"gripper" : 5,
		"method" : 3,
		"orientation" : 
		{
			"w" : -0.029561420747469265,
			"x" : 0.84303899717580344,
			"y" : -0.53048316716167609,
			"z" : -0.083659912755894836
		},
		"parent_frame_id" : "6dmimic_base",
		"position" : 
		{
			"x" : -0.109191,
			"y" : 1.5349827,
			"z" : 0.18952840000000001
		}
	},
	"candidate_19" : 
	{
		"gripper" : 5,
		"method" : 3,
		"orientation" : 
		{
			"w" : 0.042173411323955731,
			"x" : 0.8442559887766955,
			"y" : -0.53411977663313037,
			"z" : 0.013011264402801833
		},
		"parent_frame_id" : "6dmimic_base",
		"position" : 
		{
			"x" : -0.11240029999999999,
			"y" : 1.5557471,
			"z" : 0.1920647
		}
	},
	"candidate_2" : 
	{
		"gripper" : 5,
		"method" : 3,
		"orientation" : 
		{
			"w" : 0.31645172156362272,
			"x" : -0.68076484860278053,
			"y" : 0.3909933294345761,
			"z" : 0.53248638026142781
		},
		"parent_frame_id" : "6dmimic_base",
		"position" : 
		{
			"x" : -0.086804400000000004,
			"y" : 1.4702027,
			"z" : 0.12937360000000001
		}
	},
	"candidate_20" : 
	{
		"gripper" : 5,
		"method" : 3,
		"orientation" : 
		{
			"w" : 0.048000840055763883,
			"x" : 0.84430736494693115,
			"y" : -0.53361910410950186,
			"z" : 0.0095731175529816144
		},
		"parent_frame_id" : "6dmimic_base",
		"position" : 
		{
			"x" : -0.1164685,
			"y" : 1.5563393000000001,
			"z" : 0.19176570000000001
		}
	},
	"candidate_21" : 
	{
		"gripper" : 5,
		"method" : 3,
		"orientation" : 
		{
			"w" : 0.052735598071643894,
			"x" : 0.84257029231361291,
			"y" : -0.53590244117695629,
			"z" : 0.01014064826121638
		},
		"parent_frame_id" : "6dmimic_base",
		"position" : 
		{
			"x" : -0.1132851,
			"y" : 1.5553729000000001,
			"z" : 0.19170690000000001
		}
	},
	"candidate_22" : 
	{
		"gripper" : 5,
		"method" : 3,
		"orientation" : 
		{
			"w" : 0.050419151629304465,
			"x" : 0.84309164270341985,
			"y" : -0.53529154489840969,
			"z" : 0.010832964179042441
		},
		"parent_frame_id" : "6dmimic_base",
		"position" : 
		{
			"x" : -0.1133261,
			"y" : 1.5549310999999999,
			"z" : 0.19204070000000001
		}
	},
	"candidate_23" : 
	{
		"gripper" : 5,
		"method" : 3,
		"orientation" : 
		{
			"w" : 0.047499972411659083,
			"x" : 0.8435769067976816,
			"y" : -0.53482111482322048,
			"z" : 0.0093877621292059663
		},
		"parent_frame_id" : "6dmimic_base",
		"position" : 
		{
			"x" : -0.1147585,
			"y" : 1.5556312000000001,
			"z" : 0.1919101
		}
	},
	"candidate_24" : 
	{
		"gripper" : 5,
		"method" : 3,
		"orientation" : 
		{
			"w" : 0.12442498131422029,
			"x" : 0.8279445652716918,
			"y" : -0.53412654270922977,
			"z" : 0.11719666051347374
		},
		"parent_frame_id" : "6dmimic_base",
		"position" : 
		{
			"x" : -0.12261660000000001,
			"y" : 1.5780997999999999,
			"z" : 0.18908459999999999
		}
	},
	"candidate_25" : 
	{
		"gripper" : 5,
		"method" : 3,
		"orientation" : 
		{
			"w" : 0.1237436316971913,
			"x" : 0.82888007295492139,
			"y" : -0.53310505625672899,
			"z" : 0.11594971869799395
		},
		"parent_frame_id" : "6dmimic_base",
		"position" : 
		{
			"x" : -0.12022040000000001,
			"y" : 1.5785788999999999,
			"z" : 0.18912480000000001
		}
	},
	"candidate_26" : 
	{
		"gripper" : 5,
		"method" : 3,
		"orientation" : 
		{
			"w" : 0.12497840599585915,
			"x" : 0.82247333013976243,
			"y" : -0.54329156045280325,
			"z" : 0.11292608017770567
		},
		"parent_frame_id" : "6dmimic_base",
		"position" : 
		{
			"x" : -0.12289849999999999,
			"y" : 1.5777132,
			"z" : 0.18922449999999999
		}
	},
	"candidate_27" : 
	{
		"gripper" : 5,
		"method" : 3,
		"orientation" : 
		{
			"w" : 0.12567557433926907,
			"x" : 0.82485003431589621,
			"y" : -0.53935068139581721,
			"z" : 0.11370537973828371
		},
		"parent_frame_id" : "6dmimic_base",
		"position" : 
		{
			"x" : -0.1214302,
			"y" : 1.5778213999999999,
			"z" : 0.18924869999999999
		}
	},
	"candidate_28" : 
	{
		"gripper" : 5,
		"method" : 3,
		"orientation" : 
		{
			"w" : 0.12992033486681623,
			"x" : 0.82267140671135097,
			"y" : -0.54347209276186237,
			"z" : 0.10474038169064986
		},
		"parent_frame_id" : "6dmimic_base",
		"position" : 
		{
			"x" : -0.1248037,
			"y" : 1.5779300000000001,
			"z" : 0.1887064
		}
	},
	"candidate_29" : 
	{
		"gripper" : 5,
		"method" : 3,
		"orientation" : 
		{
			"w" : 0.18942125514043542,
			"x" : 0.81416137882983941,
			"y" : -0.50341888378439048,
			"z" : 0.21870131406142787
		},
		"parent_frame_id" : "6dmimic_base",
		"position" : 
		{
			"x" : -0.1317063,
			"y" : 1.6001955999999999,