{
	"object_pose_0" : 
	{
		"orientation" : 
		{
			"w" : 0.47052629136412449,
			"x" : -0.54842305100417033,
			"y" : 0.66624578105633525,
			"z" : 0.18426492979214515
		},
		"parent_frame_id" : "camera_link",
		"position" : 
		{
			"x" : 0.0088641299272940455,
			"y" : 0.0092420389874889874,
			"z" : 0.56689437844628321
		}
	}
}
