{
	"candidate_0" : 
	{
		"gripper" : 5,
		"method" : 3,
		"orientation" : 
		{
			"w" : 0.036604300021954805,
			"x" : 0.99671480326002682,
			"y" : 0.041286050408715212,
			"z" : 0.059289022794088139
		},
		"parent_frame_id" : "linear_groundtruth_frame_id",
		"position" : 
		{
			"x" : 0.068259703980403597,
			"y" : 0.0089155622364629483,
			"z" : 0.015474497039280617
		}
	},
	"candidate_1" : 
	{
		"gripper" : 5,
		"method" : 3,
		"orientation" : 
		{
			"w" : 0.044357668136045143,
			"x" : 0.99679300055693998,
			"y" : 0.026172179381278568,
			"z" : 0.061246455772223755
		},
		"parent_frame_id" : "linear_groundtruth_frame_id",
		"position" : 
		{
			"x" : 0.077174166760876073,
			"y" : 0.0059666744245935877,
			"z" : 0.015512742804708962
		}
	},
	"candidate_2" : 
	{
		"gripper" : 5,
		"method" : 3,
		"orientation" : 
		{
			"w" : 0.034569170820689499,
			"x" : 0.9970788907278858,
			"y" : 0.028084814487009589,
			"z" : 0.062047572787732562
		},
		"parent_frame_id" : "linear_groundtruth_frame_id",
		"position" : 
		{
			"x" : 0.088352220452918573,
			"y" : 0.0060499795767139375,
			"z" : 0.015121482022817073
		}
	},
	"candidate_3" : 
	{
		"gripper" : 5,
		"method" : 3,
		"orientation" : 
		{
			"w" : 0.038355784953447471,
			"x" : 0.99651287729768756,
			"y" : 0.037699620733650775,
			"z" : 0.06379386911786801
		},
		"parent_frame_id" : "linear_groundtruth_frame_id",
		"position" : 
		{
			"x" : 0.098824918819394147,
			"y" : 0.0052175428937448753,
			"z" : 0.015055411502405351
		}
	},
	"candidate_4" : 
	{
		"gripper" : 5,
		"method" : 3,
		"orientation" : 
		{
			"w" : 0.043423652931698739,
			"x" : 0.99577053675307525,
			"y" : 0.045186576443265007,
			"z" : 0.067183314966565821
		},
		"parent_frame_id" : "linear_groundtruth_frame_id",
		"position" : 
		{
			"x" : 0.10798392129446777,
			"y" : 0.0059277376389561542,
			"z" : 0.014744659920805134
		}
	},
	"candidate_5" : 
	{
		"gripper" : 5,
		"method" : 3,
		"orientation" : 
		{
			"w" : 0.030563950921949405,
			"x" : 0.99642213625572396,
			"y" : 0.042653281029961534,
			"z" : 0.066253067106355021
		},
		"parent_frame_id" : "linear_groundtruth_frame_id",
		"position" : 
		{
			"x" : 0.11966507055579489,
			"y" : 0.010445646329500236,
			"z" : 0.015057779799611815
		}
	},
	"candidate_6" : 
	{
		"gripper" : 5,
		"method" : 3,
		"orientation" : 
		{
			"w" : 0.038102749176220668,
			"x" : 0.99588558114521442,
			"y" : 0.048235725790569485,
			"z" : 0.066583815824340184
		},
		"parent_frame_id" : "linear_groundtruth_frame_id",
		"position" : 
		{
			"x" : 0.1283201958177651,
			"y" : 0.0086080116870225765,
			"z" : 0.014617413190551466
		}
	},
	"candidate_7" : 
	{
		"gripper" : 5,
		"method" : 3,
		"orientation" : 
		{
			"w" : 0.040491171141548439,
			"x" : 0.99639031689893842,
			"y" : 0.042408052249313516,
			"z" : 0.06138695752387837
		},
		"parent_frame_id" : "linear_groundtruth_frame_id",
		"position" : 
		{
			"x" : 0.13728379853787032,
			"y" : 0.0071435127467852078,
			"z" : 0.014567892082342521
		}
	},
	"candidate_8" : 
	{
		"gripper" : 5,
		"method" : 3,
		"orientation" : 
		{
			"w" : 0.030231138989003512,
			"x" : 0.99669772272295698,
			"y" : 0.044854004889992992,
			"z" : 0.060562744320478139
		},
		"parent_frame_id" : "linear_groundtruth_frame_id",
		"position" : 
		{
			"x" : 0.1490799273043486,
			"y" : 0.0083765919879343342,
			"z" : 0.014857647633998813
		}
	},
	"candidate_9" : 
	{
		"gripper" : 5,
		"method" : 3,
		"orientation" : 
		{
			"w" : 0.030075720532790541,
			"x" : 0.99706037938612657,
			"y" : 0.041341243804383525,
			"z" : 0.057069715730267076
		},
		"parent_frame_id" : "linear_groundtruth_frame_id",
		"position" : 
		{
			"x" : 0.15832179030985416,
			"y" : 0.0075212454014111363,
			"z" : 0.015108108597810435
		}
	}
}
