{
	"object_pose_0" : 
	{
		"orientation" : 
		{
			"w" : 0.12532946416247265,
			"x" : 0.35523070359830972,
			"y" : 0.88830779026839801,
			"z" : -0.26270304006489414
		},
		"parent_frame_id" : "camera_link",
		"position" : 
		{
			"x" : 0.0048253566772354373,
			"y" : 0.022629765996015128,
			"z" : 0.55928668954106198
		}
	}
}
