{
	"candidate_0" : 
	{
		"gripper" : 5,
		"method" : 3,
		"orientation" : 
		{
			"w" : 0.064678115383346058,
			"x" : 0.8204598239579064,
			"y" : -0.56784346259453333,
			"z" : 0.014704443208453478
		},
		"parent_frame_id" : "6dmimic_base",
		"position" : 
		{
			"x" : -0.034070000000000003,
			"y" : 1.4845900999999999,
			"z" : 0.076365699999999995
		}
	},
	"candidate_1" : 
	{
		"gripper" : 5,
		"method" : 3,
		"orientation" : 
		{
			"w" : 0.072201707869498213,
			"x" : 0.81142567122284381,
			"y" : -0.57986286960113209,
			"z" : 0.011590768707270296
		},
		"parent_frame_id" : "6dmimic_base",
		"position" : 
		{
			"x" : -0.034479900000000001,
			"y" : 1.4752097,
			"z" : 0.076294100000000004
		}
	},
	"candidate_2" : 
	{
		"gripper" : 5,
		"method" : 3,
		"orientation" : 
		{
			"w" : 0.064857889619180834,
			"x" : 0.81281728469888548,
			"y" : -0.5786128307627213,
			"z" : 0.018130304068811491
		},
		"parent_frame_id" : "6dmimic_base",
		"position" : 
		{
			"x" : -0.031363700000000001,
			"y" : 1.4644828999999999,
			"z" : 0.075716199999999997
		}
	},
	"candidate_3" : 
	{
		"gripper" : 5,
		"method" : 3,
		"orientation" : 
		{
			"w" : 0.068829859471750632,
			"x" : 0.8181827955098725,
			"y" : -0.5705628984776856,
			"z" : 0.017243620776729068
		},
		"parent_frame_id" : "6dmimic_base",
		"position" : 
		{
			"x" : -0.029315000000000001,
			"y" : 1.4541812000000001,
			"z" : 0.075486999999999999
		}
	},
	"candidate_4" : 
	{
		"gripper" : 5,
		"method" : 3,
		"orientation" : 
		{
			"w" : 0.074837151231080062,
			"x" : 0.8221413681911266,
			"y" : -0.56408994646234156,
			"z" : 0.016896857830732345
		},
		"parent_frame_id" : "6dmimic_base",
		"position" : 
		{
			"x" : -0.026143900000000001,
			"y" : 1.4455667000000001,
			"z" : 0.075014999999999998
		}
	},
	"candidate_5" : 
	{
		"gripper" : 5,
		"method" : 3,
		"orientation" : 
		{
			"w" : 0.064046478672168686,
			"x" : 0.82112535665526309,
			"y" : -0.5666390023838267,
			"z" : 0.023904773684849466
		},
		"parent_frame_id" : "6dmimic_base",
		"position" : 
		{
			"x" : -0.018612299999999998,
			"y" : 1.4355552,
			"z" : 0.075075500000000003
		}
	},
	"candidate_6" : 
	{
		"gripper" : 5,
		"method" : 3,
		"orientation" : 
		{
			"w" : 0.070199729620268228,
			"x" : 0.82406674479606823,
			"y" : -0.5617835933762223,
			"z" : 0.019626316408140634
		},
		"parent_frame_id" : "6dmimic_base",
		"position" : 
		{
			"x" : -0.018031800000000001,
			"y" : 1.426733,
			"z" : 0.074515300000000007
		}
	},
	"candidate_7" : 
	{
		"gripper" : 5,
		"method" : 3,
		"orientation" : 
		{
			"w" : 0.069031623479203691,
			"x" : 0.82089923674696819,
			"y" : -0.56671161385661639,
			"z" : 0.014036551859343348
		},
		"parent_frame_id" : "6dmimic_base",
		"position" : 
		{
			"x" : -0.017001700000000002,
			"y" : 1.4177108,
			"z" : 0.074335899999999996
		}
	},
	"candidate_8" : 
	{
		"gripper" : 5,
		"method" : 3,
		"orientation" : 
		{
			"w" : 0.060325799735943458,
			"x" : 0.82261263627805892,
			"y" : -0.56505442481642043,
			"z" : 0.019563882980255173
		},
		"parent_frame_id" : "6dmimic_base",
		"position" : 
		{
			"x" : -0.0125995,
			"y" : 1.4066940999999999,
			"z" : 0.074413699999999999
		}
	},
	"candidate_9" : 
	{
		"gripper" : 5,
		"method" : 3,
		"orientation" : 
		{
			"w" : 0.058132086324780813,
			"x" : 0.82074639696053231,
			"y" : -0.56807699066944772,
			"z" : 0.016868464298122034
		},
		"parent_frame_id" : "6dmimic_base",
		"position" : 
		{
			"x" : -0.010902500000000001,
			"y" : 1.3975664000000001,
			"z" : 0.074521699999999996
		}
	}
}
