{
	"candidate_0" : 
	{
		"gripper" : 5,
		"method" : 3,
		"orientation" : 
		{
			"w" : 0.55785212113549254,
			"x" : 0.015872511750539442,
			"y" : 0.82867568735718222,
			"z" : 0.042961372166890006
		},
		"parent_frame_id" : "angular_groundtruth_frame_id",
		"position" : 
		{
			"x" : -0.060202970835116852,
			"y" : -0.0058866461929727634,
			"z" : 0.069818665623922554
		}
	},
	"candidate_1" : 
	{
		"gripper" : 5,
		"method" : 3,
		"orientation" : 
		{
			"w" : 0.54377922907749476,
			"x" : 0.014579932469685017,
			"y" : 0.83820463322706851,
			"z" : 0.03878876679840098
		},
		"parent_frame_id" : "angular_groundtruth_frame_id",
		"position" : 
		{
			"x" : -0.057753702596697688,
			"y" : -0.0079684564698305031,
			"z" : 0.065219111379078473
		}
	},
	"candidate_10" : 
	{
		"gripper" : 5,
		"method" : 3,
		"orientation" : 
		{
			"w" : -0.29117643621757699,
			"x" : 0.023666302494060092,
			"y" : -0.95608265394327252,
			"z" : -0.02370965935393618
		},
		"parent_frame_id" : "angular_groundtruth_frame_id",
		"position" : 
		{
			"x" : -0.020596205678965036,
			"y" : -0.0046677878497097952,
			"z" : 0.088985729215253009
		}
	},
	"candidate_11" : 
	{
		"gripper" : 5,
		"method" : 3,
		"orientation" : 
		{
			"w" : 0.25641518358306842,
			"x" : -0.14053471244174326,
			"y" : 0.83651528450420465,
			"z" : 0.46340417242168591
		},
		"parent_frame_id" : "angular_groundtruth_frame_id",
		"position" : 
		{
			"x" : -0.018201361328051398,
			"y" : -0.010358277871800756,
			"z" : 0.088777640464880736
		}
	},
	"candidate_12" : 
	{
		"gripper" : 5,
		"method" : 3,
		"orientation" : 
		{
			"w" : 0.042035814334825325,
			"x" : 0.042688142439462222,
			"y" : -0.99495047132381498,
			"z" : -0.080524980104280372
		},
		"parent_frame_id" : "angular_groundtruth_frame_id",
		"position" : 
		{
			"x" : 0.016808269607555101,
			"y" : 0.0010234726219937643,
			"z" : 0.089836522529621557
		}
	},
	"candidate_13" : 
	{
		"gripper" : 5,
		"method" : 3,
		"orientation" : 
		{
			"w" : 0.035657980858244363,
			"x" : 0.053022226787954971,
			"y" : -0.99510306668281412,
			"z" : -0.07541245617282738
		},
		"parent_frame_id" : "angular_groundtruth_frame_id",
		"position" : 
		{
			"x" : 0.021073500110592024,
			"y" : -0.00046021405587487072,
			"z" : 0.089488944706958035
		}
	},
	"candidate_14" : 
	{
		"gripper" : 5,
		"method" : 3,
		"orientation" : 
		{
			"w" : 0.039940297478959885,
			"x" : 0.045434886842507315,
			"y" : -0.99492216930946653,
			"z" : -0.080438303757886576
		},
		"parent_frame_id" : "angular_groundtruth_frame_id",
		"position" : 
		{
			"x" : 0.01809611877916761,
			"y" : 0.0010552224435656861,
			"z" : 0.08984277594591368
		}
	},
	"candidate_15" : 
	{
		"gripper" : 5,
		"method" : 3,
		"orientation" : 
		{
			"w" : 0.039294472986828657,
			"x" : 0.05243898656923076,
			"y" : -0.99485019521092533,
			"z" : -0.077325197504196072
		},
		"parent_frame_id" : "angular_groundtruth_frame_id",
		"position" : 
		{
			"x" : 0.018620033339997753,
			"y" : 0.000361819145516674,
			"z" : 0.089514181836650442
		}
	},
	"candidate_16" : 
	{
		"gripper" : 5,
		"method" : 3,
		"orientation" : 
		{
			"w" : 0.045158842210985699,
			"x" : 0.057356127434086891,
			"y" : -0.99428275217598128,
			"z" : -0.077927930431163736
		},
		"parent_frame_id" : "angular_groundtruth_frame_id",
		"position" : 
		{
			"x" : 0.013926293599044732,
			"y" : 0.0020410604904749765,
			"z" : 0.090156965165483965
		}
	},
	"candidate_17" : 
	{
		"gripper" : 5,
		"method" : 3,
		"orientation" : 
		{
			"w" : 0.035953597768861714,
			"x" : 0.05510472578073565,
			"y" : -0.99463964557262885,
			"z" : -0.079767057481518786
		},
		"parent_frame_id" : "angular_groundtruth_frame_id",
		"position" : 
		{
			"x" : 0.019884689449394539,
			"y" : 1.3888547832448771e-05,
			"z" : 0.089677135866841312
		}
	},
	"candidate_18" : 
	{
		"gripper" : 5,
		"method" : 3,
		"orientation" : 
		{
			"w" : 0.34301157666787191,
			"x" : 0.0012991734534289825,
			"y" : -0.93766983193972953,
			"z" : -0.055827024730663755
		},
		"parent_frame_id" : "angular_groundtruth_frame_id",
		"position" : 
		{
			"x" : 0.055313241505944265,
			"y" : -0.00047048881413902944,
			"z" : 0.086439293718504562
		}
	},
	"candidate_19" : 
	{
		"gripper" : 5,
		"method" : 3,
		"orientation" : 
		{
			"w" : 0.34829827374614458,
			"x" : -0.011727303269771056,
			"y" : -0.93663319548661506,
			"z" : -0.03562358735454723
		},
		"parent_frame_id" : "angular_groundtruth_frame_id",
		"position" : 
		{
			"x" : 0.055274741627985888,
			"y" : 0.0018924278895217964,
			"z" : 0.088248543152946515
		}
	},
	"candidate_2" : 
	{
		"gripper" : 5,
		"method" : 3,
		"orientation" : 
		{
			"w" : 0.54064471884980958,
			"x" : 0.0068741982688504885,
			"y" : 0.8407508824620511,
			"z" : 0.028177775236047201
		},
		"parent_frame_id" : "angular_groundtruth_frame_id",
		"position" : 
		{
			"x" : -0.05827941774388512,
			"y" : -0.010961497455555653,
			"z" : 0.067112642973223141
		}
	},
	"candidate_20" : 
	{
		"gripper" : 5,
		"method" : 3,
		"orientation" : 
		{
			"w" : 0.33799783575524084,
			"x" : 0.018822099463291397,
			"y" : -0.93995399625287157,
			"z" : -0.043470409761398252
		},
		"parent_frame_id" : "angular_groundtruth_frame_id",
		"position" : 
		{
			"x" : 0.055103332708069379,
			"y" : 0.00094591653489455941,
			"z" : 0.087968078324658874
		}
	},
	"candidate_21" : 
	{
		"gripper" : 5,
		"method" : 3,
		"orientation" : 
		{
			"w" : 0.32348633190170706,
			"x" : 0.043856819303887212,
			"y" : -0.94343541146616317,
			"z" : -0.057989627218980093
		},
		"parent_frame_id" : "angular_groundtruth_frame_id",
		"position" : 
		{
			"x" : 0.057997983412965193,
			"y" : 0.0035128147269726595,
			"z" : 0.084560204869474256
		}
	},
	"candidate_22" : 
	{
		"gripper" : 5,
		"method" : 3,
		"orientation" : 
		{
			"w" : 0.3207203769669727,
			"x" : 0.052502156476808046,
			"y" : -0.94464979272652938,
			"z" : -0.044930306755828625
		},
		"parent_frame_id" : "angular_groundtruth_frame_id",
		"position" : 
		{
			"x" : 0.056286289321975339,
			"y" : 0.0033688956511934644,
			"z" : 0.086068813204271191
		}
	},
	"candidate_23" : 
	{
		"gripper" : 5,
		"method" : 3,
		"orientation" : 
		{
			"w" : 0.31394995429355166,
			"x" : 0.044599778595131909,
			"y" : -0.94706712278669625,
			"z" : -0.050101406016904701
		},
		"parent_frame_id" : "angular_groundtruth_frame_id",
		"position" : 
		{
			"x" : 0.057532145973041543,
			"y" : 0.0026351609512104092,
			"z" : 0.085033506216115926
		}
	},
	"candidate_24" : 
	{
		"gripper" : 5,
		"method" : 3,
		"orientation" : 
		{
			"w" : 0.54290504548969687,
			"x" : 0.0062669437050543522,
			"y" : -0.83870468741261173,
			"z" : -0.042299932748657815
		},
		"parent_frame_id" : "angular_groundtruth_frame_id",
		"position" : 
		{
			"x" : 0.091856586785818942,
			"y" : 0.005795261989955401,
			"z" : 0.047604904966585496
		}
	},
	"candidate_25" : 
	{
		"gripper" : 5,
		"method" : 3,
		"orientation" : 
		{
			"w" : 0.53431801747719521,
			"x" : -0.0047571801567190264,
			"y" : -0.84409816703684715,
			"z" : -0.044496177827212914
		},
		"parent_frame_id" : "angular_groundtruth_frame_id",
		"position" : 
		{
			"x" : 0.091732897080845921,
			"y" : 0.0031115314256620532,
			"z" : 0.048542297040531965
		}
	},
	"candidate_26" : 
	{
		"gripper" : 5,
		"method" : 3,
		"orientation" : 
		{
			"w" : 0.52828212937695185,
			"x" : 0.0018261298117516131,
			"y" : -0.84828399009336364,
			"z" : -0.036454480961140436
		},
		"parent_frame_id" : "angular_groundtruth_frame_id",
		"position" : 
		{
			"x" : 0.091840278388918048,
			"y" : 0.0035167489858276067,
			"z" : 0.04809725570360085
		}
	},
	"candidate_27" : 
	{
		"gripper" : 5,
		"method" : 3,
		"orientation" : 
		{
			"w" : 0.52655329577436227,
			"x" : -0.0083501523546624518,
			"y" : -0.84939589519379965,
			"z" : -0.034619573838139156
		},
		"parent_frame_id" : "angular_groundtruth_frame_id",
		"position" : 
		{
			"x" : 0.091681696629905135,
			"y" : 0.0054041251321105266,