{
	"object_pose_0" : 
	{
		"orientation" : 
		{
			"w" : -0.081501891055509604,
			"x" : -0.32805104578635302,
			"y" : 0.89977458472221572,
			"z" : -0.27594560313758221
		},
		"parent_frame_id" : "camera_link",
		"position" : 
		{
			"x" : -0.014966804039448139,
			"y" : -0.044244482988078898,
			"z" : 0.5540069027833624
		}
	}
}
