{
	"candidate_0" : 
	{
		"gripper" : 5,
		"method" : 3,
		"orientation" : 
		{
			"w" : 0.14058449364115808,
			"x" : 0.81151611874715723,
			"y" : 0.14971333767438255,
			"z" : -0.54704982011111702
		},
		"parent_frame_id" : "6dmimic_base",
		"position" : 
		{
			"x" : -0.061036600000000003,
			"y" : 1.5855797,
			"z" : 0.1644822
		}
	},
	"candidate_1" : 
	{
		"gripper" : 5,
		"method" : 3,
		"orientation" : 
		{
			"w" : 0.1336769851507098,
			"x" : 0.82070563522469753,
			"y" : 0.15262262333236479,
			"z" : -0.5341152111657087
		},
		"parent_frame_id" : "6dmimic_base",
		"position" : 
		{
			"x" : -0.064201800000000003,
			"y" : 1.5866703,
			"z" : 0.15995180000000001
		}
	},
	"candidate_10" : 
	{
		"gripper" : 5,
		"method" : 3,
		"orientation" : 
		{
			"w" : 0.068812646076852363,
			"x" : 0.93122936293821756,
			"y" : 0.2099624176474138,
			"z" : -0.28981455539229933
		},
		"parent_frame_id" : "6dmimic_base",
		"position" : 
		{
			"x" : -0.096939700000000004,
			"y" : 1.5691485999999999,
			"z" : 0.1842509
		}
	},
	"candidate_11" : 
	{
		"gripper" : 5,
		"method" : 3,
		"orientation" : 
		{
			"w" : 0.49380234440556964,
			"x" : 0.79644069204173751,
			"y" : 0.30542157748613097,
			"z" : -0.16899446359429854
		},
		"parent_frame_id" : "6dmimic_base",
		"position" : 
		{
			"x" : -0.10132049999999999,
			"y" : 1.5735414000000001,
			"z" : 0.18421499999999999
		}
	},
	"candidate_12" : 
	{
		"gripper" : 5,
		"method" : 3,
		"orientation" : 
		{
			"w" : 0.060046575529890456,
			"x" : 0.96941537861973737,
			"y" : 0.23309320497419511,
			"z" : 0.047914405532598472
		},
		"parent_frame_id" : "6dmimic_base",
		"position" : 
		{
			"x" : -0.12951570000000001,
			"y" : 1.5497046000000001,
			"z" : 0.1854973
		}
	},
	"candidate_13" : 
	{
		"gripper" : 5,
		"method" : 3,
		"orientation" : 
		{
			"w" : 0.056155755442009223,
			"x" : 0.96746908496414907,
			"y" : 0.24328354286582321,
			"z" : 0.040782576426977288
		},
		"parent_frame_id" : "6dmimic_base",
		"position" : 
		{
			"x" : -0.13404659999999999,
			"y" : 1.5494791999999999,
			"z" : 0.1852453
		}
	},
	"candidate_14" : 
	{
		"gripper" : 5,
		"method" : 3,
		"orientation" : 
		{
			"w" : 0.060338403324454344,
			"x" : 0.96884021464761694,
			"y" : 0.23580456912902359,
			"z" : 0.045870695914612687
		},
		"parent_frame_id" : "6dmimic_base",
		"position" : 
		{
			"x" : -0.13069990000000001,
			"y" : 1.5491883,
			"z" : 0.18552109999999999
		}
	},
	"candidate_15" : 
	{
		"gripper" : 5,
		"method" : 3,
		"orientation" : 
		{
			"w" : 0.0573430642353496,
			"x" : 0.96738683997677588,
			"y" : 0.24264193103837084,
			"z" : 0.044714294423805367
		},
		"parent_frame_id" : "6dmimic_base",
		"position" : 
		{
			"x" : -0.13145609999999999,
			"y" : 1.5496411000000001,
			"z" : 0.18521570000000001
		}
	},
	"candidate_16" : 
	{
		"gripper" : 5,
		"method" : 3,
		"orientation" : 
		{
			"w" : 0.056769705599900383,
			"x" : 0.96594734993389242,
			"y" : 0.24730205405404057,
			"z" : 0.050641995837877721
		},
		"parent_frame_id" : "6dmimic_base",
		"position" : 
		{
			"x" : -0.12644659999999999,
			"y" : 1.5498414,
			"z" : 0.1857531
		}
	},
	"candidate_17" : 
	{
		"gripper" : 5,
		"method" : 3,
		"orientation" : 
		{
			"w" : 0.060357821631268745,
			"x" : 0.96666352063748417,
			"y" : 0.24527550002258355,
			"z" : 0.041934476571716298
		},
		"parent_frame_id" : "6dmimic_base",
		"position" : 
		{
			"x" : -0.13275880000000001,
			"y" : 1.5494840999999999,
			"z" : 0.18540570000000001
		}
	},
	"candidate_18" : 
	{
		"gripper" : 5,
		"method" : 3,
		"orientation" : 
		{
			"w" : -0.020948107137354358,
			"x" : 0.92367931124999425,
			"y" : 0.17807778756414988,
			"z" : 0.33862369726933722
		},
		"parent_frame_id" : "6dmimic_base",
		"position" : 
		{
			"x" : -0.16592560000000001,
			"y" : 1.5366028,
			"z" : 0.18267149999999999
		}
	},
	"candidate_19" : 
	{
		"gripper" : 5,
		"method" : 3,
		"orientation" : 
		{
			"w" : -0.041656589017058085,
			"x" : 0.92499703816605683,
			"y" : 0.164852224891581,
			"z" : 0.33980722759203069
		},
		"parent_frame_id" : "6dmimic_base",
		"position" : 
		{
			"x" : -0.16495599999999999,
			"y" : 1.5343878,
			"z" : 0.18442900000000001
		}
	},
	"candidate_2" : 
	{
		"gripper" : 5,
		"method" : 3,
		"orientation" : 
		{
			"w" : 0.12256434024652112,
			"x" : 0.82164280944740131,
			"y" : 0.16054132746226674,
			"z" : -0.5330174090590003
		},
		"parent_frame_id" : "6dmimic_base",
		"position" : 
		{
			"x" : -0.064802700000000005,
			"y" : 1.5896208999999999,
			"z" : 0.1619177
		}
	},
	"candidate_20" : 
	{
		"gripper" : 5,
		"method" : 3,
		"orientation" : 
		{
			"w" : -0.032298723115072835,
			"x" : 0.92238161915057548,
			"y" : 0.1956498474197027,
			"z" : 0.3314967244829814
		},
		"parent_frame_id" : "6dmimic_base",
		"position" : 
		{
			"x" : -0.1651609,
			"y" : 1.5353380000000001,
			"z" : 0.1841682
		}
	},
	"candidate_21" : 
	{
		"gripper" : 5,
		"method" : 3,
		"orientation" : 
		{
			"w" : -0.015535592523440583,
			"x" : 0.92101333770746674,
			"y" : 0.22117297140126477,
			"z" : 0.32027424787427544
		},
		"parent_frame_id" : "6dmimic_base",
		"position" : 
		{
			"x" : -0.16695560000000001,
			"y" : 1.5319148,
			"z" : 0.18072659999999999
		}
	},
	"candidate_22" : 
	{
		"gripper" : 5,
		"method" : 3,
		"orientation" : 
		{
			"w" : -0.0279134199831838,
			"x" : 0.92038259952330059,
			"y" : 0.22979783386378111,
			"z" : 0.3151343634564282
		},
		"parent_frame_id" : "6dmimic_base",
		"position" : 
		{
			"x" : -0.16538620000000001,
			"y" : 1.5326694999999999,
			"z" : 0.18221979999999999
		}
	},
	"candidate_23" : 
	{
		"gripper" : 5,
		"method" : 3,
		"orientation" : 
		{
			"w" : -0.021492023290982272,
			"x" : 0.92426277298544668,
			"y" : 0.2226263706622621,
			"z" : 0.30937666119774049
		},
		"parent_frame_id" : "6dmimic_base",
		"position" : 
		{
			"x" : -0.1668441,
			"y" : 1.5328991999999999,
			"z" : 0.1812164
		}
	},
	"candidate_24" : 
	{
		"gripper" : 5,
		"method" : 3,
		"orientation" : 
		{
			"w" : -0.07157610706223394,
			"x" : 0.82732262268426671,
			"y" : 0.16172684123739212,
			"z" : 0.53315904542267456
		},
		"parent_frame_id" : "6dmimic_base",
		"position" : 
		{
			"x" : -0.19837199999999999,
			"y" : 1.5176339999999999,
			"z" : 0.14406440000000001
		}
	},
	"candidate_25" : 
	{
		"gripper" : 5,
		"method" : 3,
		"orientation" : 
		{
			"w" : -0.067727862607284237,
			"x" : 0.83467403901207815,
			"y" : 0.15205453145188499,
			"z" : 0.52498724240771866
		},
		"parent_frame_id" : "6dmimic_base",
		"position" : 
		{
			"x" : -0.19925080000000001,
			"y" : 1.5201614000000001,
			"z" : 0.1450689
		}
	},
	"candidate_26" : 
	{
		"gripper" : 5,
		"method" : 3,
		"orientation" : 
		{
			"w" : -0.074566646393825667,
			"x" : 0.83737751258381898,
			"y" : 0.15930713331119581,
			"z" : 0.51755188526435036
		},
		"parent_frame_id" : "6dmimic_base",
		"position" : 
		{
			"x" : -0.1992073,
			"y" : 1.5197514999999999,
			"z" : 0.14461389999999999
		}
	},
	"candidate_27" : 
	{
		"gripper" : 5,
		"method" : 3,
		"orientation" : 
		{
			"w" : -0.075952814120752166,
			"x" : 0.84038572257335231,
			"y" : 0.14953550763884915,
			"z" : 0.51538542788596076
		},
		"parent_frame_id" : "6dmimic_base",
		"position" : 
		{
			"x" : -0.19833020000000001,
			"y" : 1.518043,
			"z" : 0.1452928
		}
	},
	"candidate_28" : 
	{
		"gripper" : 5,
		"method" : 3,
		"orientation" : 
		{
			"w" : -0.085172156994240258,
			"x" : 0.84509833630412834,
			"y" : 0.1496141795505696,
			"z" : 0.50613249542620031
		},
		"parent_frame_id" : "6dmimic_base",
		"position" : 
		{
			"x" : -0.1994427,
			"y" : 1.5217015,
			"z" : 0.14579639999999999
		}
	},
	"candidate_29" : 
	{
		"gripper" : 5,
		"method" : 3,
		"orientation" : 
		{
			"w" : 0.10167176346123027,
			"x" : -0.85211959241705559,
			"y" : -0.13818505617739468,
			"z" : -0.49442890589338018
		},
		"parent_frame_id" : "6dmimic_base",
		"position" : 
		{
			"x" : -0.19686970000000001,
			"y" : 1.5180587000000001,