{
	"candidate_0" : 
	{
		"gripper" : 5,
		"method" : 3,
		"orientation" : 
		{
			"w" : -0.45701081554192563,
			"x" : -0.49974520342052542,
			"y" : -0.59537057929827653,
			"z" : 0.43235369715305577
		},
		"parent_frame_id" : "angular_groundtruth_frame_id",
		"position" : 
		{
			"x" : 0.012167298144823771,
			"y" : 0.092665280330637784,
			"z" : 0.037655547539406288
		}
	},
	"candidate_1" : 
	{
		"gripper" : 5,
		"method" : 3,
		"orientation" : 
		{
			"w" : -0.42510740230820099,
			"x" : -0.51677121342805721,
			"y" : -0.59774761279570932,
			"z" : 0.44150764531534159
		},
		"parent_frame_id" : "angular_groundtruth_frame_id",
		"position" : 
		{
			"x" : 0.0088668127589646255,
			"y" : 0.091988542047649946,
			"z" : 0.038102028547529553
		}
	},
	"candidate_10" : 
	{
		"gripper" : 5,
		"method" : 3,
		"orientation" : 
		{
			"w" : -0.25631313396862943,
			"x" : -0.65166831048704221,
			"y" : -0.66695521144516035,
			"z" : 0.25456381594461702
		},
		"parent_frame_id" : "angular_groundtruth_frame_id",
		"position" : 
		{
			"x" : 0.0096684346860039221,
			"y" : 0.063009868772640559,
			"z" : 0.074956154115856918
		}
	},
	"candidate_11" : 
	{
		"gripper" : 5,
		"method" : 3,
		"orientation" : 
		{
			"w" : 0.20282832783397764,
			"x" : -0.66347864251090183,
			"y" : -0.36589651033256776,
			"z" : 0.62030355801527748
		},
		"parent_frame_id" : "angular_groundtruth_frame_id",
		"position" : 
		{
			"x" : 0.010306891175946825,
			"y" : 0.062241545224752746,
			"z" : 0.074727246881120021
		}
	},
	"candidate_12" : 
	{
		"gripper" : 5,
		"method" : 3,
		"orientation" : 
		{
			"w" : 0.37205111842746597,
			"x" : 0.57295432718428896,
			"y" : 0.70325092836332526,
			"z" : 0.19682336241867129
		},
		"parent_frame_id" : "angular_groundtruth_frame_id",
		"position" : 
		{
			"x" : 0.004562405340466048,
			"y" : 0.016448874355879852,
			"z" : 0.098232748895016958
		}
	},
	"candidate_13" : 
	{
		"gripper" : 5,
		"method" : 3,
		"orientation" : 
		{
			"w" : 0.39114788730325212,
			"x" : 0.56319290436551361,
			"y" : 0.69492249780076387,
			"z" : 0.21656362755755393
		},
		"parent_frame_id" : "angular_groundtruth_frame_id",
		"position" : 
		{
			"x" : 0.0043275799395889342,
			"y" : 0.016581626462373406,
			"z" : 0.098025667352798718
		}
	},
	"candidate_14" : 
	{
		"gripper" : 5,
		"method" : 3,
		"orientation" : 
		{
			"w" : -0.10675143093322564,
			"x" : -0.67784278603035464,
			"y" : -0.72040098009813869,
			"z" : 0.10077557885696888
		},
		"parent_frame_id" : "angular_groundtruth_frame_id",
		"position" : 
		{
			"x" : 0.0047360260209513977,
			"y" : 0.016866955468213291,
			"z" : 0.097839992972894224
		}
	},
	"candidate_15" : 
	{
		"gripper" : 5,
		"method" : 3,
		"orientation" : 
		{
			"w" : 0.10349261447563828,
			"x" : 0.67789076315277585,
			"y" : 0.72169191507700436,
			"z" : -0.094414891270552817
		},
		"parent_frame_id" : "angular_groundtruth_frame_id",
		"position" : 
		{
			"x" : 0.0019583814049913954,
			"y" : 0.017835057772082802,
			"z" : 0.097401562327073851
		}
	},
	"candidate_16" : 
	{
		"gripper" : 5,
		"method" : 3,
		"orientation" : 
		{
			"w" : -0.10018893813314658,
			"x" : -0.67248364370400426,
			"y" : -0.72736662377116823,
			"z" : 0.093089850413833428
		},
		"parent_frame_id" : "angular_groundtruth_frame_id",
		"position" : 
		{
			"x" : 0.0026400069636542249,
			"y" : 0.016652941287114306,
			"z" : 0.097599612786731141
		}
	},
	"candidate_17" : 
	{
		"gripper" : 5,
		"method" : 3,
		"orientation" : 
		{
			"w" : 0.24296004971782947,
			"x" : 0.63834779330128744,
			"y" : 0.72673721417002324,
			"z" : 0.073044716228351889
		},
		"parent_frame_id" : "angular_groundtruth_frame_id",
		"position" : 
		{
			"x" : 0.0022617907247550976,
			"y" : 0.016307894971073267,
			"z" : 0.097497330719791747
		}
	},
	"candidate_18" : 
	{
		"gripper" : 5,
		"method" : 3,
		"orientation" : 
		{
			"w" : -0.0011282822033855406,
			"x" : 0.67714320937618,
			"y" : 0.73579121162578887,
			"z" : 0.0093324096164914723
		},
		"parent_frame_id" : "angular_groundtruth_frame_id",
		"position" : 
		{
			"x" : 0.0024663895418069836,
			"y" : -0.0025270294518923491,
			"z" : 0.097541212589779672
		}
	},
	"candidate_19" : 
	{
		"gripper" : 5,
		"method" : 3,
		"orientation" : 
		{
			"w" : 0.0020791672732676479,
			"x" : 0.68107474476967156,
			"y" : 0.73216758588746012,
			"z" : 0.0079683923161998904
		},
		"parent_frame_id" : "angular_groundtruth_frame_id",
		"position" : 
		{
			"x" : 0.00036133090402539446,
			"y" : -0.00083265771568234639,
			"z" : 0.09773807868621541
		}
	},
	"candidate_2" : 
	{
		"gripper" : 5,
		"method" : 3,
		"orientation" : 
		{
			"w" : -0.43384451454149253,
			"x" : -0.51362531406925227,
			"y" : -0.59240617406388729,
			"z" : 0.4438726156010368
		},
		"parent_frame_id" : "angular_groundtruth_frame_id",
		"position" : 
		{
			"x" : 0.0087929255633301534,
			"y" : 0.092137490483344076,
			"z" : 0.037321707497212211
		}
	},
	"candidate_20" : 
	{
		"gripper" : 5,
		"method" : 3,
		"orientation" : 
		{
			"w" : 0.014182479571506994,
			"x" : 0.68512410554570213,
			"y" : 0.72827338808793618,
			"z" : 0.0046571961869379033
		},
		"parent_frame_id" : "angular_groundtruth_frame_id",
		"position" : 
		{
			"x" : 0.0059029371999207263,
			"y" : -0.0040774713390487605,
			"z" : 0.0977184010161051
		}
	},
	"candidate_21" : 
	{
		"gripper" : 5,
		"method" : 3,
		"orientation" : 
		{
			"w" : 0.012672622059011139,
			"x" : 0.68549501890755993,
			"y" : 0.72789242388739894,
			"z" : 0.010421273933678064
		},
		"parent_frame_id" : "angular_groundtruth_frame_id",
		"position" : 
		{
			"x" : 0.003140103047394577,
			"y" : -0.0036402847189971532,
			"z" : 0.097874073778881132
		}
	},
	"candidate_22" : 
	{
		"gripper" : 5,
		"method" : 3,
		"orientation" : 
		{
			"w" : 0.012777610382861279,
			"x" : 0.68813067661589766,
			"y" : 0.72542067073765437,
			"z" : 0.008817881808130432
		},
		"parent_frame_id" : "angular_groundtruth_frame_id",
		"position" : 
		{
			"x" : 0.00080939753058374133,
			"y" : -0.0032508845717824871,
			"z" : 0.098288712758992688
		}
	},
	"candidate_23" : 
	{
		"gripper" : 5,
		"method" : 3,
		"orientation" : 
		{
			"w" : 0.024450488266196318,
			"x" : 0.69025986251377103,
			"y" : 0.72299750390837703,
			"z" : 0.014768384077847477
		},
		"parent_frame_id" : "angular_groundtruth_frame_id",
		"position" : 
		{
			"x" : 0.0056282334510102602,
			"y" : -0.0045263683614775556,
			"z" : 0.097854061381875579
		}
	},
	"candidate_24" : 
	{
		"gripper" : 5,
		"method" : 3,
		"orientation" : 
		{
			"w" : 0.0182666187699091,
			"x" : 0.68989650062032926,
			"y" : 0.72355373223845421,
			"z" : 0.013384529664569817
		},
		"parent_frame_id" : "angular_groundtruth_frame_id",
		"position" : 
		{
			"x" : 0.0043165736952518793,
			"y" : -0.0040993449636204937,
			"z" : 0.097858008748525308
		}
	},
	"candidate_25" : 
	{
		"gripper" : 5,
		"method" : 3,
		"orientation" : 
		{
			"w" : -0.095200296718476435,
			"x" : 0.66767548011642608,
			"y" : 0.72887020797089452,
			"z" : 0.11787525901765385
		},
		"parent_frame_id" : "angular_groundtruth_frame_id",
		"position" : 
		{
			"x" : 0.001320126481411468,
			"y" : -0.026456135582362542,
			"z" : 0.093186786726915702
		}
	},
	"candidate_26" : 
	{
		"gripper" : 5,
		"method" : 3,
		"orientation" : 
		{
			"w" : -0.082531419401556158,
			"x" : 0.6624662420148193,
			"y" : 0.73533889922244666,
			"z" : 0.11663509888814728
		},
		"parent_frame_id" : "angular_groundtruth_frame_id",
		"position" : 
		{
			"x" : 0.004935201486877509,
			"y" : -0.027571738626098161,
			"z" : 0.092359647768994829
		}
	},
	"candidate_27" : 
	{
		"gripper" : 5,
		"method" : 3,
		"orientation" : 
		{
			"w" : -0.088587818223336612,
			"x" : 0.66582506834942035,
			"y" : 0.73179540741388294,
			"z" : 0.11534582137150698
		},
		"parent_frame_id" : "angular_groundtruth_frame_id",
		"position" : 
		{
			"x" : 0.001139889880953265,
			"y" : -0.025481864783235185,
			"z" : 0.093192010699565467
		}
	},