{
	"object_pose_0" : 
	{
		"orientation" : 
		{
			"w" : -0.0815016118970152,
			"x" : -0.32805095589932626,
			"y" : 0.89977456406647816,
			"z" : -0.27594571694907993
		},
		"parent_frame_id" : "camera_link",
		"position" : 
		{
			"x" : -0.014636156642320377,
			"y" : -0.044235753238752118,
			"z" : 0.55409595217813523
		}
	}
}
