{
	"candidate_0" : 
	{
		"gripper" : 5,
		"method" : 3,
		"orientation" : 
		{
			"w" : 0.33824213362094196,
			"x" : -0.67132303383394998,
			"y" : 0.37536283071338106,
			"z" : 0.54223646926997771
		},
		"parent_frame_id" : "6dmimic_base",
		"position" : 
		{
			"x" : -0.091603199999999996,
			"y" : 1.4674126999999999,
			"z" : 0.13076160000000001
		}
	},
	"candidate_1" : 
	{
		"gripper" : 5,
		"method" : 3,
		"orientation" : 
		{
			"w" : 0.35321344305420049,
			"x" : -0.67712183903974266,
			"y" : 0.39203684012867251,
			"z" : 0.51288731191477088
		},
		"parent_frame_id" : "6dmimic_base",
		"position" : 
		{
			"x" : -0.088783100000000004,
			"y" : 1.4692818000000001,
			"z" : 0.1311793
		}
	},
	"candidate_10" : 
	{
		"gripper" : 5,
		"method" : 3,
		"orientation" : 
		{
			"w" : -0.2016266803101707,
			"x" : 0.77446144710198483,
			"y" : -0.51118303361429251,
			"z" : -0.31344545759141113
		},
		"parent_frame_id" : "6dmimic_base",
		"position" : 
		{
			"x" : -0.099659800000000007,
			"y" : 1.4953038999999999,
			"z" : 0.16888410000000001
		}
	},
	"candidate_11" : 
	{
		"gripper" : 5,
		"method" : 3,
		"orientation" : 
		{
			"w" : 0.64533847565443159,
			"x" : -0.48169110350982042,
			"y" : 0.58878312194225979,
			"z" : -0.069615859941769637
		},
		"parent_frame_id" : "6dmimic_base",
		"position" : 
		{
			"x" : -0.1005485,
			"y" : 1.4957814,
			"z" : 0.1686822
		}
	},
	"candidate_12" : 
	{
		"gripper" : 5,
		"method" : 3,
		"orientation" : 
		{
			"w" : 0.26242060713339177,
			"x" : 0.79867110887835413,
			"y" : -0.42156177413871093,
			"z" : -0.33991992495260503
		},
		"parent_frame_id" : "6dmimic_base",
		"position" : 
		{
			"x" : -0.1119998,
			"y" : 1.5401503000000001,
			"z" : 0.19330800000000001
		}
	},
	"candidate_13" : 
	{
		"gripper" : 5,
		"method" : 3,
		"orientation" : 
		{
			"w" : 0.28545362799462792,
			"x" : 0.78865657971133307,
			"y" : -0.41319558996252725,
			"z" : -0.35469202130615379
		},
		"parent_frame_id" : "6dmimic_base",
		"position" : 
		{
			"x" : -0.1117361,
			"y" : 1.5401191000000001,
			"z" : 0.1930936
		}
	},
	"candidate_14" : 
	{
		"gripper" : 5,
		"method" : 3,
		"orientation" : 
		{
			"w" : -0.079729030976982876,
			"x" : 0.83494434982899268,
			"y" : -0.52676642959576492,
			"z" : -0.13794325992610917
		},
		"parent_frame_id" : "6dmimic_base",
		"position" : 
		{
			"x" : -0.11201179999999999,
			"y" : 1.5397025,
			"z" : 0.1929061
		}
	},
	"candidate_15" : 
	{
		"gripper" : 5,
		"method" : 3,
		"orientation" : 
		{
			"w" : -0.074125629079291308,
			"x" : 0.83631781503510294,
			"y" : -0.52654123021101673,
			"z" : -0.13353739647147445
		},
		"parent_frame_id" : "6dmimic_base",
		"position" : 
		{
			"x" : -0.1090753,
			"y" : 1.5398590000000001,
			"z" : 0.19240299999999999
		}
	},
	"candidate_16" : 
	{
		"gripper" : 5,
		"method" : 3,
		"orientation" : 
		{
			"w" : -0.0735693888045236,
			"x" : 0.84089375361029117,
			"y" : -0.52016890313859943,
			"z" : -0.1300367347241157
		},
		"parent_frame_id" : "6dmimic_base",
		"position" : 
		{
			"x" : -0.110151,
			"y" : 1.5406978,
			"z" : 0.19264029999999999
		}
	},
	"candidate_17" : 
	{
		"gripper" : 5,
		"method" : 3,
		"orientation" : 
		{
			"w" : 0.11654471348031568,
			"x" : 0.83415629773436828,
			"y" : -0.48374056236191226,
			"z" : -0.2378984426928088
		},
		"parent_frame_id" : "6dmimic_base",
		"position" : 
		{
			"x" : -0.1099324,
			"y" : 1.5411634999999999,
			"z" : 0.19254070000000001
		}
	},
	"candidate_18" : 
	{
		"gripper" : 5,
		"method" : 3,
		"orientation" : 
		{
			"w" : 0.0074543181126389942,
			"x" : 0.85207779908275072,
			"y" : -0.52324460197125044,
			"z" : -0.011088009727581668
		},
		"parent_frame_id" : "6dmimic_base",
		"position" : 
		{
			"x" : -0.1172426,
			"y" : 1.5586085999999999,
			"z" : 0.19304740000000001
		}
	},
	"candidate_19" : 
	{
		"gripper" : 5,
		"method" : 3,
		"orientation" : 
		{
			"w" : 0.0068060072499827179,
			"x" : 0.84923201686055549,
			"y" : -0.52777671398755854,
			"z" : -0.014505170690515545
		},
		"parent_frame_id" : "6dmimic_base",
		"position" : 
		{
			"x" : -0.1146421,
			"y" : 1.5578243000000001,
			"z" : 0.1931737
		}
	},
	"candidate_2" : 
	{
		"gripper" : 5,
		"method" : 3,
		"orientation" : 
		{
			"w" : 0.35383061891925183,
			"x" : -0.67117048270365953,
			"y" : 0.38990418662213217,
			"z" : 0.52183215837766206
		},
		"parent_frame_id" : "6dmimic_base",
		"position" : 
		{
			"x" : -0.088675599999999993,
			"y" : 1.4691846,
			"z" : 0.13039149999999999
		}
	},
	"candidate_20" : 
	{
		"gripper" : 5,
		"method" : 3,
		"orientation" : 
		{
			"w" : 0.0059576789691458999,
			"x" : 0.84604014763448843,
			"y" : -0.53240046847217803,
			"z" : -0.027024356098139347
		},
		"parent_frame_id" : "6dmimic_base",
		"position" : 
		{
			"x" : -0.12101720000000001,
			"y" : 1.5587494,
			"z" : 0.19331190000000001
		}
	},
	"candidate_21" : 
	{
		"gripper" : 5,
		"method" : 3,
		"orientation" : 
		{
			"w" : 0.011331814800375355,
			"x" : 0.84581240434960003,
			"y" : -0.53279995689002424,
			"z" : -0.024437114389117914
		},
		"parent_frame_id" : "6dmimic_base",
		"position" : 
		{
			"x" : -0.1182819,
			"y" : 1.5593840000000001,
			"z" : 0.19341820000000001
		}
	},
	"candidate_22" : 
	{
		"gripper" : 5,
		"method" : 3,
		"orientation" : 
		{
			"w" : 0.0098291064252429249,
			"x" : 0.84387458632096291,
			"y" : -0.5358744399984583,
			"z" : -0.024852681642909012
		},
		"parent_frame_id" : "6dmimic_base",
		"position" : 
		{
			"x" : -0.1159603,
			"y" : 1.5598953,
			"z" : 0.19379170000000001
		}
	},
	"candidate_23" : 
	{
		"gripper" : 5,
		"method" : 3,
		"orientation" : 
		{
			"w" : 0.017953517229938737,
			"x" : 0.84185969645391767,
			"y" : -0.5382502090663176,
			"z" : -0.035165823545842786
		},
		"parent_frame_id" : "6dmimic_base",
		"position" : 
		{
			"x" : -0.1209287,
			"y" : 1.5592684999999999,
			"z" : 0.19345509999999999
		}
	},
	"candidate_24" : 
	{
		"gripper" : 5,
		"method" : 3,
		"orientation" : 
		{
			"w" : 0.015399731064873337,
			"x" : 0.84237861475128983,
			"y" : -0.53786509143006245,
			"z" : -0.029364282960051426
		},
		"parent_frame_id" : "6dmimic_base",
		"position" : 
		{
			"x" : -0.11954869999999999,
			"y" : 1.5593668000000001,
			"z" : 0.19342999999999999
		}
	},
	"candidate_25" : 
	{
		"gripper" : 5,
		"method" : 3,
		"orientation" : 
		{
			"w" : 0.095905420666894531,
			"x" : 0.8454897622199552,
			"y" : -0.51526780968130315,
			"z" : 0.10221690943372357
		},
		"parent_frame_id" : "6dmimic_base",
		"position" : 
		{
			"x" : -0.1253223,
			"y" : 1.5813794000000001,
			"z" : 0.1892452
		}
	},
	"candidate_26" : 
	{
		"gripper" : 5,
		"method" : 3,
		"orientation" : 
		{
			"w" : 0.097002411764642527,
			"x" : 0.8507074202481103,
			"y" : -0.50879238639371749,
			"z" : 0.089541748890860112
		},
		"parent_frame_id" : "6dmimic_base",
		"position" : 
		{
			"x" : -0.12912080000000001,
			"y" : 1.5810655,
			"z" : 0.18849369999999999
		}
	},
	"candidate_27" : 
	{
		"gripper" : 5,
		"method" : 3,
		"orientation" : 
		{
			"w" : 0.0946438361823706,
			"x" : 0.84791716251608973,
			"y" : -0.51284434008452318,
			"z" : 0.095235038859747351
		},
		"parent_frame_id" : "6dmimic_base",
		"position" : 
		{
			"x" : -0.12478640000000001,
			"y" : 1.580541,
			"z" : 0.18922410000000001
		}
	},
	"candidate_28" : 
	{
		"gripper" : 5,
		"method" : 3,
		"orientation" : 
		{
			"w" : 0.099068010101091536,
			"x" : 0.84705353408601181,
			"y" : -0.51470875594264309,
			"z" : 0.088095041421094616
		},
		"parent_frame_id" : "6dmimic_base",
		"position" : 
		{
			"x" : -0.1250173,
			"y" : 1.5810241,
			"z" : 0.1890666
		}
	},
	"candidate_29" : 
	{
		"gripper" : 5,
		"method" : 3,
		"orientation" : 
		{
			"w" : 0.096450645444064204,
			"x" : 0.84950280138402112,
			"y" : -0.51089978432332572,
			"z" : 0.089574961973215197
		},
		"parent_frame_id" : "6dmimic_base",
		"position" : 
		{
			"x" : -0.1243059,
			"y" : 1.5812352999999999,
			"z" : 0.18900239999999999
		}
	},