{
	"candidate_0" : 
	{
		"gripper" : 5,
		"method" : 3,
		"orientation" : 
		{
			"w" : 0.50902264363892802,
			"x" : -0.48151811195788496,
			"y" : 0.49966738929395077,
			"z" : -0.50928258972354234
		},
		"parent_frame_id" : "triangle_bracket_frame_id",
		"position" : 
		{
			"x" : 0.028638729300600473,
			"y" : -0.045487776717227341,
			"z" : 0.0070113596229788733
		}
	},
	"candidate_1" : 
	{
		"gripper" : 5,
		"method" : 3,
		"orientation" : 
		{
			"w" : 0.2818307371038129,
			"x" : -0.63212619576345297,
			"y" : 0.26143196072037311,
			"z" : -0.67278617566582599
		},
		"parent_frame_id" : "triangle_bracket_frame_id",
		"position" : 
		{
			"x" : 0.0288445647904567,
			"y" : -0.047654004575963853,
			"z" : -0.00085379222185867805
		}
	},
	"candidate_2" : 
	{
		"gripper" : 5,
		"method" : 3,
		"orientation" : 
		{
			"w" : 0.50408499789010297,
			"x" : -0.4709308760320372,
			"y" : 0.51161707542663659,
			"z" : -0.51222103923377471
		},
		"parent_frame_id" : "triangle_bracket_frame_id",
		"position" : 
		{
			"x" : 0.028751858063904772,
			"y" : -0.027294872574490137,
			"z" : -0.033146539680995554
		}
	},
	"candidate_3" : 
	{
		"gripper" : 5,
		"method" : 3,
		"orientation" : 
		{
			"w" : 0.61562519269626281,
			"x" : -0.31413917226787158,
			"y" : 0.63022984903693136,
			"z" : -0.35374078072429327
		},
		"parent_frame_id" : "triangle_bracket_frame_id",
		"position" : 
		{
			"x" : 0.028676171864352507,
			"y" : -0.049555264008309341,
			"z" : 0.024974565326680742
		}
	}
}
