{
	"object_pose_0" : 
	{
		"orientation" : 
		{
			"w" : -0.1875922071949464,
			"x" : 0.67066952557773096,
			"y" : 0.54505663654377379,
			"z" : 0.46682471190211289
		},
		"parent_frame_id" : "camera_link",
		"position" : 
		{
			"x" : -0.00061252969660885448,
			"y" : 0.022857586554328763,
			"z" : 0.52909757625939324
		}
	}
}
