{
	"candidate_0" : 
	{
		"gripper" : 5,
		"method" : 3,
		"orientation" : 
		{
			"w" : 0.028716440630251333,
			"x" : 0.69615588322205024,
			"y" : -0.71688117571418897,
			"z" : -0.024974631118366498
		},
		"parent_frame_id" : "6dmimic_base",
		"position" : 
		{
			"x" : -0.054418599999999998,
			"y" : 1.4852482,
			"z" : 0.059745600000000003
		}
	},
	"candidate_1" : 
	{
		"gripper" : 5,
		"method" : 3,
		"orientation" : 
		{
			"w" : 0.027930876325541289,
			"x" : 0.92516584465744078,
			"y" : -0.37853397562151669,
			"z" : -0.00023521721988338518
		},
		"parent_frame_id" : "6dmimic_base",
		"position" : 
		{
			"x" : -0.062434499999999997,
			"y" : 1.4835566,
			"z" : 0.059621800000000003
		}
	},
	"candidate_2" : 
	{
		"gripper" : 5,
		"method" : 3,
		"orientation" : 
		{
			"w" : 0.041344725971668717,
			"x" : 0.69007695826295234,
			"y" : -0.72237567480453169,
			"z" : -0.016055832571891783
		},
		"parent_frame_id" : "6dmimic_base",
		"position" : 
		{
			"x" : -0.093552300000000005,
			"y" : 1.5059225000000001,
			"z" : 0.060547499999999997
		}
	},
	"candidate_3" : 
	{
		"gripper" : 5,
		"method" : 3,
		"orientation" : 
		{
			"w" : 0.037929329695129105,
			"x" : 0.45850538731599849,
			"y" : -0.88754012881618705,
			"z" : -0.024631189415670662
		},
		"parent_frame_id" : "6dmimic_base",
		"position" : 
		{
			"x" : -0.036666999999999998,
			"y" : 1.4800827000000001,
			"z" : 0.059367299999999998
		}
	}
}
