{
	"candidate_0" : 
	{
		"gripper" : 5,
		"method" : 3,
		"orientation" : 
		{
			"w" : 0.51438909901986096,
			"x" : -0.51652456243119327,
			"y" : -0.5012406663250365,
			"z" : 0.46622315004387516
		},
		"parent_frame_id" : "gt01_frame_id",
		"position" : 
		{
			"x" : 0.018472796374654932,
			"y" : 0.040951307550896709,
			"z" : 0.013904731130880421
		}
	},
	"candidate_1" : 
	{
		"gripper" : 5,
		"method" : 3,
		"orientation" : 
		{
			"w" : 0.52553454271296574,
			"x" : -0.5131427567860698,
			"y" : -0.5155550156456391,
			"z" : 0.44124934154748735
		},
		"parent_frame_id" : "gt01_frame_id",
		"position" : 
		{
			"x" : 0.017255686849822524,
			"y" : 0.057874725502888413,
			"z" : 0.010499050327167914
		}
	},
	"candidate_2" : 
	{
		"gripper" : 5,
		"method" : 3,
		"orientation" : 
		{
			"w" : 0.52301703588487158,
			"x" : -0.52256139787097466,
			"y" : -0.50902447771732429,
			"z" : 0.44076847291286742
		},
		"parent_frame_id" : "gt01_frame_id",
		"position" : 
		{
			"x" : 0.016530910737777293,
			"y" : 0.077771546781473466,
			"z" : 0.0098972460521304373
		}
	},
	"candidate_3" : 
	{
		"gripper" : 5,
		"method" : 3,
		"orientation" : 
		{
			"w" : 0.52970514560698589,
			"x" : -0.51870754259148766,
			"y" : -0.51372244386726018,
			"z" : 0.43179184179791025
		},
		"parent_frame_id" : "gt01_frame_id",
		"position" : 
		{
			"x" : 0.015861602668448896,
			"y" : 0.096205091893236894,
			"z" : 0.003245215722155026
		}
	},
	"candidate_4" : 
	{
		"gripper" : 5,
		"method" : 3,
		"orientation" : 
		{
			"w" : 0.53448302698420191,
			"x" : -0.5059410048334817,
			"y" : -0.51804930275608219,
			"z" : 0.43586295255255281
		},
		"parent_frame_id" : "gt01_frame_id",
		"position" : 
		{
			"x" : 0.01563886229775216,
			"y" : 0.11504208599084631,
			"z" : 0.0075628236946198024
		}
	},
	"candidate_5" : 
	{
		"gripper" : 5,
		"method" : 3,
		"orientation" : 
		{
			"w" : 0.52752001723128961,
			"x" : -0.52140690198251627,
			"y" : -0.50858290826602925,
			"z" : 0.43726525062593563
		},
		"parent_frame_id" : "gt01_frame_id",
		"position" : 
		{
			"x" : 0.015118360190276722,
			"y" : 0.1359897665077916,
			"z" : 0.0064724624810274523
		}
	}
}
