{
	"object_pose_0" : 
	{
		"orientation" : 
		{
			"w" : 0.56059763565354725,
			"x" : -0.45177666757202006,
			"y" : 0.69202848827081054,
			"z" : 0.052202477960706976
		},
		"parent_frame_id" : "camera_link",
		"position" : 
		{
			"x" : 0.0059451294390258091,
			"y" : 0.026394117112168838,
			"z" : 0.55755987732273837
		}
	}
}
