{
	"candidate_0" : 
	{
		"gripper" : 5,
		"method" : 3,
		"orientation" : 
		{
			"w" : 0.05800892089646207,
			"x" : 0.99653624629003157,
			"y" : 0.050545625945537853,
			"z" : 0.03155336153843636
		},
		"parent_frame_id" : "linear_groundtruth_frame_id",
		"position" : 
		{
			"x" : 3.418731286952692e-06,
			"y" : 0.074545188549635988,
			"z" : 0.017385838572142279
		}
	},
	"candidate_1" : 
	{
		"gripper" : 5,
		"method" : 3,
		"orientation" : 
		{
			"w" : 0.036187425015769804,
			"x" : 0.99766050560307606,
			"y" : 0.043173946894970505,
			"z" : 0.038729783630339111
		},
		"parent_frame_id" : "linear_groundtruth_frame_id",
		"position" : 
		{
			"x" : 0.0005154267644589261,
			"y" : 0.087717645910614928,
			"z" : 0.017319630210452026
		}
	},
	"candidate_10" : 
	{
		"gripper" : 5,
		"method" : 3,
		"orientation" : 
		{
			"w" : 0.048570392989899264,
			"x" : 0.99698091627763485,
			"y" : 0.055594002369835659,
			"z" : 0.024068161614820491
		},
		"parent_frame_id" : "linear_groundtruth_frame_id",
		"position" : 
		{
			"x" : -0.0034168566631933572,
			"y" : 0.17375462396121816,
			"z" : 0.017091792604664584
		}
	},
	"candidate_2" : 
	{
		"gripper" : 5,
		"method" : 3,
		"orientation" : 
		{
			"w" : 0.03519607071908671,
			"x" : 0.99772167838286929,
			"y" : 0.049122365008555963,
			"z" : 0.029994705312332413
		},
		"parent_frame_id" : "linear_groundtruth_frame_id",
		"position" : 
		{
			"x" : -0.0010540753282199944,
			"y" : 0.10006592142996718,
			"z" : 0.017368914480181116
		}
	},
	"candidate_3" : 
	{
		"gripper" : 5,
		"method" : 3,
		"orientation" : 
		{
			"w" : 0.035313833297001246,
			"x" : 0.99800178074687895,
			"y" : 0.045371434756439247,
			"z" : 0.026207092781771819
		},
		"parent_frame_id" : "linear_groundtruth_frame_id",
		"position" : 
		{
			"x" : -0.00061420151761382158,
			"y" : 0.10857195364765088,
			"z" : 0.017330874468751499
		}
	},
	"candidate_4" : 
	{
		"gripper" : 5,
		"method" : 3,
		"orientation" : 
		{
			"w" : 0.038716396443012162,
			"x" : 0.99760573430233113,
			"y" : 0.052222807088265995,
			"z" : 0.023592752136956364
		},
		"parent_frame_id" : "linear_groundtruth_frame_id",
		"position" : 
		{
			"x" : -0.0012090929002648299,
			"y" : 0.11768799393218743,
			"z" : 0.017365230888152179
		}
	},
	"candidate_5" : 
	{
		"gripper" : 5,
		"method" : 3,
		"orientation" : 
		{
			"w" : 0.03675962154724835,
			"x" : 0.99812874062147439,
			"y" : 0.046461958652990111,
			"z" : 0.015133861609663762
		},
		"parent_frame_id" : "linear_groundtruth_frame_id",
		"position" : 
		{
			"x" : 0.00012082415250680434,
			"y" : 0.12813362074941131,
			"z" : 0.017311726514125693
		}
	},
	"candidate_6" : 
	{
		"gripper" : 5,
		"method" : 3,
		"orientation" : 
		{
			"w" : 0.041697168318772314,
			"x" : 0.9971160796305637,
			"y" : 0.057039702974801765,
			"z" : 0.027700941877809981
		},
		"parent_frame_id" : "linear_groundtruth_frame_id",
		"position" : 
		{
			"x" : -0.0016034066372374589,
			"y" : 0.13756112351812239,
			"z" : 0.017167358132397531
		}
	},
	"candidate_7" : 
	{
		"gripper" : 5,
		"method" : 3,
		"orientation" : 
		{
			"w" : 0.039953944625198218,
			"x" : 0.99808666406583124,
			"y" : 0.040986532221890158,
			"z" : 0.023383701572914202
		},
		"parent_frame_id" : "linear_groundtruth_frame_id",
		"position" : 
		{
			"x" : -0.0016232078695930241,
			"y" : 0.14915398417602227,
			"z" : 0.017310180846676668
		}
	},
	"candidate_8" : 
	{
		"gripper" : 5,
		"method" : 3,
		"orientation" : 
		{
			"w" : 0.040001185324075365,
			"x" : 0.99736545137213095,
			"y" : 0.055409516329637518,
			"z" : 0.024327907473721742
		},
		"parent_frame_id" : "linear_groundtruth_frame_id",
		"position" : 
		{
			"x" : -0.0022341916268249218,
			"y" : 0.15761526361396944,
			"z" : 0.017217216061032804
		}
	},
	"candidate_9" : 
	{
		"gripper" : 5,
		"method" : 3,
		"orientation" : 
		{
			"w" : 0.034831806508833961,
			"x" : 0.99818206737032689,
			"y" : 0.046720271324242779,
			"z" : 0.015379267961136938
		},
		"parent_frame_id" : "linear_groundtruth_frame_id",
		"position" : 
		{
			"x" : -0.00065799540285982339,
			"y" : 0.17073292706286963,
			"z" : 0.017711498414498553
		}
	}
}
