{
	"object_pose_0" : 
	{
		"orientation" : 
		{
			"w" : 0.12551093637184677,
			"x" : 0.35594085776821205,
			"y" : 0.88799704538781488,
			"z" : -0.26270543737467172
		},
		"parent_frame_id" : "camera_link",
		"position" : 
		{
			"x" : 0.0047503646767750943,
			"y" : 0.022774510254604474,
			"z" : 0.55931799171147545
		}
	}
}
