{
	"candidate_0" : 
	{
		"gripper" : 5,
		"method" : 3,
		"orientation" : 
		{
			"w" : 0.064849307612611456,
			"x" : 0.82605151214780204,
			"y" : -0.55948697262851699,
			"z" : -0.020193910950380273
		},
		"parent_frame_id" : "6dmimic_base",
		"position" : 
		{
			"x" : 0.0105437,
			"y" : 1.5681168000000001,
			"z" : 0.078466400000000006
		}
	},
	"candidate_1" : 
	{
		"gripper" : 5,
		"method" : 3,
		"orientation" : 
		{
			"w" : 0.051836078802468655,
			"x" : 0.82258376109658926,
			"y" : -0.56627485153731405,
			"z" : -0.0013301995965413864
		},
		"parent_frame_id" : "6dmimic_base",
		"position" : 
		{
			"x" : 0.023350200000000002,
			"y" : 1.5712337000000001,
			"z" : 0.078224199999999994
		}
	},
	"candidate_10" : 
	{
		"gripper" : 5,
		"method" : 3,
		"orientation" : 
		{
			"w" : 0.052754295504258739,
			"x" : 0.82937055233024681,
			"y" : -0.55582534687773577,
			"z" : -0.020485482701549124
		},
		"parent_frame_id" : "6dmimic_base",
		"position" : 
		{
			"x" : 0.10500859999999999,
			"y" : 1.598587,
			"z" : 0.076967599999999997
		}
	},
	"candidate_2" : 
	{
		"gripper" : 5,
		"method" : 3,
		"orientation" : 
		{
			"w" : 0.045719694182825586,
			"x" : 0.82612536227859201,
			"y" : -0.56157566757251087,
			"z" : -0.0077048656304173034
		},
		"parent_frame_id" : "6dmimic_base",
		"position" : 
		{
			"x" : 0.034796300000000002,
			"y" : 1.5761251000000001,
			"z" : 0.078142500000000004
		}
	},
	"candidate_3" : 
	{
		"gripper" : 5,
		"method" : 3,
		"orientation" : 
		{
			"w" : 0.043570799358854814,
			"x" : 0.82404927310759124,
			"y" : -0.5647368561535504,
			"z" : -0.010801121973431511
		},
		"parent_frame_id" : "6dmimic_base",
		"position" : 
		{
			"x" : 0.043096000000000002,
			"y" : 1.5780327000000001,
			"z" : 0.077989000000000003
		}
	},
	"candidate_4" : 
	{
		"gripper" : 5,
		"method" : 3,
		"orientation" : 
		{
			"w" : 0.044639308278399834,
			"x" : 0.82783371875136746,
			"y" : -0.55899520921829859,
			"z" : -0.014933932024033206
		},
		"parent_frame_id" : "6dmimic_base",
		"position" : 
		{
			"x" : 0.051700299999999998,
			"y" : 1.5811016,
			"z" : 0.077917299999999995
		}
	},
	"candidate_5" : 
	{
		"gripper" : 5,
		"method" : 3,
		"orientation" : 
		{
			"w" : 0.038041353666181513,
			"x" : 0.8246917708848468,
			"y" : -0.56392877108340245,
			"z" : -0.020510475138890396
		},
		"parent_frame_id" : "6dmimic_base",
		"position" : 
		{
			"x" : 0.0621086,
			"y" : 1.5826848,
			"z" : 0.077708899999999997
		}
	},
	"candidate_6" : 
	{
		"gripper" : 5,
		"method" : 3,
		"orientation" : 
		{
			"w" : 0.049442936507644072,
			"x" : 0.83038796792405856,
			"y" : -0.55482466247917417,
			"z" : -0.013446659857520995
		},
		"parent_frame_id" : "6dmimic_base",
		"position" : 
		{
			"x" : 0.070700299999999994,
			"y" : 1.5869272999999999,
			"z" : 0.077473299999999995
		}
	},
	"candidate_7" : 
	{
		"gripper" : 5,
		"method" : 3,
		"orientation" : 
		{
			"w" : 0.045618475346530761,
			"x" : 0.82144516107002541,
			"y" : -0.56823899911329456,
			"z" : -0.015850613502928493
		},
		"parent_frame_id" : "6dmimic_base",
		"position" : 
		{
			"x" : 0.081845699999999993,
			"y" : 1.5901202999999999,
			"z" : 0.077468999999999996
		}
	},
	"candidate_8" : 
	{
		"gripper" : 5,
		"method" : 3,
		"orientation" : 
		{
			"w" : 0.046074224421364142,
			"x" : 0.82956961271469931,
			"y" : -0.55629384032868867,
			"z" : -0.015119084519677846
		},
		"parent_frame_id" : "6dmimic_base",
		"position" : 
		{
			"x" : 0.089813799999999999,
			"y" : 1.5930268999999999,
			"z" : 0.077278600000000003
		}
	},
	"candidate_9" : 
	{
		"gripper" : 5,
		"method" : 3,
		"orientation" : 
		{
			"w" : 0.036648054532971874,
			"x" : 0.82489267332583771,
			"y" : -0.56377489731109676,
			"z" : -0.019153661638533714
		},
		"parent_frame_id" : "6dmimic_base",
		"position" : 
		{
			"x" : 0.1028683,
			"y" : 1.5950983999999999,
			"z" : 0.077579800000000004
		}
	}
}
