{
	"x":
  {
    "type": 2,
    "description": {
			"a": -0.002956182,
			"b": 0.002739969
		  }
	},
	"y": {
		"type": 2,
		"description": {
			"a": -0.00452,
			"b": 0.003783
		}
	},
	"z": {
		"type": 2,
		"description": {
			"a": -0.003961131,
			"b": 0.00890723
		}
	},
	"roll": {
		"type": 2,
		"description": {
			"a": -0.0372954125339488,
			"b": 2.10191411629164
		}
	},
	"pitch": {
		"type": 2,
		"description": {
			"a": -0.0301296780877936,
			"b": 2.77801234297051
		}
	},
	"yaw": {
		"type": 2,
		"description": {
			"a": -0.0238320736868165,
			"b": -1.85640335689224
		}
	}

}
