{
	"candidate_0" : 
	{
		"gripper" : 5,
		"method" : 3,
		"orientation" : 
		{
			"w" : -0.022347562644426933,
			"x" : 0.67809602613986697,
			"y" : 0.73329849437310024,
			"z" : 0.04426831742136407
		},
		"parent_frame_id" : "angular_groundtruth_frame_id",
		"position" : 
		{
			"x" : 0.002208828572054013,
			"y" : -0.0040227825816228375,
			"z" : 0.094605119366405782
		}
	},
	"candidate_1" : 
	{
		"gripper" : 5,
		"method" : 3,
		"orientation" : 
		{
			"w" : -0.023581683853907548,
			"x" : 0.67851278932007508,
			"y" : 0.73321496032329736,
			"z" : 0.03821152802246125
		},
		"parent_frame_id" : "angular_groundtruth_frame_id",
		"position" : 
		{
			"x" : 0.001356115956294473,
			"y" : -0.0033634854563626862,
			"z" : 0.095409026565515268
		}
	},
	"candidate_10" : 
	{
		"gripper" : 5,
		"method" : 3,
		"orientation" : 
		{
			"w" : 0.065038731667535543,
			"x" : 0.030871540508619236,
			"y" : -0.99588815368673489,
			"z" : -0.054988150688391031
		},
		"parent_frame_id" : "angular_groundtruth_frame_id",
		"position" : 
		{
			"x" : 0.011899428417232452,
			"y" : 0.0015360008733716663,
			"z" : 0.095511726358872284
		}
	},
	"candidate_11" : 
	{
		"gripper" : 5,
		"method" : 3,
		"orientation" : 
		{
			"w" : 0.042243232014701329,
			"x" : 0.039992139493042055,
			"y" : -0.99650198636533127,
			"z" : -0.059999410811026985
		},
		"parent_frame_id" : "angular_groundtruth_frame_id",
		"position" : 
		{
			"x" : 0.021412563577118286,
			"y" : 0.0018310369462847574,
			"z" : 0.095096338466353028
		}
	},
	"candidate_12" : 
	{
		"gripper" : 5,
		"method" : 3,
		"orientation" : 
		{
			"w" : 0.051269301497161163,
			"x" : 0.27536279921519669,
			"y" : -0.95788461651289158,
			"z" : -0.06327597474804339
		},
		"parent_frame_id" : "angular_groundtruth_frame_id",
		"position" : 
		{
			"x" : 0.017969694259969672,
			"y" : 0.0088252643589890097,
			"z" : 0.095619426415503972
		}
	},
	"candidate_13" : 
	{
		"gripper" : 5,
		"method" : 3,
		"orientation" : 
		{
			"w" : 0.05412163039761124,
			"x" : 0.27763594264249286,
			"y" : -0.95696556687043155,
			"z" : -0.064853961332153098
		},
		"parent_frame_id" : "angular_groundtruth_frame_id",
		"position" : 
		{
			"x" : 0.015949466418219385,
			"y" : 0.0095806700782301527,
			"z" : 0.095738426585071437
		}
	},
	"candidate_14" : 
	{
		"gripper" : 5,
		"method" : 3,
		"orientation" : 
		{
			"w" : 0.040214512668020168,
			"x" : 0.27196970695199318,
			"y" : -0.95966249362015399,
			"z" : -0.0588487027050585
		},
		"parent_frame_id" : "angular_groundtruth_frame_id",
		"position" : 
		{
			"x" : 0.022623330582891711,
			"y" : 0.0085979239942488919,
			"z" : 0.095827547545557223
		}
	},
	"candidate_15" : 
	{
		"gripper" : 5,
		"method" : 3,
		"orientation" : 
		{
			"w" : 0.10735873247845644,
			"x" : 0.01837097850233968,
			"y" : -0.88814599549952544,
			"z" : 0.44646758044413787
		},
		"parent_frame_id" : "angular_groundtruth_frame_id",
		"position" : 
		{
			"x" : -0.0083196692928333201,
			"y" : -0.32078867321032628,
			"z" : 0.26883658114839365
		}
	},
	"candidate_16" : 
	{
		"gripper" : 5,
		"method" : 3,
		"orientation" : 
		{
			"w" : 0.10847748187338481,
			"x" : 0.017036605859587554,
			"y" : -0.88933076768593122,
			"z" : 0.44388419169232285
		},
		"parent_frame_id" : "angular_groundtruth_frame_id",
		"position" : 
		{
			"x" : -0.011927756161351964,
			"y" : -0.32131377246565912,
			"z" : 0.26736888311657625
		}
	},
	"candidate_17" : 
	{
		"gripper" : 5,
		"method" : 3,
		"orientation" : 
		{
			"w" : 0.12130150414436312,
			"x" : 0.010207095008412617,
			"y" : -0.88463344594641902,
			"z" : 0.45011712544266586
		},
		"parent_frame_id" : "angular_groundtruth_frame_id",
		"position" : 
		{
			"x" : -0.015178719161870739,
			"y" : -0.31606253587718025,
			"z" : 0.2731078152935853
		}
	},
	"candidate_2" : 
	{
		"gripper" : 5,
		"method" : 3,
		"orientation" : 
		{
			"w" : -0.023844559732838975,
			"x" : 0.67688790102106022,
			"y" : 0.73409049890295131,
			"z" : 0.048634821299827311
		},
		"parent_frame_id" : "angular_groundtruth_frame_id",
		"position" : 
		{
			"x" : -0.0013164908784897549,
			"y" : -0.0027760221039880863,
			"z" : 0.094826842892148669
		}
	},
	"candidate_3" : 
	{
		"gripper" : 5,
		"method" : 3,
		"orientation" : 
		{
			"w" : -0.022740295869023121,
			"x" : 0.42004943723253246,
			"y" : 0.90522117397656021,
			"z" : 0.060132981041357142
		},
		"parent_frame_id" : "angular_groundtruth_frame_id",
		"position" : 
		{
			"x" : 0.011621666227262057,
			"y" : -0.01009039018550535,
			"z" : 0.095262891400829955
		}
	},
	"candidate_4" : 
	{
		"gripper" : 5,
		"method" : 3,
		"orientation" : 
		{
			"w" : -0.026255685517702753,
			"x" : 0.42710890754413672,
			"y" : 0.90211198298890549,
			"z" : 0.05552107908060272
		},
		"parent_frame_id" : "angular_groundtruth_frame_id",
		"position" : 
		{
			"x" : 0.010762484327613401,
			"y" : -0.0095597576088805557,
			"z" : 0.0955385696251045
		}
	},
	"candidate_5" : 
	{
		"gripper" : 5,
		"method" : 3,
		"orientation" : 
		{
			"w" : -0.022363004154097688,
			"x" : 0.42565499965115783,
			"y" : 0.90319929048615455,
			"z" : 0.050485235291949176
		},
		"parent_frame_id" : "angular_groundtruth_frame_id",
		"position" : 
		{
			"x" : 0.011132437746740272,
			"y" : -0.010014237274685187,
			"z" : 0.095350213472864889
		}
	},
	"candidate_6" : 
	{
		"gripper" : 5,
		"method" : 3,
		"orientation" : 
		{
			"w" : -0.046833495084897314,
			"x" : 0.2302423168972732,
			"y" : 0.96954025275790345,
			"z" : 0.069186686075062814
		},
		"parent_frame_id" : "angular_groundtruth_frame_id",
		"position" : 
		{
			"x" : 0.019794765639774392,
			"y" : -0.0067616665023358929,
			"z" : 0.094131361033585867
		}
	},
	"candidate_7" : 
	{
		"gripper" : 5,
		"method" : 3,
		"orientation" : 
		{
			"w" : -0.053167994870901791,
			"x" : 0.23252887677402911,
			"y" : 0.96882896888330405,
			"z" : 0.066887329443850896
		},
		"parent_frame_id" : "angular_groundtruth_frame_id",
		"position" : 
		{
			"x" : 0.016968621458520419,
			"y" : -0.0058439981629361364,
			"z" : 0.094470682038393261
		}
	},
	"candidate_8" : 
	{
		"gripper" : 5,
		"method" : 3,
		"orientation" : 
		{
			"w" : -0.050688134713838637,
			"x" : 0.22943183480175616,
			"y" : 0.96993039241997392,
			"z" : 0.0634569148223178
		},
		"parent_frame_id" : "angular_groundtruth_frame_id",
		"position" : 
		{
			"x" : 0.018064063647659726,
			"y" : -0.0062961711697315159,
			"z" : 0.094366847775278553
		}
	},
	"candidate_9" : 
	{
		"gripper" : 5,
		"method" : 3,
		"orientation" : 
		{
			"w" : 0.050297347742862819,
			"x" : 0.037659451319501165,
			"y" : -0.99623404541647942,
			"z" : -0.059746709444654031
		},
		"parent_frame_id" : "angular_groundtruth_frame_id",
		"position" : 
		{
			"x" : 0.020821037588030347,
			"y" : 0.0011463685240728607,
			"z" : 0.094654160061986001
		}
	}
}
