{
	"candidate_0" : 
	{
		"gripper" : 5,
		"method" : 3,
		"orientation" : 
		{
			"w" : -0.026433477734230833,
			"x" : 0.71482132560579426,
			"y" : 0.69696543939545141,
			"z" : 0.050704240477047822
		},
		"parent_frame_id" : "angular_groundtruth_frame_id",
		"position" : 
		{
			"x" : 0.0079643319890644673,
			"y" : -0.0025968957208801734,
			"z" : 0.096507421691500297
		}
	},
	"candidate_1" : 
	{
		"gripper" : 5,
		"method" : 3,
		"orientation" : 
		{
			"w" : -0.031232939724284123,
			"x" : 0.71033056450568,
			"y" : 0.7020244650388302,
			"z" : 0.040207500446627145
		},
		"parent_frame_id" : "angular_groundtruth_frame_id",
		"position" : 
		{
			"x" : 0.0040789689762619824,
			"y" : -0.0030953560286200257,
			"z" : 0.097061158636107703
		}
	},
	"candidate_2" : 
	{
		"gripper" : 5,
		"method" : 3,
		"orientation" : 
		{
			"w" : -0.023353235912354824,
			"x" : 0.71909143841413126,
			"y" : 0.69350627179585034,
			"z" : 0.037565683166126199
		},
		"parent_frame_id" : "angular_groundtruth_frame_id",
		"position" : 
		{
			"x" : 0.0048876862741625664,
			"y" : -0.0040210257351244467,
			"z" : 0.097147621863796649
		}
	},
	"candidate_3" : 
	{
		"gripper" : 5,
		"method" : 3,
		"orientation" : 
		{
			"w" : -0.019085211966826041,
			"x" : 0.72414656213021578,
			"y" : 0.6887256078062215,
			"z" : 0.03007571098281309
		},
		"parent_frame_id" : "angular_groundtruth_frame_id",
		"position" : 
		{
			"x" : 0.00809295645845046,
			"y" : -0.004796199730560273,
			"z" : 0.09704525124984946
		}
	},
	"candidate_4" : 
	{
		"gripper" : 5,
		"method" : 3,
		"orientation" : 
		{
			"w" : -0.021081288896226895,
			"x" : 0.72035073450221232,
			"y" : 0.69268590835553678,
			"z" : 0.028924573052369961
		},
		"parent_frame_id" : "angular_groundtruth_frame_id",
		"position" : 
		{
			"x" : 0.0068895812148873758,
			"y" : -0.0042190885866306219,
			"z" : 0.09716859928332422
		}
	},
	"candidate_5" : 
	{
		"gripper" : 5,
		"method" : 3,
		"orientation" : 
		{
			"w" : -0.016247542253258279,
			"x" : 0.72084191476926385,
			"y" : 0.69227081587266448,
			"z" : 0.029733294023795265
		},
		"parent_frame_id" : "angular_groundtruth_frame_id",
		"position" : 
		{
			"x" : 0.0075017819039147416,
			"y" : -0.0046503634111401682,
			"z" : 0.097020681176147719
		}
	},
	"candidate_6" : 
	{
		"gripper" : 5,
		"method" : 3,
		"orientation" : 
		{
			"w" : -0.014676844360156937,
			"x" : 0.72398924510373575,
			"y" : 0.68882513926658173,
			"z" : 0.033824410240602731
		},
		"parent_frame_id" : "angular_groundtruth_frame_id",
		"position" : 
		{
			"x" : 0.0061528128176359682,
			"y" : -0.0038677259095593938,
			"z" : 0.097012636373229849
		}
	},
	"candidate_7" : 
	{
		"gripper" : 5,
		"method" : 3,
		"orientation" : 
		{
			"w" : -0.013571411621614181,
			"x" : 0.7218399429984097,
			"y" : 0.6911928773771987,
			"z" : 0.03186408231344371
		},
		"parent_frame_id" : "angular_groundtruth_frame_id",
		"position" : 
		{
			"x" : 0.0063901034814835929,
			"y" : -0.0038415135147143427,
			"z" : 0.097078822412355339
		}
	},
	"candidate_8" : 
	{
		"gripper" : 5,
		"method" : 3,
		"orientation" : 
		{
			"w" : -0.013839394545679281,
			"x" : 0.71672171495690418,
			"y" : 0.69650187609230574,
			"z" : 0.03167950548449034
		},
		"parent_frame_id" : "angular_groundtruth_frame_id",
		"position" : 
		{
			"x" : 0.0066316525552646902,
			"y" : -0.0043747455386014466,
			"z" : 0.097180444068235339
		}
	},
	"candidate_9" : 
	{
		"gripper" : 5,
		"method" : 3,
		"orientation" : 
		{
			"w" : -0.014886139670642357,
			"x" : 0.71427801934290647,
			"y" : 0.69874332522849558,
			"z" : 0.036648047395536794
		},
		"parent_frame_id" : "angular_groundtruth_frame_id",
		"position" : 
		{
			"x" : 0.0073918893467158613,
			"y" : -0.0043624064872154322,
			"z" : 0.09698740624298692
		}
	}
}
