{
	"object_pose_0" : 
	{
		"orientation" : 
		{
			"w" : -0.075150676969353944,
			"x" : -0.33022906158674076,
			"y" : 0.9029817905223293,
			"z" : -0.26443432062705396
		},
		"parent_frame_id" : "camera_link",
		"position" : 
		{
			"x" : -0.032667804709661817,
			"y" : -0.045217584447423076,
			"z" : 0.54912494594911876
		}
	}
}
