{
	"object_pose_0" : 
	{
		"orientation" : 
		{
			"w" : -0.075963986661903696,
			"x" : -0.33007195094780167,
			"y" : 0.90392691839545869,
			"z" : -0.26114882022031582
		},
		"parent_frame_id" : "camera_link",
		"position" : 
		{
			"x" : -0.019833555407056891,
			"y" : 0.012940138021672765,
			"z" : 0.56426055472346692
		}
	}
}
