{
	"candidate_0" : 
	{
		"gripper" : 5,
		"method" : 3,
		"orientation" : 
		{
			"w" : 0.046088145634025884,
			"x" : 0.82238615249057623,
			"y" : -0.56703473834131812,
			"z" : 0.00533896412762409
		},
		"parent_frame_id" : "6dmimic_base",
		"position" : 
		{
			"x" : -0.085113900000000006,
			"y" : 1.5317042999999999,
			"z" : 0.15090619999999999
		}
	},
	"candidate_1" : 
	{
		"gripper" : 5,
		"method" : 3,
		"orientation" : 
		{
			"w" : 0.03466621994193525,
			"x" : 0.82637685340272815,
			"y" : -0.56199225843406564,
			"z" : 0.0080156606291292825
		},
		"parent_frame_id" : "6dmimic_base",
		"position" : 
		{
			"x" : -0.081667699999999996,
			"y" : 1.5336221000000001,
			"z" : 0.15134710000000001
		}
	},
	"candidate_2" : 
	{
		"gripper" : 5,
		"method" : 3,
		"orientation" : 
		{
			"w" : 0.033956571980918435,
			"x" : 0.81947036777179838,
			"y" : -0.57211469313621166,
			"z" : -0.00021321565678155546
		},
		"parent_frame_id" : "6dmimic_base",
		"position" : 
		{
			"x" : -0.082765000000000005,
			"y" : 1.5341796000000001,
			"z" : 0.1515087
		}
	},
	"candidate_3" : 
	{
		"gripper" : 5,
		"method" : 3,
		"orientation" : 
		{
			"w" : 0.027638739880986779,
			"x" : 0.81549952836353068,
			"y" : -0.57806796835336749,
			"z" : -0.0058346602694962276
		},
		"parent_frame_id" : "6dmimic_base",
		"position" : 
		{
			"x" : -0.086039599999999994,
			"y" : 1.5336961,
			"z" : 0.15155920000000001
		}
	},
	"candidate_4" : 
	{
		"gripper" : 5,
		"method" : 3,
		"orientation" : 
		{
			"w" : 0.025960370231914862,
			"x" : 0.81867725325834551,
			"y" : -0.57365211695200036,
			"z" : -0.0041064450905480589
		},
		"parent_frame_id" : "6dmimic_base",
		"position" : 
		{
			"x" : -0.084697300000000003,
			"y" : 1.5336072000000001,
			"z" : 0.1516111
		}
	},
	"candidate_5" : 
	{
		"gripper" : 5,
		"method" : 3,
		"orientation" : 
		{
			"w" : 0.027699810150663348,
			"x" : 0.81827364955168502,
			"y" : -0.57409525959126906,
			"z" : -0.0086941291580462168
		},
		"parent_frame_id" : "6dmimic_base",
		"position" : 
		{
			"x" : -0.085436799999999993,
			"y" : 1.533784,
			"z" : 0.15150620000000001
		}
	},
	"candidate_6" : 
	{
		"gripper" : 5,
		"method" : 3,
		"orientation" : 
		{
			"w" : 0.032155639099146559,
			"x" : 0.81554687830504979,
			"y" : -0.57771982940994049,
			"z" : -0.0094394315275300612
		},
		"parent_frame_id" : "6dmimic_base",
		"position" : 
		{
			"x" : -0.083888199999999996,
			"y" : 1.5335620999999999,
			"z" : 0.15141099999999999
		}
	},
	"candidate_7" : 
	{
		"gripper" : 5,
		"method" : 3,
		"orientation" : 
		{
			"w" : 0.03034766646990418,
			"x" : 0.81739229411301295,
			"y" : -0.57517812869219287,
			"z" : -0.010907655047921558
		},
		"parent_frame_id" : "6dmimic_base",
		"position" : 
		{
			"x" : -0.084095100000000006,
			"y" : 1.5334456999999999,
			"z" : 0.15148449999999999
		}
	},
	"candidate_8" : 
	{
		"gripper" : 5,
		"method" : 3,
		"orientation" : 
		{
			"w" : 0.029891392309748254,
			"x" : 0.82162126065655905,
			"y" : -0.5691490950668161,
			"z" : -0.010691879513706048
		},
		"parent_frame_id" : "6dmimic_base",
		"position" : 
		{
			"x" : -0.084516300000000003,
			"y" : 1.5338499999999999,
			"z" : 0.15162149999999999
		}
	},
	"candidate_9" : 
	{
		"gripper" : 5,
		"method" : 3,
		"orientation" : 
		{
			"w" : 0.034463982084044976,
			"x" : 0.82347793109399892,
			"y" : -0.56623355494736738,
			"z" : -0.008711612464089127
		},
		"parent_frame_id" : "6dmimic_base",
		"position" : 
		{
			"x" : -0.085227300000000006,
			"y" : 1.5335572,
			"z" : 0.15145459999999999
		}
	}
}
