{
	"candidate_0" : 
	{
		"gripper" : 5,
		"method" : 3,
		"orientation" : 
		{
			"w" : 0.040744386049575018,
			"x" : 0.8506970847185894,
			"y" : -0.52406560762117094,
			"z" : 0.003099026522845081
		},
		"parent_frame_id" : "6dmimic_base",
		"position" : 
		{
			"x" : -0.1222717,
			"y" : 1.5424122,
			"z" : 0.19409940000000001
		}
	},
	"candidate_1" : 
	{
		"gripper" : 5,
		"method" : 3,
		"orientation" : 
		{
			"w" : 0.034575946636357525,
			"x" : 0.85061584568005866,
			"y" : -0.52464017245156702,
			"z" : 0.0031426807327917163
		},
		"parent_frame_id" : "6dmimic_base",
		"position" : 
		{
			"x" : -0.12119249999999999,
			"y" : 1.5421005000000001,
			"z" : 0.19484750000000001
		}
	},
	"candidate_10" : 
	{
		"gripper" : 5,
		"method" : 3,
		"orientation" : 
		{
			"w" : 0.023499764111454057,
			"x" : 0.97343304167125766,
			"y" : 0.22131536077059139,
			"z" : 0.053808786980681332
		},
		"parent_frame_id" : "6dmimic_base",
		"position" : 
		{
			"x" : -0.1291263,
			"y" : 1.5335540999999999,
			"z" : 0.19511120000000001
		}
	},
	"candidate_11" : 
	{
		"gripper" : 5,
		"method" : 3,
		"orientation" : 
		{
			"w" : 0.032584131851494016,
			"x" : 0.97189067213683733,
			"y" : 0.2308834603251011,
			"z" : 0.032551858828622993
		},
		"parent_frame_id" : "6dmimic_base",
		"position" : 
		{
			"x" : -0.13786599999999999,
			"y" : 1.5296931,
			"z" : 0.19501489999999999
		}
	},
	"candidate_12" : 
	{
		"gripper" : 5,
		"method" : 3,
		"orientation" : 
		{
			"w" : 0.029756893340752641,
			"x" : 0.88911256833673935,
			"y" : 0.45430103395255161,
			"z" : 0.046946125228786932
		},
		"parent_frame_id" : "6dmimic_base",
		"position" : 
		{
			"x" : -0.13200600000000001,
			"y" : 1.5244765,
			"z" : 0.19512209999999999
		}
	},
	"candidate_13" : 
	{
		"gripper" : 5,
		"method" : 3,
		"orientation" : 
		{
			"w" : 0.030725860988387737,
			"x" : 0.88786278216904191,
			"y" : 0.45633867240667453,
			"z" : 0.050106063222771925
		},
		"parent_frame_id" : "6dmimic_base",
		"position" : 
		{
			"x" : -0.12983990000000001,
			"y" : 1.5245348000000001,
			"z" : 0.1951387
		}
	},
	"candidate_14" : 
	{
		"gripper" : 5,
		"method" : 3,
		"orientation" : 
		{
			"w" : 0.027574547275876077,
			"x" : 0.89119648928219486,
			"y" : 0.45141176737739447,
			"z" : 0.035155058054826813
		},
		"parent_frame_id" : "6dmimic_base",
		"position" : 
		{
			"x" : -0.13640160000000001,
			"y" : 1.5229227000000001,
			"z" : 0.19550310000000001
		}
	},
	"candidate_15" : 
	{
		"gripper" : 5,
		"method" : 3,
		"orientation" : 
		{
			"w" : 0.47443372172256898,
			"x" : -0.86230435864435639,
			"y" : -0.17703771101187654,
			"z" : -0.0012188663143410661
		},
		"parent_frame_id" : "6dmimic_base",
		"position" : 
		{
			"x" : -0.22357279999999999,
			"y" : 1.8364486,
			"z" : 0.38183489999999998
		}
	},
	"candidate_16" : 
	{
		"gripper" : 5,
		"method" : 3,
		"orientation" : 
		{
			"w" : 0.47210613807558593,
			"x" : -0.86379123769685351,
			"y" : -0.17599106391664948,
			"z" : -0.0027636010890447343
		},
		"parent_frame_id" : "6dmimic_base",
		"position" : 
		{
			"x" : -0.22049260000000001,
			"y" : 1.8383396999999999,
			"z" : 0.38025969999999998
		}
	},
	"candidate_17" : 
	{
		"gripper" : 5,
		"method" : 3,
		"orientation" : 
		{
			"w" : 0.48045424020149946,
			"x" : -0.86065570504756683,
			"y" : -0.16803519502066191,
			"z" : -0.014129885910493037
		},
		"parent_frame_id" : "6dmimic_base",
		"position" : 
		{
			"x" : -0.21521589999999999,
			"y" : 1.8345354,
			"z" : 0.38567630000000003
		}
	},
	"candidate_2" : 
	{
		"gripper" : 5,
		"method" : 3,
		"orientation" : 
		{
			"w" : 0.044701687878088585,
			"x" : 0.85135000982758968,
			"y" : -0.52266208851919693,
			"z" : 0.0054093522869313009
		},
		"parent_frame_id" : "6dmimic_base",
		"position" : 
		{
			"x" : -0.1185181,
			"y" : 1.5425800000000001,
			"z" : 0.1941455
		}
	},
	"candidate_3" : 
	{
		"gripper" : 5,
		"method" : 3,
		"orientation" : 
		{
			"w" : 0.047780938636585397,
			"x" : 0.97015751436652076,
			"y" : -0.23760677836741098,
			"z" : 0.0073755064260624392
		},
		"parent_frame_id" : "6dmimic_base",
		"position" : 
		{
			"x" : -0.13326679999999999,
			"y" : 1.5444785999999999,
			"z" : 0.1953454
		}
	},
	"candidate_4" : 
	{
		"gripper" : 5,
		"method" : 3,
		"orientation" : 
		{
			"w" : 0.042785716666054824,
			"x" : 0.96845533523184835,
			"y" : -0.24528753637319398,
			"z" : 0.0098828442418673369
		},
		"parent_frame_id" : "6dmimic_base",
		"position" : 
		{
			"x" : -0.1322557,
			"y" : 1.5443028000000001,
			"z" : 0.1955692
		}
	},
	"candidate_5" : 
	{
		"gripper" : 5,
		"method" : 3,
		"orientation" : 
		{
			"w" : 0.038542182358689697,
			"x" : 0.96907322929720385,
			"y" : -0.24369153163306723,
			"z" : 0.0051003773240860268
		},
		"parent_frame_id" : "6dmimic_base",
		"position" : 
		{
			"x" : -0.1327797,
			"y" : 1.5445905,
			"z" : 0.19541259999999999
		}
	},
	"candidate_6" : 
	{
		"gripper" : 5,
		"method" : 3,
		"orientation" : 
		{
			"w" : 0.046906146284766213,
			"x" : 0.99752344983408003,
			"y" : -0.039287600642783541,
			"z" : 0.03468810902256135
		},
		"parent_frame_id" : "6dmimic_base",
		"position" : 
		{
			"x" : -0.13965269999999999,
			"y" : 1.5383216,
			"z" : 0.19435559999999999
		}
	},
	"candidate_7" : 
	{
		"gripper" : 5,
		"method" : 3,
		"orientation" : 
		{
			"w" : 0.043496219755962309,
			"x" : 0.99735826795030136,
			"y" : -0.041826075221347674,
			"z" : 0.040436909497314238
		},
		"parent_frame_id" : "6dmimic_base",
		"position" : 
		{
			"x" : -0.1366666,
			"y" : 1.5385279999999999,
			"z" : 0.19455800000000001
		}
	},
	"candidate_8" : 
	{
		"gripper" : 5,
		"method" : 3,
		"orientation" : 
		{
			"w" : 0.040521713044484195,
			"x" : 0.99773270959784077,
			"y" : -0.03860588538396291,
			"z" : 0.037376685035079175
		},
		"parent_frame_id" : "6dmimic_base",
		"position" : 
		{
			"x" : -0.13785910000000001,
			"y" : 1.538537,
			"z" : 0.1945114
		}
	},
	"candidate_9" : 
	{
		"gripper" : 5,
		"method" : 3,
		"orientation" : 
		{
			"w" : 0.030845530338051094,
			"x" : 0.9722412820079126,
			"y" : 0.22839812942840915,
			"z" : 0.040370004847392046
		},
		"parent_frame_id" : "6dmimic_base",
		"position" : 
		{
			"x" : -0.13759660000000001,
			"y" : 1.5305651,
			"z" : 0.19458
		}
	}
}
