{
	"candidate_0" : 
	{
		"gripper" : 5,
		"method" : 3,
		"orientation" : 
		{
			"w" : 0.66800064077647914,
			"x" : -0.6788133439825017,
			"y" : -0.24752658635753788,
			"z" : 0.1780959769329209
		},
		"parent_frame_id" : "gt01_frame_id",
		"position" : 
		{
			"x" : 0.0041908612112842233,
			"y" : -0.00061385570008054557,
			"z" : 0.045780432774677249
		}
	},
	"candidate_1" : 
	{
		"gripper" : 5,
		"method" : 3,
		"orientation" : 
		{
			"w" : 0.65500428169303804,
			"x" : -0.68999815559591993,
			"y" : -0.24924583542669601,
			"z" : 0.18096532750906907
		},
		"parent_frame_id" : "gt01_frame_id",
		"position" : 
		{
			"x" : 0.0023799265271214273,
			"y" : -0.0015575321048661994,
			"z" : 0.063998425910111956
		}
	},
	"candidate_2" : 
	{
		"gripper" : 5,
		"method" : 3,
		"orientation" : 
		{
			"w" : 0.65600457175254667,
			"x" : -0.68185966639709372,
			"y" : -0.26230325465100096,
			"z" : 0.18953205475616522
		},
		"parent_frame_id" : "gt01_frame_id",
		"position" : 
		{
			"x" : 0.0025781997653612637,
			"y" : -0.0017821087045404305,
			"z" : 0.085835468153370897
		}
	},
	"candidate_3" : 
	{
		"gripper" : 5,
		"method" : 3,
		"orientation" : 
		{
			"w" : 0.6558777679014447,
			"x" : -0.69264498868292435,
			"y" : -0.2503569533435816,
			"z" : 0.16549522391165722
		},
		"parent_frame_id" : "gt01_frame_id",
		"position" : 
		{
			"x" : 0.0019989175621130603,
			"y" : -0.0016284385636018417,
			"z" : 0.10638769972239487
		}
	},
	"candidate_4" : 
	{
		"gripper" : 5,
		"method" : 3,
		"orientation" : 
		{
			"w" : 0.65386161480494787,
			"x" : -0.69557677362796111,
			"y" : -0.24342993410764055,
			"z" : 0.17140539038878461
		},
		"parent_frame_id" : "gt01_frame_id",
		"position" : 
		{
			"x" : 0.0013801591419714404,
			"y" : -0.0017164575437260687,
			"z" : 0.13131396407902557
		}
	},
	"candidate_5" : 
	{
		"gripper" : 5,
		"method" : 3,
		"orientation" : 
		{
			"w" : 0.64020650674306512,
			"x" : -0.70848994874632265,
			"y" : -0.25280305083634047,
			"z" : 0.15578266507257316
		},
		"parent_frame_id" : "gt01_frame_id",
		"position" : 
		{
			"x" : 0.00079982614249425599,
			"y" : -0.00090262370483373822,
			"z" : 0.14429793252909479
		}
	}
}
