{
	"object_pose_0" : 
	{
		"orientation" : 
		{
			"w" : 0.56097602969155003,
			"x" : -0.45169729193545283,
			"y" : 0.69179808357428207,
			"z" : 0.051877510313991244
		},
		"parent_frame_id" : "camera_link",
		"position" : 
		{
			"x" : 0.0058932455518444504,
			"y" : 0.026507590597552352,
			"z" : 0.5575124319492647
		}
	}
}
