{
	"candidate_0" : 
	{
		"gripper" : 5,
		"method" : 3,
		"orientation" : 
		{
			"w" : 0.30157358419182778,
			"x" : 0.73780686020479802,
			"y" : -0.49440653586638894,
			"z" : 0.34678031611530269
		},
		"parent_frame_id" : "6dmimic_base",
		"position" : 
		{
			"x" : -0.014017099999999999,
			"y" : 1.562025,
			"z" : 0.065422599999999997
		}
	},
	"candidate_1" : 
	{
		"gripper" : 5,
		"method" : 3,
		"orientation" : 
		{
			"w" : 0.30909182255302203,
			"x" : 0.73151713735032342,
			"y" : -0.50544790892757985,
			"z" : 0.33744234226661052
		},
		"parent_frame_id" : "6dmimic_base",
		"position" : 
		{
			"x" : 0.0029575999999999999,
			"y" : 1.5686876999999999,
			"z" : 0.063542899999999999
		}
	},
	"candidate_2" : 
	{
		"gripper" : 5,
		"method" : 3,
		"orientation" : 
		{
			"w" : 0.29876917485828386,
			"x" : 0.74132197343938122,
			"y" : -0.5041609273588421,
			"z" : 0.32710926488730641
		},
		"parent_frame_id" : "6dmimic_base",
		"position" : 
		{
			"x" : 0.023605000000000001,
			"y" : 1.5758023999999999,
			"z" : 0.063652799999999995
		}
	},
	"candidate_3" : 
	{
		"gripper" : 5,
		"method" : 3,
		"orientation" : 
		{
			"w" : 0.32173683747397869,
			"x" : 0.73148693447828572,
			"y" : -0.49623970546003121,
			"z" : 0.33935000637209978
		},
		"parent_frame_id" : "6dmimic_base",
		"position" : 
		{
			"x" : 0.043148400000000003,
			"y" : 1.5821559000000001,
			"z" : 0.062988000000000002
		}
	},
	"candidate_4" : 
	{
		"gripper" : 5,
		"method" : 3,
		"orientation" : 
		{
			"w" : 0.31913612029673188,
			"x" : 0.72624860942415292,
			"y" : -0.50343903673454848,
			"z" : 0.34243865191187739
		},
		"parent_frame_id" : "6dmimic_base",
		"position" : 
		{
			"x" : 0.066764900000000002,
			"y" : 1.5901215,
			"z" : 0.062267299999999998
		}
	},
	"candidate_5" : 
	{
		"gripper" : 5,
		"method" : 3,
		"orientation" : 
		{
			"w" : 0.34166450500545598,
			"x" : 0.72296951880732774,
			"y" : -0.50193442050618442,
			"z" : 0.32960928143181711
		},
		"parent_frame_id" : "6dmimic_base",
		"position" : 
		{
			"x" : 0.079336799999999999,
			"y" : 1.5934564,
			"z" : 0.061628299999999997
		}
	}
}
