{
	"candidate_0" : 
	{
		"gripper" : 5,
		"method" : 3,
		"orientation" : 
		{
			"w" : 0.60689060325772315,
			"x" : -0.71733294534807635,
			"y" : -0.25481777027300628,
			"z" : 0.22844068190413014
		},
		"parent_frame_id" : "gt01_frame_id",
		"position" : 
		{
			"x" : -0.03535400978779113,
			"y" : -0.044877016456751351,
			"z" : 0.036625619285506367
		}
	},
	"candidate_1" : 
	{
		"gripper" : 5,
		"method" : 3,
		"orientation" : 
		{
			"w" : 0.59735701505311056,
			"x" : -0.70685550739026004,
			"y" : -0.28433877508961103,
			"z" : 0.25034246387585829
		},
		"parent_frame_id" : "gt01_frame_id",
		"position" : 
		{
			"x" : -0.03183934099853182,
			"y" : -0.048718091954369935,
			"z" : 0.058523895265898046
		}
	},
	"candidate_2" : 
	{
		"gripper" : 5,
		"method" : 3,
		"orientation" : 
		{
			"w" : 0.59265871643060475,
			"x" : -0.70202764164118137,
			"y" : -0.2853808379346689,
			"z" : 0.27289304415879645
		},
		"parent_frame_id" : "gt01_frame_id",
		"position" : 
		{
			"x" : -0.03130988487308678,
			"y" : -0.050214555857515109,
			"z" : 0.074966255343083224
		}
	},
	"candidate_3" : 
	{
		"gripper" : 5,
		"method" : 3,
		"orientation" : 
		{
			"w" : 0.57534501892124679,
			"x" : -0.67951391481916223,
			"y" : -0.32907697030897204,
			"z" : 0.31455889175465113
		},
		"parent_frame_id" : "gt01_frame_id",
		"position" : 
		{
			"x" : -0.024485515199998392,
			"y" : -0.054094148663050845,
			"z" : 0.095746761250261395
		}
	},
	"candidate_4" : 
	{
		"gripper" : 5,
		"method" : 3,
		"orientation" : 
		{
			"w" : 0.57408469981587684,
			"x" : -0.68755460540705149,
			"y" : -0.31354127468459125,
			"z" : 0.31525749965707395
		},
		"parent_frame_id" : "gt01_frame_id",
		"position" : 
		{
			"x" : -0.025539609574726292,
			"y" : -0.052270880795922015,
			"z" : 0.11770885860351668
		}
	},
	"candidate_5" : 
	{
		"gripper" : 5,
		"method" : 3,
		"orientation" : 
		{
			"w" : 0.58961638950734907,
			"x" : -0.69222721160134604,
			"y" : -0.29897983427829478,
			"z" : 0.28945648971454546
		},
		"parent_frame_id" : "gt01_frame_id",
		"position" : 
		{
			"x" : -0.028859211731402774,
			"y" : -0.049856643718005911,
			"z" : 0.13861210095639112
		}
	}
}
