{
	"object_pose_0" : 
	{
		"orientation" : 
		{
			"w" : 0.47295257718106742,
			"x" : -0.54768237111531526,
			"y" : 0.66539383310406364,
			"z" : 0.18333646922881458
		},
		"parent_frame_id" : "camera_link",
		"position" : 
		{
			"x" : 0.0089377694070833652,
			"y" : 0.0092911763142408121,
			"z" : 0.56761888597912302
		}
	}
}
