{
	"candidate_0" : 
	{
		"gripper" : 5,
		"method" : 3,
		"orientation" : 
		{
			"w" : 0.01081503143965825,
			"x" : 0.68966115294835051,
			"y" : 0.72314690660708392,
			"z" : 0.036181219900890814
		},
		"parent_frame_id" : "angular_groundtruth_frame_id",
		"position" : 
		{
			"x" : 0.0025922655806472207,
			"y" : 0.00017447159676993581,
			"z" : 0.09447445037659917
		}
	},
	"candidate_1" : 
	{
		"gripper" : 5,
		"method" : 3,
		"orientation" : 
		{
			"w" : 0.01241602152443909,
			"x" : 0.68836688720709205,
			"y" : 0.72436861900383476,
			"z" : 0.03587443112859727
		},
		"parent_frame_id" : "angular_groundtruth_frame_id",
		"position" : 
		{
			"x" : 0.0029399952842906851,
			"y" : -0.0027195762545466646,
			"z" : 0.094764514479347459
		}
	},
	"candidate_10" : 
	{
		"gripper" : 5,
		"method" : 3,
		"orientation" : 
		{
			"w" : 0.017901288607387583,
			"x" : 0.041004930662109272,
			"y" : -0.99753484277102256,
			"z" : -0.054059013914257388
		},
		"parent_frame_id" : "angular_groundtruth_frame_id",
		"position" : 
		{
			"x" : 0.021648835164998517,
			"y" : 0.0031932828185794451,
			"z" : 0.095144709708504555
		}
	},
	"candidate_11" : 
	{
		"gripper" : 5,
		"method" : 3,
		"orientation" : 
		{
			"w" : 0.023367334152620572,
			"x" : 0.043196787080340845,
			"y" : -0.99752329245820803,
			"z" : -0.050351626427275781
		},
		"parent_frame_id" : "angular_groundtruth_frame_id",
		"position" : 
		{
			"x" : 0.020721600065834851,
			"y" : 0.0029317134720009187,
			"z" : 0.095109156246339352
		}
	},
	"candidate_12" : 
	{
		"gripper" : 5,
		"method" : 3,
		"orientation" : 
		{
			"w" : 0.025735099374942644,
			"x" : 0.042618070871879916,
			"y" : -0.99747348374250566,
			"z" : -0.050675969905968836
		},
		"parent_frame_id" : "angular_groundtruth_frame_id",
		"position" : 
		{
			"x" : 0.018841731456351728,
			"y" : 0.004008191865893948,
			"z" : 0.095243259725433779
		}
	},
	"candidate_13" : 
	{
		"gripper" : 5,
		"method" : 3,
		"orientation" : 
		{
			"w" : 0.038855869061293569,
			"x" : 0.28128221124793823,
			"y" : -0.9577110465372709,
			"z" : -0.046476772859646881
		},
		"parent_frame_id" : "angular_groundtruth_frame_id",
		"position" : 
		{
			"x" : 0.015771884555300531,
			"y" : 0.0099930866711552026,
			"z" : 0.094978670437264531
		}
	},
	"candidate_14" : 
	{
		"gripper" : 5,
		"method" : 3,
		"orientation" : 
		{
			"w" : 0.033545315036189391,
			"x" : 0.27881200296176589,
			"y" : -0.95811806851998049,
			"z" : -0.056110120469600983
		},
		"parent_frame_id" : "angular_groundtruth_frame_id",
		"position" : 
		{
			"x" : 0.015199308319697997,
			"y" : 0.010468451569363539,
			"z" : 0.095568986164297848
		}
	},
	"candidate_15" : 
	{
		"gripper" : 5,
		"method" : 3,
		"orientation" : 
		{
			"w" : 0.04442906207243015,
			"x" : 0.27946523744588819,
			"y" : -0.95751937151815436,
			"z" : -0.055514796857740169
		},
		"parent_frame_id" : "angular_groundtruth_frame_id",
		"position" : 
		{
			"x" : 0.013436534844899295,
			"y" : 0.01092450658556581,
			"z" : 0.095492987772383423
		}
	},
	"candidate_16" : 
	{
		"gripper" : 5,
		"method" : 3,
		"orientation" : 
		{
			"w" : -0.00074852879986743101,
			"x" : 0.68675209890333855,
			"y" : 0.72544535543860267,
			"z" : 0.045826091138719549
		},
		"parent_frame_id" : "angular_groundtruth_frame_id",
		"position" : 
		{
			"x" : 0.0019059332471464733,
			"y" : -0.0020756163112417222,
			"z" : 0.094650341637621691
		}
	},
	"candidate_17" : 
	{
		"gripper" : 5,
		"method" : 3,
		"orientation" : 
		{
			"w" : -0.0059969799097663867,
			"x" : 0.68408749231911647,
			"y" : 0.7273287465689543,
			"z" : 0.054600673063054911
		},
		"parent_frame_id" : "angular_groundtruth_frame_id",
		"position" : 
		{
			"x" : -0.0013995892383099873,
			"y" : -0.0015533931685502507,
			"z" : 0.094671684671796916
		}
	},
	"candidate_18" : 
	{
		"gripper" : 5,
		"method" : 3,
		"orientation" : 
		{
			"w" : 0.016067839960025098,
			"x" : 0.67649103456508031,
			"y" : 0.7343315766805758,
			"z" : 0.053468122857513678
		},
		"parent_frame_id" : "angular_groundtruth_frame_id",
		"position" : 
		{
			"x" : 0.0034613730165451054,
			"y" : -0.0032761809918198845,
			"z" : 0.094816763154673883
		}
	},
	"candidate_19" : 
	{
		"gripper" : 5,
		"method" : 3,
		"orientation" : 
		{
			"w" : -0.01218629180354816,
			"x" : 0.46455326816541354,
			"y" : 0.88249262265745831,
			"z" : 0.072446713411120814
		},
		"parent_frame_id" : "angular_groundtruth_frame_id",
		"position" : 
		{
			"x" : 0.0079150419340257277,
			"y" : -0.0054076081708527689,
			"z" : 0.094708291032535877
		}
	},
	"candidate_2" : 
	{
		"gripper" : 5,
		"method" : 3,
		"orientation" : 
		{
			"w" : 0.015454241753406582,
			"x" : 0.68821137374227925,
			"y" : 0.72445598374451281,
			"z" : 0.035913772850570312
		},
		"parent_frame_id" : "angular_groundtruth_frame_id",
		"position" : 
		{
			"x" : 0.0040287387090802238,
			"y" : -0.0018881385585054204,
			"z" : 0.094767724112645876
		}
	},
	"candidate_20" : 
	{
		"gripper" : 5,
		"method" : 3,
		"orientation" : 
		{
			"w" : -0.0075758378971531558,
			"x" : 0.46514023712475583,
			"y" : 0.88247171811142833,
			"z" : 0.069504195708933
		},
		"parent_frame_id" : "angular_groundtruth_frame_id",
		"position" : 
		{
			"x" : 0.0089930905129654501,
			"y" : -0.0060606801973748332,
			"z" : 0.094688198432835449
		}
	},
	"candidate_21" : 
	{
		"gripper" : 5,
		"method" : 3,
		"orientation" : 
		{
			"w" : -0.0022039710893223784,
			"x" : 0.46922065945834124,
			"y" : 0.88091673297185802,
			"z" : 0.06174807542834853
		},
		"parent_frame_id" : "angular_groundtruth_frame_id",
		"position" : 
		{
			"x" : 0.008594960154517696,
			"y" : -0.0058942991210561187,
			"z" : 0.095008604319507126
		}
	},
	"candidate_22" : 
	{
		"gripper" : 5,
		"method" : 3,
		"orientation" : 
		{
			"w" : -0.034011233953437275,
			"x" : 0.24179453153337715,
			"y" : 0.96741501213707115,
			"z" : 0.066983839673086493
		},
		"parent_frame_id" : "angular_groundtruth_frame_id",
		"position" : 
		{
			"x" : 0.014468296632098568,
			"y" : -0.0031460525294488531,
			"z" : 0.094556639609828921
		}
	},
	"candidate_23" : 
	{
		"gripper" : 5,
		"method" : 3,
		"orientation" : 
		{
			"w" : -0.031555809239027219,
			"x" : 0.23905578283742906,
			"y" : 0.96825463738988315,
			"z" : 0.065875039037862793
		},
		"parent_frame_id" : "angular_groundtruth_frame_id",
		"position" : 
		{
			"x" : 0.013716858745852128,
			"y" : -0.0027706447715996926,
			"z" : 0.09463528241991008
		}
	},
	"candidate_24" : 
	{
		"gripper" : 5,
		"method" : 3,
		"orientation" : 
		{
			"w" : -0.033583468159139221,
			"x" : 0.24296037081119223,
			"y" : 0.96805927778135881,
			"z" : 0.051996572801733691
		},
		"parent_frame_id" : "angular_groundtruth_frame_id",
		"position" : 
		{
			"x" : 0.012640847282800167,
			"y" : -0.0026296524878300967,
			"z" : 0.094855819132460328
		}
	},
	"candidate_25" : 
	{
		"gripper" : 5,
		"method" : 3,
		"orientation" : 
		{
			"w" : 0.048259082525134812,
			"x" : 0.03130828022490692,
			"y" : -0.99688202527021064,
			"z" : -0.054010001262304409
		},
		"parent_frame_id" : "angular_groundtruth_frame_id",
		"position" : 
		{
			"x" : 0.015756160849612785,
			"y" : 0.0019651025866539566,
			"z" : 0.095029396395411414
		}
	},
	"candidate_26" : 
	{
		"gripper" : 5,
		"method" : 3,
		"orientation" : 
		{
			"w" : 0.031352001691205895,
			"x" : 0.038391102622654404,
			"y" : -0.9971104134873976,
			"z" : -0.057567339215583414
		},
		"parent_frame_id" : "angular_groundtruth_frame_id",
		"position" : 
		{
			"x" : 0.021083278482437101,
			"y" : 0.0025051477791637597,
			"z" : 0.095061602793508379
		}
	},
	"candidate_27" : 
	{
		"gripper" : 5,
		"method" : 3,
		"orientation" : 
		{
			"w" : 0.032526269037269753,
			"x" : 0.04129559476966993,
			"y" : -0.99719283703778527,
			"z" : -0.053321303769387991
		},
		"parent_frame_id" : "angular_groundtruth_frame_id",
		"position" : 
		{
			"x" : 0.020548331778707948,
			"y" : 0.001750164993176023,
			"z" : 0.094969864656185399
		}
	},