{
	"object_pose_0" : 
	{
		"orientation" : 
		{
			"w" : -0.086547876288467745,
			"x" : -0.32647463630795021,
			"y" : 0.89879045280611858,
			"z" : -0.27946325578851927
		},
		"parent_frame_id" : "camera_link",
		"position" : 
		{
			"x" : -0.032872060013237045,
			"y" : -0.046102787111978932,
			"z" : 0.54943689892701741
		}
	}
}
