{
	"candidate_0" : 
	{
		"gripper" : 5,
		"method" : 3,
		"orientation" : 
		{
			"w" : 0.032234469869876103,
			"x" : 0.8422947625215369,
			"y" : -0.53790159179721453,
			"z" : -0.012741645224175292
		},
		"parent_frame_id" : "6dmimic_base",
		"position" : 
		{
			"x" : -0.12527269999999999,
			"y" : 1.5392309,
			"z" : 0.19408529999999999
		}
	},
	"candidate_1" : 
	{
		"gripper" : 5,
		"method" : 3,
		"orientation" : 
		{
			"w" : 0.032224386160171654,
			"x" : 0.84323777450349335,
			"y" : -0.53638174433770802,
			"z" : -0.01436206559773595
		},
		"parent_frame_id" : "6dmimic_base",
		"position" : 
		{
			"x" : -0.1266873,
			"y" : 1.5417867999999999,
			"z" : 0.1944381
		}
	},
	"candidate_10" : 
	{
		"gripper" : 5,
		"method" : 3,
		"orientation" : 
		{
			"w" : 0.039390875143733677,
			"x" : 0.97169195226299265,
			"y" : 0.23154608126421924,
			"z" : 0.025485704108938814
		},
		"parent_frame_id" : "6dmimic_base",
		"position" : 
		{
			"x" : -0.14183129999999999,
			"y" : 1.5292129999999999,
			"z" : 0.19472790000000001
		}
	},
	"candidate_11" : 
	{
		"gripper" : 5,
		"method" : 3,
		"orientation" : 
		{
			"w" : 0.034697960726943776,
			"x" : 0.97123833365823742,
			"y" : 0.23362888894705597,
			"z" : 0.03016111741175935
		},
		"parent_frame_id" : "6dmimic_base",
		"position" : 
		{
			"x" : -0.141069,
			"y" : 1.5298072,
			"z" : 0.19469610000000001
		}
	},
	"candidate_12" : 
	{
		"gripper" : 5,
		"method" : 3,
		"orientation" : 
		{
			"w" : 0.034564321160474087,
			"x" : 0.97131055213015072,
			"y" : 0.23302829018669705,
			"z" : 0.032541281413027631
		},
		"parent_frame_id" : "6dmimic_base",
		"position" : 
		{
			"x" : -0.13891400000000001,
			"y" : 1.5295129999999999,
			"z" : 0.1948047
		}
	},
	"candidate_13" : 
	{
		"gripper" : 5,
		"method" : 3,
		"orientation" : 
		{
			"w" : 0.027643837942570304,
			"x" : 0.88650710937601684,
			"y" : 0.45947608897070569,
			"z" : 0.047145380619612126
		},
		"parent_frame_id" : "6dmimic_base",
		"position" : 
		{
			"x" : -0.13380120000000001,
			"y" : 1.5251087999999999,
			"z" : 0.19440750000000001
		}
	},
	"candidate_14" : 
	{
		"gripper" : 5,
		"method" : 3,
		"orientation" : 
		{
			"w" : 0.038119351949732802,
			"x" : 0.88746270046804587,
			"y" : 0.45721149266692951,
			"z" : 0.043755242636446305
		},
		"parent_frame_id" : "6dmimic_base",
		"position" : 
		{
			"x" : -0.1330838,
			"y" : 1.5248716,
			"z" : 0.194989
		}
	},
	"candidate_15" : 
	{
		"gripper" : 5,
		"method" : 3,
		"orientation" : 
		{
			"w" : 0.035451733139995695,
			"x" : 0.88677511988534363,
			"y" : 0.45762568220570854,
			"z" : 0.054330436731770765
		},
		"parent_frame_id" : "6dmimic_base",
		"position" : 
		{
			"x" : -0.13127420000000001,
			"y" : 1.5251144000000001,
			"z" : 0.19489999999999999
		}
	},
	"candidate_16" : 
	{
		"gripper" : 5,
		"method" : 3,
		"orientation" : 
		{
			"w" : 0.039450193786651162,
			"x" : 0.84412342321245648,
			"y" : -0.53469533272786041,
			"z" : 0.0004793259041481826
		},
		"parent_frame_id" : "6dmimic_base",
		"position" : 
		{
			"x" : -0.12548409999999999,
			"y" : 1.5415802999999999,
			"z" : 0.19430810000000001
		}
	},
	"candidate_17" : 
	{
		"gripper" : 5,
		"method" : 3,
		"orientation" : 
		{
			"w" : 0.047027878445844773,
			"x" : 0.84556466470086111,
			"y" : -0.53174710067199737,
			"z" : 0.0073346700762945381
		},
		"parent_frame_id" : "6dmimic_base",
		"position" : 
		{
			"x" : -0.12221509999999999,
			"y" : 1.5423423000000001,
			"z" : 0.1943127
		}
	},
	"candidate_18" : 
	{
		"gripper" : 5,
		"method" : 3,
		"orientation" : 
		{
			"w" : 0.050055764137686538,
			"x" : 0.85090515426590629,
			"y" : -0.52272859082310763,
			"z" : -0.014479615201880121
		},
		"parent_frame_id" : "6dmimic_base",
		"position" : 
		{
			"x" : -0.12738169999999999,
			"y" : 1.5421068,
			"z" : 0.19450319999999999
		}
	},
	"candidate_19" : 
	{
		"gripper" : 5,
		"method" : 3,
		"orientation" : 
		{
			"w" : 0.061150988504841748,
			"x" : 0.95593006645664147,
			"y" : -0.28655174896867119,
			"z" : 0.018610744533125053
		},
		"parent_frame_id" : "6dmimic_base",
		"position" : 
		{
			"x" : -0.13232679999999999,
			"y" : 1.5424100999999999,
			"z" : 0.19444710000000001
		}
	},
	"candidate_2" : 
	{
		"gripper" : 5,
		"method" : 3,
		"orientation" : 
		{
			"w" : 0.032844379845433869,
			"x" : 0.84328533602058287,
			"y" : -0.53618149239103707,
			"z" : -0.017334819945458043
		},
		"parent_frame_id" : "6dmimic_base",
		"position" : 
		{
			"x" : -0.12738450000000001,
			"y" : 1.540602,
			"z" : 0.19442570000000001
		}
	},
	"candidate_20" : 
	{
		"gripper" : 5,
		"method" : 3,
		"orientation" : 
		{
			"w" : 0.059149468411956188,
			"x" : 0.95597907089665524,
			"y" : -0.28709349939320383,
			"z" : 0.013515879561291055
		},
		"parent_frame_id" : "6dmimic_base",
		"position" : 
		{
			"x" : -0.13357559999999999,
			"y" : 1.542611,
			"z" : 0.19444259999999999
		}
	},
	"candidate_21" : 
	{
		"gripper" : 5,
		"method" : 3,
		"orientation" : 
		{
			"w" : 0.052595642300071258,
			"x" : 0.95514164374318866,
			"y" : -0.29136401110647092,
			"z" : 0.0067195111839272199
		},
		"parent_frame_id" : "6dmimic_base",
		"position" : 
		{
			"x" : -0.1331397,
			"y" : 1.5426005,
			"z" : 0.19475999999999999
		}
	},
	"candidate_22" : 
	{
		"gripper" : 5,
		"method" : 3,
		"orientation" : 
		{
			"w" : 0.050102967546554696,
			"x" : 0.99655232118355752,
			"y" : -0.05188997667466231,
			"z" : 0.040995049791353828
		},
		"parent_frame_id" : "6dmimic_base",
		"position" : 
		{
			"x" : -0.13756209999999999,
			"y" : 1.5378339999999999,
			"z" : 0.19425870000000001
		}
	},
	"candidate_23" : 
	{
		"gripper" : 5,
		"method" : 3,
		"orientation" : 
		{
			"w" : 0.049469438373799406,
			"x" : 0.99683271366086512,
			"y" : -0.049019459417800171,
			"z" : 0.038398023918989374
		},
		"parent_frame_id" : "6dmimic_base",
		"position" : 
		{
			"x" : -0.13672119999999999,
			"y" : 1.5377670000000001,
			"z" : 0.19432840000000001
		}
	},
	"candidate_24" : 
	{
		"gripper" : 5,
		"method" : 3,
		"orientation" : 
		{
			"w" : 0.035473656987031643,
			"x" : 0.9972550786010691,
			"y" : -0.05294922097030965,
			"z" : 0.037686972059046267
		},
		"parent_frame_id" : "6dmimic_base",
		"position" : 
		{
			"x" : -0.13566600000000001,
			"y" : 1.538038,
			"z" : 0.19454489999999999
		}
	},
	"candidate_25" : 
	{
		"gripper" : 5,
		"method" : 3,
		"orientation" : 
		{
			"w" : 0.033554554821134112,
			"x" : 0.97299788747561278,
			"y" : 0.22159696559082126,
			"z" : 0.055172345062457613
		},
		"parent_frame_id" : "6dmimic_base",
		"position" : 
		{
			"x" : -0.13682159999999999,
			"y" : 1.5325831999999999,
			"z" : 0.19462769999999999
		}
	},
	"candidate_26" : 
	{
		"gripper" : 5,
		"method" : 3,
		"orientation" : 
		{
			"w" : 0.04026585515083126,
			"x" : 0.9718509627192663,
			"y" : 0.22877333000988423,
			"z" : 0.039333581667526894
		},
		"parent_frame_id" : "6dmimic_base",
		"position" : 
		{
			"x" : -0.14156679999999999,
			"y" : 1.5300684,
			"z" : 0.194658
		}
	},
	"candidate_27" : 
	{
		"gripper" : 5,
		"method" : 3,
		"orientation" : 
		{
			"w" : 0.035864400873072133,
			"x" : 0.9713351241978917,
			"y" : 0.2316153530877979,
			"z" : 0.039700748903470945
		},
		"parent_frame_id" : "6dmimic_base",
		"position" : 
		{
			"x" : -0.14135610000000001,
			"y" : 1.5309746,
			"z" : 0.1945809
		}
	},
	"candidate_28" : 
	{
		"gripper" : 5,
		"method" : 3,
		"orientation" : 
		{
			"w" : 0.034243605740115056,
			"x" : 0.88355651497445586,
			"y" : 0.46458935976855892,
			"z" : 0.048083126998461498
		},
		"parent_frame_id" : "6dmimic_base",
		"position" : 
		{
			"x" : -0.13198879999999999,
			"y" : 1.5244829,
			"z" : 0.1950691
		}
	},
	"candidate_29" : 
	{
		"gripper" : 5,
		"method" : 3,
		"orientation" : 
		{
			"w" : 0.021747673564471152,
			"x" : 0.88752963465932322,
			"y" : 0.45879166511932901,
			"z" : 0.03644714410012094
		},
		"parent_frame_id" : "6dmimic_base",
		"position" : 
		{
			"x" : -0.13189699999999999,