{
	"candidate_0" : 
	{
		"gripper" : 5,
		"method" : 3,
		"orientation" : 
		{
			"w" : 0.035812619563044774,
			"x" : 0.99801653556288838,
			"y" : 0.032419764615106171,
			"z" : 0.040365949578622384
		},
		"parent_frame_id" : "linear_groundtruth_frame_id",
		"position" : 
		{
			"x" : 0.01434324066777783,
			"y" : 0.18163611338999386,
			"z" : 0.010327561438364174
		}
	},
	"candidate_1" : 
	{
		"gripper" : 5,
		"method" : 3,
		"orientation" : 
		{
			"w" : 0.03600694082538685,
			"x" : 0.99788922353862375,
			"y" : 0.042189282757903283,
			"z" : 0.033773690622334492
		},
		"parent_frame_id" : "linear_groundtruth_frame_id",
		"position" : 
		{
			"x" : 0.0044831690520577439,
			"y" : 0.17403008020580446,
			"z" : 0.025707366652279628
		}
	},
	"candidate_10" : 
	{
		"gripper" : 5,
		"method" : 3,
		"orientation" : 
		{
			"w" : 0.055490033054871692,
			"x" : 0.99762774328333303,
			"y" : 0.021490291270446302,
			"z" : 0.03461082842239617
		},
		"parent_frame_id" : "linear_groundtruth_frame_id",
		"position" : 
		{
			"x" : 0.0053933756622813224,
			"y" : 0.077576142675873205,
			"z" : 0.025251450877799297
		}
	},
	"candidate_2" : 
	{
		"gripper" : 5,
		"method" : 3,
		"orientation" : 
		{
			"w" : 0.030401561750296579,
			"x" : 0.99845928284173791,
			"y" : 0.030003964582481231,
			"z" : 0.035419876618060044
		},
		"parent_frame_id" : "linear_groundtruth_frame_id",
		"position" : 
		{
			"x" : 0.0056232677504594528,
			"y" : 0.1588735089870191,
			"z" : 0.025230815055746626
		}
	},
	"candidate_3" : 
	{
		"gripper" : 5,
		"method" : 3,
		"orientation" : 
		{
			"w" : 0.026217565556842386,
			"x" : 0.9981838844200851,
			"y" : 0.040540344870238311,
			"z" : 0.0360284967505611
		},
		"parent_frame_id" : "linear_groundtruth_frame_id",
		"position" : 
		{
			"x" : 0.0045198827879206144,
			"y" : 0.15463435295158764,
			"z" : 0.025802039353996345
		}
	},
	"candidate_4" : 
	{
		"gripper" : 5,
		"method" : 3,
		"orientation" : 
		{
			"w" : 0.032311473323774702,
			"x" : 0.99814372921093775,
			"y" : 0.032924370885741308,
			"z" : 0.039762423597001204
		},
		"parent_frame_id" : "linear_groundtruth_frame_id",
		"position" : 
		{
			"x" : 0.0052433804236100574,
			"y" : 0.1421900842658067,
			"z" : 0.025455129329779592
		}
	},
	"candidate_5" : 
	{
		"gripper" : 5,
		"method" : 3,
		"orientation" : 
		{
			"w" : 0.0353321150714671,
			"x" : 0.99740539138742002,
			"y" : 0.038600100072923388,
			"z" : 0.049438437983461252
		},
		"parent_frame_id" : "linear_groundtruth_frame_id",
		"position" : 
		{
			"x" : 0.0056815410525528692,
			"y" : 0.13060538902259358,
			"z" : 0.025409029763241935
		}
	},
	"candidate_6" : 
	{
		"gripper" : 5,
		"method" : 3,
		"orientation" : 
		{
			"w" : 0.030306465666245858,
			"x" : 0.9982534192821233,
			"y" : 0.031641661234668016,
			"z" : 0.039628705564027165
		},
		"parent_frame_id" : "linear_groundtruth_frame_id",
		"position" : 
		{
			"x" : 0.0049415374312356403,
			"y" : 0.12163280528895533,
			"z" : 0.025505927833266127
		}
	},
	"candidate_7" : 
	{
		"gripper" : 5,
		"method" : 3,
		"orientation" : 
		{
			"w" : 0.014929427219769264,
			"x" : 0.99851787740731213,
			"y" : 0.037943130675753084,
			"z" : 0.036048294486815687
		},
		"parent_frame_id" : "linear_groundtruth_frame_id",
		"position" : 
		{
			"x" : 0.0052062988575748573,
			"y" : 0.11180617363094375,
			"z" : 0.025832233468340293
		}
	},
	"candidate_8" : 
	{
		"gripper" : 5,
		"method" : 3,
		"orientation" : 
		{
			"w" : 0.01799106140039693,
			"x" : 0.99835156622932797,
			"y" : 0.041654834800421009,
			"z" : 0.035147498558002629
		},
		"parent_frame_id" : "linear_groundtruth_frame_id",
		"position" : 
		{
			"x" : 0.0052696017906402725,
			"y" : 0.1044639130493069,
			"z" : 0.025709448552843614
		}
	},
	"candidate_9" : 
	{
		"gripper" : 5,
		"method" : 3,
		"orientation" : 
		{
			"w" : 0.013987237178375547,
			"x" : 0.99837197800900779,
			"y" : 0.045608041621846118,
			"z" : 0.031267511284353261
		},
		"parent_frame_id" : "linear_groundtruth_frame_id",
		"position" : 
		{
			"x" : 0.0047900128695034482,
			"y" : 0.093673030276970506,
			"z" : 0.02579199528960547
		}
	}
}
