{
	"object_pose_0" : 
	{
		"orientation" : 
		{
			"w" : 0.11075994261518957,
			"x" : 0.30777841345249712,
			"y" : 0.90551983509504452,
			"z" : -0.27025683797062772
		},
		"parent_frame_id" : "camera_link",
		"position" : 
		{
			"x" : -0.0031348795555674012,
			"y" : -0.01021391013126155,
			"z" : 0.58079167868697557
		}
	}
}
