{
	"candidate_0" : 
	{
		"gripper" : 5,
		"method" : 3,
		"orientation" : 
		{
			"w" : 0.052704173662151688,
			"x" : 0.78422950286756576,
			"y" : -0.61822574891535131,
			"z" : -0.0018111567390061388
		},
		"parent_frame_id" : "6dmimic_base",
		"position" : 
		{
			"x" : 0.078263299999999994,
			"y" : 1.5783864000000001,
			"z" : 0.062184400000000001
		}
	},
	"candidate_1" : 
	{
		"gripper" : 5,
		"method" : 3,
		"orientation" : 
		{
			"w" : 0.048509374409932061,
			"x" : 0.79036646098284302,
			"y" : -0.61067102815018681,
			"z" : -0.0069708913208345394
		},
		"parent_frame_id" : "6dmimic_base",
		"position" : 
		{
			"x" : 0.069283600000000001,
			"y" : 1.5866415,
			"z" : 0.077863000000000002
		}
	},
	"candidate_10" : 
	{
		"gripper" : 5,
		"method" : 3,
		"orientation" : 
		{
			"w" : 0.064141810862525073,
			"x" : 0.7768391662868126,
			"y" : -0.62613872377829183,
			"z" : -0.018895407044511627
		},
		"parent_frame_id" : "6dmimic_base",
		"position" : 
		{
			"x" : -0.0260612,
			"y" : 1.5693789,
			"z" : 0.078535900000000006
		}
	},
	"candidate_2" : 
	{
		"gripper" : 5,
		"method" : 3,
		"orientation" : 
		{
			"w" : 0.045402452403857249,
			"x" : 0.78296107064268716,
			"y" : -0.62040803516364718,
			"z" : -0.0021092838015197603
		},
		"parent_frame_id" : "6dmimic_base",
		"position" : 
		{
			"x" : 0.0544643,
			"y" : 1.5829485999999999,
			"z" : 0.077547099999999994
		}
	},
	"candidate_3" : 
	{
		"gripper" : 5,
		"method" : 3,
		"orientation" : 
		{
			"w" : 0.042495089932153209,
			"x" : 0.78954672260573555,
			"y" : -0.61221647891419939,
			"z" : 0.0010597641716665121
		},
		"parent_frame_id" : "6dmimic_base",
		"position" : 
		{
			"x" : 0.050088800000000003,
			"y" : 1.5833124000000001,
			"z" : 0.078187599999999996
		}
	},
	"candidate_4" : 
	{
		"gripper" : 5,
		"method" : 3,
		"orientation" : 
		{
			"w" : 0.049633756075024023,
			"x" : 0.78464487434680352,
			"y" : -0.61795542811998694,
			"z" : -1.6619791238983023e-05
		},
		"parent_frame_id" : "6dmimic_base",
		"position" : 
		{
			"x" : 0.037886099999999999,
			"y" : 1.5804898999999999,
			"z" : 0.077976000000000004
		}
	},
	"candidate_5" : 
	{
		"gripper" : 5,
		"method" : 3,
		"orientation" : 
		{
			"w" : 0.058125929242340224,
			"x" : 0.78783330655098283,
			"y" : -0.61311535562781239,
			"z" : 0.0054422543160627286
		},
		"parent_frame_id" : "6dmimic_base",
		"position" : 
		{
			"x" : 0.026490400000000001,
			"y" : 1.5780913999999999,
			"z" : 0.078060500000000005
		}
	},
	"candidate_6" : 
	{
		"gripper" : 5,
		"method" : 3,
		"orientation" : 
		{
			"w" : 0.048027113050000542,
			"x" : 0.78389981884889826,
			"y" : -0.61902592565434711,
			"z" : 0.00117208725162736
		},
		"parent_frame_id" : "6dmimic_base",
		"position" : 
		{
			"x" : 0.0174834,
			"y" : 1.5772988999999999,
			"z" : 0.078275499999999998
		}
	},
	"candidate_7" : 
	{
		"gripper" : 5,
		"method" : 3,
		"orientation" : 
		{
			"w" : 0.033903525572909148,
			"x" : 0.78812370855992353,
			"y" : -0.61452574806171811,
			"z" : 0.0083472108315073255
		},
		"parent_frame_id" : "6dmimic_base",
		"position" : 
		{
			"x" : 0.0078041999999999999,
			"y" : 1.5753653000000001,
			"z" : 0.078715599999999997
		}
	},
	"candidate_8" : 
	{
		"gripper" : 5,
		"method" : 3,
		"orientation" : 
		{
			"w" : 0.035627698937220856,
			"x" : 0.79038170739875646,
			"y" : -0.61155136333114546,
			"z" : 0.0056880300353115507
		},
		"parent_frame_id" : "6dmimic_base",
		"position" : 
		{
			"x" : 0.00054410000000000005,
			"y" : 1.5740582999999999,
			"z" : 0.078678499999999998
		}
	},
	"candidate_9" : 
	{
		"gripper" : 5,
		"method" : 3,
		"orientation" : 
		{
			"w" : 0.030027915713788954,
			"x" : 0.79290677600039516,
			"y" : -0.60857952172737795,
			"z" : 0.0053042044286136288
		},
		"parent_frame_id" : "6dmimic_base",
		"position" : 
		{
			"x" : -0.010219199999999999,
			"y" : 1.5727,
			"z" : 0.0788967
		}
	}
}
