{
	"candidate_0" : 
	{
		"gripper" : 5,
		"method" : 3,
		"orientation" : 
		{
			"w" : 0.0047268961064285478,
			"x" : 0.69673568108553785,
			"y" : 0.71316506177604144,
			"z" : 0.077023644534947117
		},
		"parent_frame_id" : "angular_groundtruth_frame_id",
		"position" : 
		{
			"x" : -0.0021032382231811015,
			"y" : -0.0012797391136775671,
			"z" : 0.094359874280756068
		}
	},
	"candidate_1" : 
	{
		"gripper" : 5,
		"method" : 3,
		"orientation" : 
		{
			"w" : -0.003344753913478625,
			"x" : 0.67264974336559713,
			"y" : 0.73541183283638845,
			"z" : 0.08185701860975822
		},
		"parent_frame_id" : "angular_groundtruth_frame_id",
		"position" : 
		{
			"x" : -0.0046947639936240149,
			"y" : -0.0006539416217888382,
			"z" : 0.094093000775953409
		}
	},
	"candidate_10" : 
	{
		"gripper" : 5,
		"method" : 3,
		"orientation" : 
		{
			"w" : 0.032670200143937282,
			"x" : 0.032593373722738128,
			"y" : -0.99743777930974487,
			"z" : -0.054664489548240554
		},
		"parent_frame_id" : "angular_groundtruth_frame_id",
		"position" : 
		{
			"x" : 0.00932347617732583,
			"y" : 0.0025869994424439617,
			"z" : 0.095383252542131577
		}
	},
	"candidate_11" : 
	{
		"gripper" : 5,
		"method" : 3,
		"orientation" : 
		{
			"w" : 0.037100648847269435,
			"x" : 0.032575564875035753,
			"y" : -0.99796144593259983,
			"z" : -0.040439174822176911
		},
		"parent_frame_id" : "angular_groundtruth_frame_id",
		"position" : 
		{
			"x" : 0.0087843207858722527,
			"y" : 0.0022995274201443052,
			"z" : 0.095641316371281052
		}
	},
	"candidate_12" : 
	{
		"gripper" : 5,
		"method" : 3,
		"orientation" : 
		{
			"w" : 0.038392781289950745,
			"x" : 0.048515045815897488,
			"y" : -0.99664328414980807,
			"z" : -0.053613886572307791
		},
		"parent_frame_id" : "angular_groundtruth_frame_id",
		"position" : 
		{
			"x" : 0.011335420116128599,
			"y" : 0.0015032834573465567,
			"z" : 0.095441979568294089
		}
	},
	"candidate_13" : 
	{
		"gripper" : 5,
		"method" : 3,
		"orientation" : 
		{
			"w" : -0.056472940520666939,
			"x" : -0.20292406946635472,
			"y" : 0.72988071134594812,
			"z" : -0.65031282950999536
		},
		"parent_frame_id" : "angular_groundtruth_frame_id",
		"position" : 
		{
			"x" : -0.031143466529711852,
			"y" : -0.22667910910553279,
			"z" : 0.17905724921604341
		}
	},
	"candidate_14" : 
	{
		"gripper" : 5,
		"method" : 3,
		"orientation" : 
		{
			"w" : 0.21417921429038364,
			"x" : 0.11325520294809641,
			"y" : -0.66213951075864097,
			"z" : -0.70913453692754735
		},
		"parent_frame_id" : "angular_groundtruth_frame_id",
		"position" : 
		{
			"x" : 0.0017023508709097758,
			"y" : -0.069490017193652887,
			"z" : 0.12528719593919957
		}
	},
	"candidate_15" : 
	{
		"gripper" : 5,
		"method" : 3,
		"orientation" : 
		{
			"w" : 0.23118339074016239,
			"x" : -0.014507208455757717,
			"y" : -0.35174648785584173,
			"z" : -0.9069830147416118
		},
		"parent_frame_id" : "angular_groundtruth_frame_id",
		"position" : 
		{
			"x" : -0.0071405363464157618,
			"y" : -0.10617262538201441,
			"z" : 0.14352393929215618
		}
	},
	"candidate_16" : 
	{
		"gripper" : 5,
		"method" : 3,
		"orientation" : 
		{
			"w" : -0.0032956912491371726,
			"x" : 0.69272344181198164,
			"y" : 0.71774316858159226,
			"z" : 0.070484860344675895
		},
		"parent_frame_id" : "angular_groundtruth_frame_id",
		"position" : 
		{
			"x" : -0.0028311999848930512,
			"y" : -0.00073261807541951697,
			"z" : 0.094283628686277626
		}
	},
	"candidate_17" : 
	{
		"gripper" : 5,
		"method" : 3,
		"orientation" : 
		{
			"w" : -0.012329933412837037,
			"x" : 0.69623199533534474,
			"y" : 0.71465764419342637,
			"z" : 0.066131936379492842
		},
		"parent_frame_id" : "angular_groundtruth_frame_id",
		"position" : 
		{
			"x" : -0.0063699961131354699,
			"y" : 0.0025608446625643736,
			"z" : 0.094461671986084364
		}
	},
	"candidate_18" : 
	{
		"gripper" : 5,
		"method" : 3,
		"orientation" : 
		{
			"w" : 0.0021438162856859677,
			"x" : 0.69449084730372979,
			"y" : 0.71611795905894959,
			"z" : 0.069663015842879039
		},
		"parent_frame_id" : "angular_groundtruth_frame_id",
		"position" : 
		{
			"x" : -0.0001251101267115899,
			"y" : -0.0017033559902375193,
			"z" : 0.094441603760937645
		}
	},
	"candidate_19" : 
	{
		"gripper" : 5,
		"method" : 3,
		"orientation" : 
		{
			"w" : -0.0020150050373930022,
			"x" : 0.45723317647328798,
			"y" : 0.88708667567045663,
			"z" : 0.063332392460608691
		},
		"parent_frame_id" : "angular_groundtruth_frame_id",
		"position" : 
		{
			"x" : 0.0061311749580910246,
			"y" : -0.0049862998280744818,
			"z" : 0.095399668080322311
		}
	},
	"candidate_2" : 
	{
		"gripper" : 5,
		"method" : 3,
		"orientation" : 
		{
			"w" : -0.012040987964319759,
			"x" : 0.67926193944898461,
			"y" : 0.72895649108253757,
			"z" : 0.084146695321214299
		},
		"parent_frame_id" : "angular_groundtruth_frame_id",
		"position" : 
		{
			"x" : -0.0074294836523052235,
			"y" : 0.0019953395708235976,
			"z" : 0.093896880817326459
		}
	},
	"candidate_20" : 
	{
		"gripper" : 5,
		"method" : 3,
		"orientation" : 
		{
			"w" : -0.0040242668473990176,
			"x" : 0.46003656790864877,
			"y" : 0.88547069343162332,
			"z" : 0.065511926676691798
		},
		"parent_frame_id" : "angular_groundtruth_frame_id",
		"position" : 
		{
			"x" : 0.0053925829563542136,
			"y" : -0.0047299800442178082,
			"z" : 0.095460879068392263
		}
	},
	"candidate_21" : 
	{
		"gripper" : 5,
		"method" : 3,
		"orientation" : 
		{
			"w" : -0.012826212265837664,
			"x" : 0.45002839914100462,
			"y" : 0.89081026104932404,
			"z" : 0.061375948503722355
		},
		"parent_frame_id" : "angular_groundtruth_frame_id",
		"position" : 
		{
			"x" : 0.0055803736359156921,
			"y" : -0.005403218703780824,
			"z" : 0.095480940461613886
		}
	},
	"candidate_22" : 
	{
		"gripper" : 5,
		"method" : 3,
		"orientation" : 
		{
			"w" : -0.007007831237621321,
			"x" : 0.22636647741146274,
			"y" : 0.97217570096687345,
			"z" : 0.059862464493529513
		},
		"parent_frame_id" : "angular_groundtruth_frame_id",
		"position" : 
		{
			"x" : 0.012969564632544475,
			"y" : -0.0044055790763799013,
			"z" : 0.094830372146644457
		}
	},
	"candidate_23" : 
	{
		"gripper" : 5,
		"method" : 3,
		"orientation" : 
		{
			"w" : -0.0076443742731320853,
			"x" : 0.22360735566298651,
			"y" : 0.97294667785036415,
			"z" : 0.057585380916676983
		},
		"parent_frame_id" : "angular_groundtruth_frame_id",
		"position" : 
		{
			"x" : 0.01219584112439626,
			"y" : -0.0032156174334687787,
			"z" : 0.094957508678000485
		}
	},
	"candidate_24" : 
	{
		"gripper" : 5,
		"method" : 3,
		"orientation" : 
		{
			"w" : -0.013258618668041355,
			"x" : 0.22123457981545228,
			"y" : 0.97310241810797005,
			"z" : 0.062858202307394584
		},
		"parent_frame_id" : "angular_groundtruth_frame_id",
		"position" : 
		{
			"x" : 0.011977123198392534,
			"y" : -0.0044882512988099303,
			"z" : 0.09486018647267136
		}
	},
	"candidate_25" : 
	{
		"gripper" : 5,
		"method" : 3,
		"orientation" : 
		{
			"w" : 0.012175166084937112,
			"x" : 0.049973098703794835,
			"y" : -0.99717321278040083,
			"z" : -0.054772606747885658
		},
		"parent_frame_id" : "angular_groundtruth_frame_id",
		"position" : 
		{
			"x" : 0.017959833680899488,
			"y" : 0.0019430790768524093,
			"z" : 0.095440950142493028
		}
	},
	"candidate_26" : 
	{
		"gripper" : 5,
		"method" : 3,
		"orientation" : 
		{
			"w" : 0.019008865897953225,
			"x" : 0.051762279332838751,
			"y" : -0.9968436895073457,
			"z" : -0.057113817460625077
		},
		"parent_frame_id" : "angular_groundtruth_frame_id",
		"position" : 
		{
			"x" : 0.015033857440999259,
			"y" : 0.003583004195029155,
			"z" : 0.095389886147495689
		}
	},
	"candidate_27" : 
	{
		"gripper" : 5,
		"method" : 3,
		"orientation" : 
		{
			"w" : 0.026055770756395029,
			"x" : 0.28750187531662824,
			"y" : -0.95577920684721362,
			"z" : -0.056123758411417715
		},
		"parent_frame_id" : "angular_groundtruth_frame_id",
		"position" : 
		{
			"x" : 0.012874542562950517,
			"y" : 0.0091816744612634484,