{
	"object_pose_0" : 
	{
		"orientation" : 
		{
			"w" : -0.10024110206719238,
			"x" : -0.32223502483844113,
			"y" : 0.89909780072204226,
			"z" : -0.27881970151057117
		},
		"parent_frame_id" : "camera_link",
		"position" : 
		{
			"x" : -0.032768874827190528,
			"y" : -0.04636821227313534,
			"z" : 0.54963757428373783
		}
	}
}
