{
	"candidate_0" : 
	{
		"gripper" : 5,
		"method" : 3,
		"orientation" : 
		{
			"w" : 0.05726807481868007,
			"x" : 0.83476777876603758,
			"y" : -0.54760120095715681,
			"z" : 0.0040059768917515802
		},
		"parent_frame_id" : "6dmimic_base",
		"position" : 
		{
			"x" : -0.1234561,
			"y" : 1.5408736999999999,
			"z" : 0.19411800000000001
		}
	},
	"candidate_1" : 
	{
		"gripper" : 5,
		"method" : 3,
		"orientation" : 
		{
			"w" : 0.060280407819206308,
			"x" : 0.85199520843118459,
			"y" : -0.51989273516260803,
			"z" : 0.013490039606858181
		},
		"parent_frame_id" : "6dmimic_base",
		"position" : 
		{
			"x" : -0.1208087,
			"y" : 1.5412789,
			"z" : 0.1938945
		}
	},
	"candidate_10" : 
	{
		"gripper" : 5,
		"method" : 3,
		"orientation" : 
		{
			"w" : 0.029644574580280213,
			"x" : 0.97318294072138423,
			"y" : 0.22206600937312487,
			"z" : 0.052180940657756462
		},
		"parent_frame_id" : "6dmimic_base",
		"position" : 
		{
			"x" : -0.13262170000000001,
			"y" : 1.5329303000000001,
			"z" : 0.19473670000000001
		}
	},
	"candidate_11" : 
	{
		"gripper" : 5,
		"method" : 3,
		"orientation" : 
		{
			"w" : 0.014827203037535043,
			"x" : 0.97340284000827237,
			"y" : 0.22219798563945914,
			"z" : 0.053806322041932593
		},
		"parent_frame_id" : "6dmimic_base",
		"position" : 
		{
			"x" : -0.1322323,
			"y" : 1.5333908000000001,
			"z" : 0.1950182
		}
	},
	"candidate_12" : 
	{
		"gripper" : 5,
		"method" : 3,
		"orientation" : 
		{
			"w" : 0.0276759038316833,
			"x" : 0.96928080215888357,
			"y" : 0.23744304362760901,
			"z" : 0.057875486574090862
		},
		"parent_frame_id" : "6dmimic_base",
		"position" : 
		{
			"x" : -0.13490150000000001,
			"y" : 1.5331775999999999,
			"z" : 0.1947805
		}
	},
	"candidate_13" : 
	{
		"gripper" : 5,
		"method" : 3,
		"orientation" : 
		{
			"w" : 0.66029531959918786,
			"x" : -0.66503690153290784,
			"y" : -0.34389420220556965,
			"z" : 0.05893036742046201
		},
		"parent_frame_id" : "6dmimic_base",
		"position" : 
		{
			"x" : -0.18264089999999999,
			"y" : 1.7581471,
			"z" : 0.28704740000000001
		}
	},
	"candidate_14" : 
	{
		"gripper" : 5,
		"method" : 3,
		"orientation" : 
		{
			"w" : 0.64384989862098052,
			"x" : 0.63889268265058263,
			"y" : 0.22772818639978132,
			"z" : 0.35413743267319459
		},
		"parent_frame_id" : "6dmimic_base",
		"position" : 
		{
			"x" : -0.1531255,
			"y" : 1.6016709,
			"z" : 0.22724059999999999
		}
	},
	"candidate_15" : 
	{
		"gripper" : 5,
		"method" : 3,
		"orientation" : 
		{
			"w" : 0.83918060540868666,
			"x" : 0.36222775943529661,
			"y" : 0.040766664016301093,
			"z" : 0.40361496615633191
		},
		"parent_frame_id" : "6dmimic_base",
		"position" : 
		{
			"x" : -0.15898129999999999,
			"y" : 1.6384086,
			"z" : 0.24693329999999999
		}
	},
	"candidate_16" : 
	{
		"gripper" : 5,
		"method" : 3,
		"orientation" : 
		{
			"w" : 0.049267970167143682,
			"x" : 0.83830003117520258,
			"y" : -0.54287235954136459,
			"z" : 0.010738998708220981
		},
		"parent_frame_id" : "6dmimic_base",
		"position" : 
		{
			"x" : -0.122572,
			"y" : 1.5406422,
			"z" : 0.19404199999999999
		}
	},
	"candidate_17" : 
	{
		"gripper" : 5,
		"method" : 3,
		"orientation" : 
		{
			"w" : 0.043289076890689608,
			"x" : 0.83578406896864044,
			"y" : -0.54703032236105176,
			"z" : 0.018678123506885885
		},
		"parent_frame_id" : "6dmimic_base",
		"position" : 
		{
			"x" : -0.11804050000000001,
			"y" : 1.5389059,
			"z" : 0.1942026
		}
	},
	"candidate_18" : 
	{
		"gripper" : 5,
		"method" : 3,
		"orientation" : 
		{
			"w" : 0.049517428493536644,
			"x" : 0.83707857359201987,
			"y" : -0.54481232978977423,
			"z" : 0.0051972317222810822
		},
		"parent_frame_id" : "6dmimic_base",
		"position" : 
		{
			"x" : -0.12545510000000001,
			"y" : 1.5405188999999999,
			"z" : 0.19416449999999999
		}
	},
	"candidate_19" : 
	{
		"gripper" : 5,
		"method" : 3,
		"orientation" : 
		{
			"w" : 0.041572365884257743,
			"x" : 0.95921664461662437,
			"y" : -0.27925220849346072,
			"z" : 0.013905795077407121
		},
		"parent_frame_id" : "6dmimic_base",
		"position" : 
		{
			"x" : -0.1325199,
			"y" : 1.5411767000000001,
			"z" : 0.19507579999999999
		}
	},
	"candidate_2" : 
	{
		"gripper" : 5,
		"method" : 3,
		"orientation" : 
		{
			"w" : 0.060917048326556207,
			"x" : 0.84689059541192557,
			"y" : -0.52779622751151922,
			"z" : 0.022283959491590025
		},
		"parent_frame_id" : "6dmimic_base",
		"position" : 
		{
			"x" : -0.1172638,
			"y" : 1.5398533000000001,
			"z" : 0.19368050000000001
		}
	},
	"candidate_20" : 
	{
		"gripper" : 5,
		"method" : 3,
		"orientation" : 
		{
			"w" : 0.04332971249362863,
			"x" : 0.95818941531183777,
			"y" : -0.28236886332664157,
			"z" : 0.016229769659441579
		},
		"parent_frame_id" : "6dmimic_base",
		"position" : 
		{
			"x" : -0.1317374,
			"y" : 1.5412143,
			"z" : 0.1951473
		}
	},
	"candidate_21" : 
	{
		"gripper" : 5,
		"method" : 3,
		"orientation" : 
		{
			"w" : 0.037578672238634994,
			"x" : 0.96135601468490528,
			"y" : -0.27164646568459161,
			"z" : 0.024303376370524432
		},
		"parent_frame_id" : "6dmimic_base",
		"position" : 
		{
			"x" : -0.1321667,
			"y" : 1.5417689000000001,
			"z" : 0.19518440000000001
		}
	},
	"candidate_22" : 
	{
		"gripper" : 5,
		"method" : 3,
		"orientation" : 
		{
			"w" : 0.037768806545564117,
			"x" : 0.99835411476975289,
			"y" : -0.03646409665115985,
			"z" : 0.023085675858455917
		},
		"parent_frame_id" : "6dmimic_base",
		"position" : 
		{
			"x" : -0.13864770000000001,
			"y" : 1.5380813,
			"z" : 0.1943163
		}
	},
	"candidate_23" : 
	{
		"gripper" : 5,
		"method" : 3,
		"orientation" : 
		{
			"w" : 0.035423512614392104,
			"x" : 0.9985348806093749,
			"y" : -0.033599761417157731,
			"z" : 0.023330730661289264
		},
		"parent_frame_id" : "6dmimic_base",
		"position" : 
		{
			"x" : -0.1374802,
			"y" : 1.5372612000000001,
			"z" : 0.19442480000000001
		}
	},
	"candidate_24" : 
	{
		"gripper" : 5,
		"method" : 3,
		"orientation" : 
		{
			"w" : 0.03954021294466864,
			"x" : 0.99827726087687119,
			"y" : -0.031390979007089932,
			"z" : 0.029894621814598146
		},
		"parent_frame_id" : "6dmimic_base",
		"position" : 
		{
			"x" : -0.1377572,
			"y" : 1.5385310999999999,
			"z" : 0.1943735
		}
	},
	"candidate_25" : 
	{
		"gripper" : 5,
		"method" : 3,
		"orientation" : 
		{
			"w" : 0.033841377491655902,
			"x" : 0.96978033782542039,
			"y" : 0.23943877742564798,
			"z" : 0.032402614116639042
		},
		"parent_frame_id" : "6dmimic_base",
		"position" : 
		{
			"x" : -0.14088999999999999,
			"y" : 1.5302716999999999,
			"z" : 0.19460089999999999
		}
	},
	"candidate_26" : 
	{
		"gripper" : 5,
		"method" : 3,
		"orientation" : 
		{
			"w" : 0.034851183563876391,
			"x" : 0.96909435519227094,
			"y" : 0.24098641572417825,
			"z" : 0.039586275084771562
		},
		"parent_frame_id" : "6dmimic_base",
		"position" : 
		{
			"x" : -0.1375507,
			"y" : 1.5298513,
			"z" : 0.19456960000000001
		}
	},
	"candidate_27" : 
	{
		"gripper" : 5,
		"method" : 3,
		"orientation" : 
		{
			"w" : 0.035411938150493663,
			"x" : 0.88353560676015963,
			"y" : 0.46431759162874225,
			"z" : 0.050199604853689794
		},
		"parent_frame_id" : "6dmimic_base",
		"position" : 
		{
			"x" : -0.13342770000000001,
			"y" : 1.5254561,
			"z" : 0.19449130000000001
		}
	},
	"candidate_28" : 
	{
		"gripper" : 5,
		"method" : 3,
		"orientation" : 
		{
			"w" : 0.029405440854575464,
			"x" : 0.88395574355003292,
			"y" : 0.46370728042811132,
			"z" : 0.052279265211182868
		},
		"parent_frame_id" : "6dmimic_base",
		"position" : 
		{
			"x" : -0.1315414,
			"y" : 1.5251087000000001,
			"z" : 0.1947248
		}
	},
	"candidate_29" : 
	{
		"gripper" : 5,
		"method" : 3,
		"orientation" : 
		{
			"w" : 0.017109692284593241,
			"x" : 0.88297329651097178,
			"y" : 0.46640690171040072,
			"z" : 0.050299285436060472
		},
		"parent_frame_id" : "6dmimic_base",
		"position" : 
		{
			"x" : -0.13398599999999999,
			"y" : 1.5245896999999999,
			"z" : 0.19453019999999999
		}
	},
	"candidate_3" : 
	{
		"gripper" : 5,