{
	"candidate_0" : 
	{
		"gripper" : 5,
		"method" : 3,
		"orientation" : 
		{
			"w" : -0.44087402424568101,
			"x" : 0.54673675590960435,
			"y" : 0.52461209684464905,
			"z" : -0.48113528484940798
		},
		"parent_frame_id" : "gt01_frame_id",
		"position" : 
		{
			"x" : 0.024667707845018823,
			"y" : -0.024038112163510927,
			"z" : -0.001498548078650408
		}
	},
	"candidate_1" : 
	{
		"gripper" : 5,
		"method" : 3,
		"orientation" : 
		{
			"w" : -0.46431488567132539,
			"x" : 0.55343090696097452,
			"y" : 0.52560624226942931,
			"z" : -0.44929277342484308
		},
		"parent_frame_id" : "gt01_frame_id",
		"position" : 
		{
			"x" : 0.020937137428078116,
			"y" : -0.0039122791787979949,
			"z" : -0.0040175984425167011
		}
	},
	"candidate_2" : 
	{
		"gripper" : 5,
		"method" : 3,
		"orientation" : 
		{
			"w" : -0.45172222356876729,
			"x" : 0.55649927597439508,
			"y" : 0.51190942557497587,
			"z" : -0.47350219490680395
		},
		"parent_frame_id" : "gt01_frame_id",
		"position" : 
		{
			"x" : 0.021393623647224531,
			"y" : 0.015123153746293694,
			"z" : -0.00091748299852711934
		}
	},
	"candidate_3" : 
	{
		"gripper" : 5,
		"method" : 3,
		"orientation" : 
		{
			"w" : -0.45274324815715128,
			"x" : 0.56087989102152458,
			"y" : 0.50743746056813777,
			"z" : -0.47217001462180386
		},
		"parent_frame_id" : "gt01_frame_id",
		"position" : 
		{
			"x" : 0.020435271351970409,
			"y" : 0.035704426861448146,
			"z" : -0.0028005985360349261
		}
	},
	"candidate_4" : 
	{
		"gripper" : 5,
		"method" : 3,
		"orientation" : 
		{
			"w" : -0.45959598492208292,
			"x" : 0.56133250060627748,
			"y" : 0.49174274846406285,
			"z" : -0.48152510187903347
		},
		"parent_frame_id" : "gt01_frame_id",
		"position" : 
		{
			"x" : 0.019295939485078857,
			"y" : 0.055576766488893536,
			"z" : 0.0035023828226987685
		}
	},
	"candidate_5" : 
	{
		"gripper" : 5,
		"method" : 3,
		"orientation" : 
		{
			"w" : -0.45887752414858335,
			"x" : 0.55367183819361399,
			"y" : 0.50964404013511144,
			"z" : -0.47237894298680577
		},
		"parent_frame_id" : "gt01_frame_id",
		"position" : 
		{
			"x" : 0.019719954825773676,
			"y" : 0.075891845962262394,
			"z" : -0.00083767493516218039
		}
	}
}
