{
	"object_pose_0" : 
	{
		"orientation" : 
		{
			"w" : 0.47218053585659053,
			"x" : -0.54783158769230378,
			"y" : 0.6661046164949801,
			"z" : 0.18229551620491727
		},
		"parent_frame_id" : "camera_link",
		"position" : 
		{
			"x" : 0.0089948944298232913,
			"y" : 0.0092469427316375363,
			"z" : 0.56763841208864074
		}
	}
}
