{
	"candidate_0" : 
	{
		"gripper" : 5,
		"method" : 3,
		"orientation" : 
		{
			"w" : 0.053228854070663773,
			"x" : 0.67132085451248835,
			"y" : -0.73666148856917013,
			"z" : -0.061845376949301319
		},
		"parent_frame_id" : "6dmimic_base",
		"position" : 
		{
			"x" : -0.076149800000000004,
			"y" : 1.5825804999999999,
			"z" : 0.087461200000000003
		}
	},
	"candidate_1" : 
	{
		"gripper" : 5,
		"method" : 3,
		"orientation" : 
		{
			"w" : 0.064424090820284982,
			"x" : 0.66863270761024518,
			"y" : -0.73876202303736704,
			"z" : -0.054868134226603464
		},
		"parent_frame_id" : "6dmimic_base",
		"position" : 
		{
			"x" : -0.073885599999999996,
			"y" : 1.5629602,
			"z" : 0.085829699999999995
		}
	},
	"candidate_2" : 
	{
		"gripper" : 5,
		"method" : 3,
		"orientation" : 
		{
			"w" : 0.06580583049958369,
			"x" : 0.65341576868639328,
			"y" : -0.75294849072473513,
			"z" : -0.042261048491175374
		},
		"parent_frame_id" : "6dmimic_base",
		"position" : 
		{
			"x" : -0.073702699999999996,
			"y" : 1.5448895,
			"z" : 0.083860799999999999
		}
	},
	"candidate_3" : 
	{
		"gripper" : 5,
		"method" : 3,
		"orientation" : 
		{
			"w" : 0.066637827429330304,
			"x" : 0.64662235929180278,
			"y" : -0.75820534633629277,
			"z" : -0.050631780597404641
		},
		"parent_frame_id" : "6dmimic_base",
		"position" : 
		{
			"x" : -0.0719114,
			"y" : 1.5250276,
			"z" : 0.084568599999999994
		}
	}
}
