{
	"candidate_0" : 
	{
		"gripper" : 5,
		"method" : 3,
		"orientation" : 
		{
			"w" : -0.018607994128227209,
			"x" : 0.68271153359016779,
			"y" : 0.72825639495482009,
			"z" : 0.056580276288599796
		},
		"parent_frame_id" : "angular_groundtruth_frame_id",
		"position" : 
		{
			"x" : 0.0021573895446791846,
			"y" : -0.0034030123356004883,
			"z" : 0.093712070573090278
		}
	},
	"candidate_1" : 
	{
		"gripper" : 5,
		"method" : 3,
		"orientation" : 
		{
			"w" : -0.025797687771886634,
			"x" : 0.68051353867775266,
			"y" : 0.73026394321876442,
			"z" : 0.054317365699086337
		},
		"parent_frame_id" : "angular_groundtruth_frame_id",
		"position" : 
		{
			"x" : -5.8115534291339546e-05,
			"y" : -0.0020603391588844403,
			"z" : 0.094727927742776913
		}
	},
	"candidate_10" : 
	{
		"gripper" : 5,
		"method" : 3,
		"orientation" : 
		{
			"w" : 0.061727849837539012,
			"x" : 0.030950717313298275,
			"y" : -0.99594549010955224,
			"z" : -0.057656798234643689
		},
		"parent_frame_id" : "angular_groundtruth_frame_id",
		"position" : 
		{
			"x" : 0.016328036816679041,
			"y" : -0.00019973623265272288,
			"z" : 0.095321195834482522
		}
	},
	"candidate_11" : 
	{
		"gripper" : 5,
		"method" : 3,
		"orientation" : 
		{
			"w" : 0.057710418128924981,
			"x" : 0.026435879288076121,
			"y" : -0.99634355131677599,
			"z" : -0.057185484828983744
		},
		"parent_frame_id" : "angular_groundtruth_frame_id",
		"position" : 
		{
			"x" : 0.017557765346446201,
			"y" : 0.00035423715479359491,
			"z" : 0.095100535947750808
		}
	},
	"candidate_12" : 
	{
		"gripper" : 5,
		"method" : 3,
		"orientation" : 
		{
			"w" : 0.06923801682107375,
			"x" : 0.23052910646753566,
			"y" : -0.96852258328941387,
			"z" : -0.06345418627927335
		},
		"parent_frame_id" : "angular_groundtruth_frame_id",
		"position" : 
		{
			"x" : 0.019472677227108767,
			"y" : 0.0091270642535201119,
			"z" : 0.095650280158961029
		}
	},
	"candidate_13" : 
	{
		"gripper" : 5,
		"method" : 3,
		"orientation" : 
		{
			"w" : 0.072639229748366813,
			"x" : 0.22462016630355375,
			"y" : -0.96948572702547597,
			"z" : -0.066081376235760589
		},
		"parent_frame_id" : "angular_groundtruth_frame_id",
		"position" : 
		{
			"x" : 0.020689839275963885,
			"y" : 0.008443796960844973,
			"z" : 0.095521349358113544
		}
	},
	"candidate_14" : 
	{
		"gripper" : 5,
		"method" : 3,
		"orientation" : 
		{
			"w" : 0.072114280910712286,
			"x" : 0.20939007476951749,
			"y" : -0.97295325453736159,
			"z" : -0.065706099883518207
		},
		"parent_frame_id" : "angular_groundtruth_frame_id",
		"position" : 
		{
			"x" : 0.021841532696438019,
			"y" : 0.0071948894272942637,
			"z" : 0.095337630753587088
		}
	},
	"candidate_15" : 
	{
		"gripper" : 5,
		"method" : 3,
		"orientation" : 
		{
			"w" : 0.16707040514799626,
			"x" : 0.046468392655733687,
			"y" : -0.88362389178325185,
			"z" : 0.43489882280537007
		},
		"parent_frame_id" : "angular_groundtruth_frame_id",
		"position" : 
		{
			"x" : 0.003167646851411905,
			"y" : -0.32174633737904001,
			"z" : 0.26553450883086677
		}
	},
	"candidate_16" : 
	{
		"gripper" : 5,
		"method" : 3,
		"orientation" : 
		{
			"w" : 0.11964667706814024,
			"x" : 0.036311791161517795,
			"y" : -0.88683526860735429,
			"z" : 0.4448475388751929
		},
		"parent_frame_id" : "angular_groundtruth_frame_id",
		"position" : 
		{
			"x" : 0.0090315944195807577,
			"y" : -0.32337869110767486,
			"z" : 0.26697775671976332
		}
	},
	"candidate_17" : 
	{
		"gripper" : 5,
		"method" : 3,
		"orientation" : 
		{
			"w" : 0.1275434588133415,
			"x" : 0.04287974573689779,
			"y" : -0.88751653910567596,
			"z" : 0.4406908058189456
		},
		"parent_frame_id" : "angular_groundtruth_frame_id",
		"position" : 
		{
			"x" : 0.012693771320029168,
			"y" : -0.32508101860575056,
			"z" : 0.26410566398411284
		}
	},
	"candidate_2" : 
	{
		"gripper" : 5,
		"method" : 3,
		"orientation" : 
		{
			"w" : -0.020420945966030384,
			"x" : 0.68452082669300618,
			"y" : 0.72641782016300815,
			"z" : 0.05771805037420559
		},
		"parent_frame_id" : "angular_groundtruth_frame_id",
		"position" : 
		{
			"x" : 0.0010812689273947932,
			"y" : -0.0018250448118617372,
			"z" : 0.094053418283020523
		}
	},
	"candidate_3" : 
	{
		"gripper" : 5,
		"method" : 3,
		"orientation" : 
		{
			"w" : -0.036687699249128701,
			"x" : 0.46484370842588346,
			"y" : 0.88140822487698089,
			"z" : 0.075457806619906698
		},
		"parent_frame_id" : "angular_groundtruth_frame_id",
		"position" : 
		{
			"x" : 0.012955687184823567,
			"y" : -0.0080602155079062751,
			"z" : 0.094405159925100526
		}
	},
	"candidate_4" : 
	{
		"gripper" : 5,
		"method" : 3,
		"orientation" : 
		{
			"w" : -0.03752805936530202,
			"x" : 0.46934705917187364,
			"y" : 0.87876651184208554,
			"z" : 0.077938440271035983
		},
		"parent_frame_id" : "angular_groundtruth_frame_id",
		"position" : 
		{
			"x" : 0.010251759280278076,
			"y" : -0.0071626240249428111,
			"z" : 0.094918902009450801
		}
	},
	"candidate_5" : 
	{
		"gripper" : 5,
		"method" : 3,
		"orientation" : 
		{
			"w" : -0.034918655249042432,
			"x" : 0.46566994694040548,
			"y" : 0.88068667183627058,
			"z" : 0.079518388326672101
		},
		"parent_frame_id" : "angular_groundtruth_frame_id",
		"position" : 
		{
			"x" : 0.01260374835573971,
			"y" : -0.007614080826972092,
			"z" : 0.094778602495096426
		}
	},
	"candidate_6" : 
	{
		"gripper" : 5,
		"method" : 3,
		"orientation" : 
		{
			"w" : -0.055916221573401592,
			"x" : 0.16044433516466541,
			"y" : 0.98297176481183857,
			"z" : 0.069982148160956381
		},
		"parent_frame_id" : "angular_groundtruth_frame_id",
		"position" : 
		{
			"x" : 0.015660618216709467,
			"y" : -0.0041249168694905448,
			"z" : 0.095039857326816912
		}
	},
	"candidate_7" : 
	{
		"gripper" : 5,
		"method" : 3,
		"orientation" : 
		{
			"w" : -0.05227477485294927,
			"x" : 0.16418793617113822,
			"y" : 0.9827426707425263,
			"z" : 0.067279362599405285
		},
		"parent_frame_id" : "angular_groundtruth_frame_id",
		"position" : 
		{
			"x" : 0.016235287232509187,
			"y" : -0.0048739705975639333,
			"z" : 0.094952572192715717
		}
	},
	"candidate_8" : 
	{
		"gripper" : 5,
		"method" : 3,
		"orientation" : 
		{
			"w" : -0.050498697410424259,
			"x" : 0.15909904169496511,
			"y" : 0.98386896734131701,
			"z" : 0.064336860308262689
		},
		"parent_frame_id" : "angular_groundtruth_frame_id",
		"position" : 
		{
			"x" : 0.017492273208934931,
			"y" : -0.0048261284549872231,
			"z" : 0.09472457737610579
		}
	},
	"candidate_9" : 
	{
		"gripper" : 5,
		"method" : 3,
		"orientation" : 
		{
			"w" : 0.055212173234176376,
			"x" : 0.03103129795300524,
			"y" : -0.9960218300828384,
			"z" : -0.062683239167615062
		},
		"parent_frame_id" : "angular_groundtruth_frame_id",
		"position" : 
		{
			"x" : 0.019741793178121397,
			"y" : -0.0011621478770473619,
			"z" : 0.094835681074693506
		}
	}
}
