{
	"candidate_0" : 
	{
		"gripper" : 5,
		"method" : 3,
		"orientation" : 
		{
			"w" : 0.0028083075699067289,
			"x" : 0.70287163873098824,
			"y" : 0.70870079536636865,
			"z" : 0.060883130038496512
		},
		"parent_frame_id" : "angular_groundtruth_frame_id",
		"position" : 
		{
			"x" : -0.0081031619300981714,
			"y" : 0.00058420389738896104,
			"z" : 0.096715852484169612
		}
	},
	"candidate_1" : 
	{
		"gripper" : 5,
		"method" : 3,
		"orientation" : 
		{
			"w" : 0.020321192944146915,
			"x" : 0.72697149012807805,
			"y" : 0.68352800291373694,
			"z" : 0.062361613922723921
		},
		"parent_frame_id" : "angular_groundtruth_frame_id",
		"position" : 
		{
			"x" : -0.0043973034341914814,
			"y" : -0.0011328622084173976,
			"z" : 0.096851354366760012
		}
	},
	"candidate_2" : 
	{
		"gripper" : 5,
		"method" : 3,
		"orientation" : 
		{
			"w" : 0.023159211886481741,
			"x" : 0.7265146751478947,
			"y" : 0.68415020836758744,
			"z" : 0.059821150859315254
		},
		"parent_frame_id" : "angular_groundtruth_frame_id",
		"position" : 
		{
			"x" : -0.0011951845843378795,
			"y" : -0.0016670998461733931,
			"z" : 0.096859521364619797
		}
	},
	"candidate_3" : 
	{
		"gripper" : 5,
		"method" : 3,
		"orientation" : 
		{
			"w" : 0.024825681882404055,
			"x" : 0.72853661697261429,
			"y" : 0.68229940631436692,
			"z" : 0.055548207821983803
		},
		"parent_frame_id" : "angular_groundtruth_frame_id",
		"position" : 
		{
			"x" : -0.000936774040245079,
			"y" : -0.0032936778948578142,
			"z" : 0.096985095607915989
		}
	},
	"candidate_4" : 
	{
		"gripper" : 5,
		"method" : 3,
		"orientation" : 
		{
			"w" : 0.023646865682158028,
			"x" : 0.7269238651813813,
			"y" : 0.6846897786657179,
			"z" : 0.047142623642105023
		},
		"parent_frame_id" : "angular_groundtruth_frame_id",
		"position" : 
		{
			"x" : 0.00034540123717480709,
			"y" : -0.0041166491927347804,
			"z" : 0.097067234391346804
		}
	},
	"candidate_5" : 
	{
		"gripper" : 5,
		"method" : 3,
		"orientation" : 
		{
			"w" : 0.017868305002552591,
			"x" : 0.72251192288283117,
			"y" : 0.68963946087206041,
			"z" : 0.045328346281145959
		},
		"parent_frame_id" : "angular_groundtruth_frame_id",
		"position" : 
		{
			"x" : -0.00074725045025657039,
			"y" : -0.0034541855482435203,
			"z" : 0.097140324602101591
		}
	},
	"candidate_6" : 
	{
		"gripper" : 5,
		"method" : 3,
		"orientation" : 
		{
			"w" : 0.02461796782741054,
			"x" : 0.71475575042296779,
			"y" : 0.69755435565016166,
			"z" : 0.044001066019318726
		},
		"parent_frame_id" : "angular_groundtruth_frame_id",
		"position" : 
		{
			"x" : 0.00041648943499368943,
			"y" : -0.0051264061315300074,
			"z" : 0.097087050437022676
		}
	}
}
