{
	"object_pose_0" : 
	{
		"orientation" : 
		{
			"w" : -0.11336427162512647,
			"x" : -0.31799757755044006,
			"y" : 0.89816270639148788,
			"z" : -0.2816553609535718
		},
		"parent_frame_id" : "camera_link",
		"position" : 
		{
			"x" : -0.019536544347148632,
			"y" : 0.012202672020185601,
			"z" : 0.56436983824962228
		}
	}
}
