{
	"object_pose_0" : 
	{
		"orientation" : 
		{
			"w" : -0.075997077420641768,
			"x" : -0.32997143550889096,
			"y" : 0.90299280510050151,
			"z" : -0.26447581142547211
		},
		"parent_frame_id" : "camera_link",
		"position" : 
		{
			"x" : -0.032552051608428959,
			"y" : -0.045263970371432455,
			"z" : 0.54902565435773676
		}
	}
}
