{
	"candidate_0" : 
	{
		"gripper" : 5,
		"method" : 3,
		"orientation" : 
		{
			"w" : 0.052887381160752991,
			"x" : 0.84678377152085704,
			"y" : -0.52929743138897656,
			"z" : 0.0020972190875973885
		},
		"parent_frame_id" : "6dmimic_base",
		"position" : 
		{
			"x" : -0.12207990000000001,
			"y" : 1.5418714,
			"z" : 0.1932962
		}
	},
	"candidate_1" : 
	{
		"gripper" : 5,
		"method" : 3,
		"orientation" : 
		{
			"w" : 0.049207929345770715,
			"x" : 0.8484380362921724,
			"y" : -0.52693028666184172,
			"z" : 0.0087150020455174643
		},
		"parent_frame_id" : "6dmimic_base",
		"position" : 
		{
			"x" : -0.1194688,
			"y" : 1.5414327999999999,
			"z" : 0.1941832
		}
	},
	"candidate_10" : 
	{
		"gripper" : 5,
		"method" : 3,
		"orientation" : 
		{
			"w" : 0.026355084543897393,
			"x" : 0.97343672184977248,
			"y" : 0.22144237200615868,
			"z" : 0.051861680972937578
		},
		"parent_frame_id" : "6dmimic_base",
		"position" : 
		{
			"x" : -0.13395109999999999,
			"y" : 1.53349,
			"z" : 0.19524320000000001
		}
	},
	"candidate_11" : 
	{
		"gripper" : 5,
		"method" : 3,
		"orientation" : 
		{
			"w" : 0.026748088567298739,
			"x" : 0.97460278815275359,
			"y" : 0.21715134116706478,
			"z" : 0.047741387832988397
		},
		"parent_frame_id" : "6dmimic_base",
		"position" : 
		{
			"x" : -0.13489409999999999,
			"y" : 1.5325158000000001,
			"z" : 0.19503909999999999
		}
	},
	"candidate_12" : 
	{
		"gripper" : 5,
		"method" : 3,
		"orientation" : 
		{
			"w" : 0.027021676360382094,
			"x" : 0.90851447430604626,
			"y" : 0.41196692587870859,
			"z" : 0.064455651149685295
		},
		"parent_frame_id" : "6dmimic_base",
		"position" : 
		{
			"x" : -0.13333619999999999,
			"y" : 1.5236179000000001,
			"z" : 0.19527700000000001
		}
	},
	"candidate_13" : 
	{
		"gripper" : 5,
		"method" : 3,
		"orientation" : 
		{
			"w" : 0.029050152986522779,
			"x" : 0.91070872555161286,
			"y" : 0.40634759101461071,
			"z" : 0.068171409639519398
		},
		"parent_frame_id" : "6dmimic_base",
		"position" : 
		{
			"x" : -0.13472999999999999,
			"y" : 1.5237966000000001,
			"z" : 0.19521759999999999
		}
	},
	"candidate_14" : 
	{
		"gripper" : 5,
		"method" : 3,
		"orientation" : 
		{
			"w" : 0.029031446295735182,
			"x" : 0.91701402641335628,
			"y" : 0.39207257378980914,
			"z" : 0.067242452133876793
		},
		"parent_frame_id" : "6dmimic_base",
		"position" : 
		{
			"x" : -0.13627900000000001,
			"y" : 1.5245276000000001,
			"z" : 0.1951254
		}
	},
	"candidate_15" : 
	{
		"gripper" : 5,
		"method" : 3,
		"orientation" : 
		{
			"w" : 0.47539196623492241,
			"x" : -0.85363988594113471,
			"y" : -0.20320618517517905,
			"z" : -0.063314057493196407
		},
		"parent_frame_id" : "6dmimic_base",
		"position" : 
		{
			"x" : -0.2350409,
			"y" : 1.8328717000000001,
			"z" : 0.3792606
		}
	},
	"candidate_16" : 
	{
		"gripper" : 5,
		"method" : 3,
		"orientation" : 
		{
			"w" : 0.47590746446387572,
			"x" : -0.85759419060029718,
			"y" : -0.19449970711893899,
			"z" : -0.014633982603283927
		},
		"parent_frame_id" : "6dmimic_base",
		"position" : 
		{
			"x" : -0.24103269999999999,
			"y" : 1.8321331000000001,
			"z" : 0.3809727
		}
	},
	"candidate_17" : 
	{
		"gripper" : 5,
		"method" : 3,
		"orientation" : 
		{
			"w" : 0.47348995428197382,
			"x" : -0.85723798679933894,
			"y" : -0.20101808276116448,
			"z" : -0.023281485891076092
		},
		"parent_frame_id" : "6dmimic_base",
		"position" : 
		{
			"x" : -0.24520980000000001,
			"y" : 1.8324096999999999,
			"z" : 0.37828840000000002
		}
	},
	"candidate_2" : 
	{
		"gripper" : 5,
		"method" : 3,
		"orientation" : 
		{
			"w" : 0.053725628691601593,
			"x" : 0.84538419944286247,
			"y" : -0.53143419931404645,
			"z" : 0.0040992625533373926
		},
		"parent_frame_id" : "6dmimic_base",
		"position" : 
		{
			"x" : -0.12046949999999999,
			"y" : 1.5408014999999999,
			"z" : 0.19353480000000001
		}
	},
	"candidate_3" : 
	{
		"gripper" : 5,
		"method" : 3,
		"orientation" : 
		{
			"w" : 0.06077000833906511,
			"x" : 0.95595795160090169,
			"y" : -0.28612081606680068,
			"z" : 0.024213208600803837
		},
		"parent_frame_id" : "6dmimic_base",
		"position" : 
		{
			"x" : -0.133829,
			"y" : 1.5421005000000001,
			"z" : 0.19455040000000001
		}
	},
	"candidate_4" : 
	{
		"gripper" : 5,
		"method" : 3,
		"orientation" : 
		{
			"w" : 0.063181392973617689,
			"x" : 0.95429122556627077,
			"y" : -0.29100993059945962,
			"z" : 0.025487029674637871
		},
		"parent_frame_id" : "6dmimic_base",
		"position" : 
		{
			"x" : -0.13095599999999999,
			"y" : 1.5422742,
			"z" : 0.1949369
		}
	},
	"candidate_5" : 
	{
		"gripper" : 5,
		"method" : 3,
		"orientation" : 
		{
			"w" : 0.065122719419123218,
			"x" : 0.95544477996938959,
			"y" : -0.28695547539496391,
			"z" : 0.023256375159372324
		},
		"parent_frame_id" : "6dmimic_base",
		"position" : 
		{
			"x" : -0.1333164,
			"y" : 1.5418084999999999,
			"z" : 0.19489390000000001
		}
	},
	"candidate_6" : 
	{
		"gripper" : 5,
		"method" : 3,
		"orientation" : 
		{
			"w" : 0.043694971197292536,
			"x" : 0.99751532884160743,
			"y" : 0.031538254747086554,
			"z" : 0.045379033766657466
		},
		"parent_frame_id" : "6dmimic_base",
		"position" : 
		{
			"x" : -0.13482559999999999,
			"y" : 1.5374004999999999,
			"z" : 0.19510759999999999
		}
	},
	"candidate_7" : 
	{
		"gripper" : 5,
		"method" : 3,
		"orientation" : 
		{
			"w" : 0.041822176196737663,
			"x" : 0.9978861295860314,
			"y" : 0.027831273540590087,
			"z" : 0.041226183076874666
		},
		"parent_frame_id" : "6dmimic_base",
		"position" : 
		{
			"x" : -0.13564580000000001,
			"y" : 1.5378822000000001,
			"z" : 0.19507140000000001
		}
	},
	"candidate_8" : 
	{
		"gripper" : 5,
		"method" : 3,
		"orientation" : 
		{
			"w" : 0.039152091436939977,
			"x" : 0.99792652965285833,
			"y" : 0.033011518537854737,
			"z" : 0.038987110625710877
		},
		"parent_frame_id" : "6dmimic_base",
		"position" : 
		{
			"x" : -0.13680539999999999,
			"y" : 1.5373686,
			"z" : 0.19488259999999999
		}
	},
	"candidate_9" : 
	{
		"gripper" : 5,
		"method" : 3,
		"orientation" : 
		{
			"w" : 0.03253286264051778,
			"x" : 0.97345286100198536,
			"y" : 0.22175458706347398,
			"z" : 0.046433214101228915
		},
		"parent_frame_id" : "6dmimic_base",
		"position" : 
		{
			"x" : -0.1375062,
			"y" : 1.5331074,
			"z" : 0.19491140000000001
		}
	}
}
