{
	"candidate_0" : 
	{
		"gripper" : 5,
		"method" : 3,
		"orientation" : 
		{
			"w" : 0.028489861183301206,
			"x" : 0.83127664976560589,
			"y" : -0.55505598909941256,
			"z" : 0.0089614914550731443
		},
		"parent_frame_id" : "6dmimic_base",
		"position" : 
		{
			"x" : -0.077100100000000005,
			"y" : 1.5335171000000001,
			"z" : 0.15164159999999999
		}
	},
	"candidate_1" : 
	{
		"gripper" : 5,
		"method" : 3,
		"orientation" : 
		{
			"w" : 0.033321411751080429,
			"x" : 0.81162556617011894,
			"y" : -0.58315678120595749,
			"z" : -0.0090439146090577297
		},
		"parent_frame_id" : "6dmimic_base",
		"position" : 
		{
			"x" : -0.081199300000000002,
			"y" : 1.5337235,
			"z" : 0.15164340000000001
		}
	},
	"candidate_2" : 
	{
		"gripper" : 5,
		"method" : 3,
		"orientation" : 
		{
			"w" : 0.031369107909661811,
			"x" : 0.81215482683875295,
			"y" : -0.58246842508411745,
			"z" : -0.012290243752460591
		},
		"parent_frame_id" : "6dmimic_base",
		"position" : 
		{
			"x" : -0.084375800000000001,
			"y" : 1.5330193000000001,
			"z" : 0.15150159999999999
		}
	},
	"candidate_3" : 
	{
		"gripper" : 5,
		"method" : 3,
		"orientation" : 
		{
			"w" : 0.027493030959048877,
			"x" : 0.81066754726075185,
			"y" : -0.58467282663597919,
			"z" : -0.01483060553098672
		},
		"parent_frame_id" : "6dmimic_base",
		"position" : 
		{
			"x" : -0.085239700000000002,
			"y" : 1.5344374000000001,
			"z" : 0.15167240000000001
		}
	},
	"candidate_4" : 
	{
		"gripper" : 5,
		"method" : 3,
		"orientation" : 
		{
			"w" : 0.019003900133205413,
			"x" : 0.81248738785413366,
			"y" : -0.58247080125391115,
			"z" : -0.015194145067101076
		},
		"parent_frame_id" : "6dmimic_base",
		"position" : 
		{
			"x" : -0.086746400000000001,
			"y" : 1.5347211000000001,
			"z" : 0.15171660000000001
		}
	},
	"candidate_5" : 
	{
		"gripper" : 5,
		"method" : 3,
		"orientation" : 
		{
			"w" : 0.01610473712518546,
			"x" : 0.81632715077094054,
			"y" : -0.57728438295379436,
			"z" : -0.0096623782778197751
		},
		"parent_frame_id" : "6dmimic_base",
		"position" : 
		{
			"x" : -0.085482299999999997,
			"y" : 1.5345081,
			"z" : 0.15182370000000001
		}
	},
	"candidate_6" : 
	{
		"gripper" : 5,
		"method" : 3,
		"orientation" : 
		{
			"w" : 0.016091123120756584,
			"x" : 0.82272742425620449,
			"y" : -0.5679777317272845,
			"z" : -0.01618509794201714
		},
		"parent_frame_id" : "6dmimic_base",
		"position" : 
		{
			"x" : -0.087197700000000003,
			"y" : 1.5356380999999999,
			"z" : 0.15176909999999999
		}
	}
}
