{
	"candidate_0" : 
	{
		"gripper" : 5,
		"method" : 3,
		"orientation" : 
		{
			"w" : 0.045591023507702062,
			"x" : 0.99739940906986091,
			"y" : 0.04196966783109532,
			"z" : 0.036802504599008593
		},
		"parent_frame_id" : "linear_groundtruth_frame_id",
		"position" : 
		{
			"x" : -0.00072964995154989332,
			"y" : 0.077929707605275733,
			"z" : 0.018071165887923485
		}
	},
	"candidate_1" : 
	{
		"gripper" : 5,
		"method" : 3,
		"orientation" : 
		{
			"w" : 0.04411931235167714,
			"x" : 0.99743151978465172,
			"y" : 0.043449684794782992,
			"z" : 0.035999645955608624
		},
		"parent_frame_id" : "linear_groundtruth_frame_id",
		"position" : 
		{
			"x" : -0.001641921170705718,
			"y" : 0.088821149885754958,
			"z" : 0.017266462207250241
		}
	},
	"candidate_10" : 
	{
		"gripper" : 5,
		"method" : 3,
		"orientation" : 
		{
			"w" : 0.033979356894797204,
			"x" : 0.99795995871589993,
			"y" : 0.05258980573101861,
			"z" : 0.012475433377206852
		},
		"parent_frame_id" : "linear_groundtruth_frame_id",
		"position" : 
		{
			"x" : -0.0020529903308670328,
			"y" : 0.18041719569211956,
			"z" : 0.017821831214234279
		}
	},
	"candidate_2" : 
	{
		"gripper" : 5,
		"method" : 3,
		"orientation" : 
		{
			"w" : 0.033346005034732853,
			"x" : 0.99832608239046539,
			"y" : 0.039312594326467977,
			"z" : 0.026222072657436167
		},
		"parent_frame_id" : "linear_groundtruth_frame_id",
		"position" : 
		{
			"x" : -0.0027938717441144956,
			"y" : 0.097947154900453082,
			"z" : 0.017320239136571276
		}
	},
	"candidate_3" : 
	{
		"gripper" : 5,
		"method" : 3,
		"orientation" : 
		{
			"w" : 0.036300431492202093,
			"x" : 0.99813498285167868,
			"y" : 0.044524606489516547,
			"z" : 0.020649312291520741
		},
		"parent_frame_id" : "linear_groundtruth_frame_id",
		"position" : 
		{
			"x" : -0.0018905397569244364,
			"y" : 0.10650293182653581,
			"z" : 0.01700782242442285
		}
	},
	"candidate_4" : 
	{
		"gripper" : 5,
		"method" : 3,
		"orientation" : 
		{
			"w" : 0.026266205214341552,
			"x" : 0.9984784685937681,
			"y" : 0.04649732040851149,
			"z" : 0.013741667042607476
		},
		"parent_frame_id" : "linear_groundtruth_frame_id",
		"position" : 
		{
			"x" : -0.0021287762239505792,
			"y" : 0.11823976352398718,
			"z" : 0.017645826453784222
		}
	},
	"candidate_5" : 
	{
		"gripper" : 5,
		"method" : 3,
		"orientation" : 
		{
			"w" : 0.023164877724402341,
			"x" : 0.99905532914506101,
			"y" : 0.032258711137908277,
			"z" : 0.017641238692004818
		},
		"parent_frame_id" : "linear_groundtruth_frame_id",
		"position" : 
		{
			"x" : -0.00070801501489192731,
			"y" : 0.12941453928796098,
			"z" : 0.017563483137493591
		}
	},
	"candidate_6" : 
	{
		"gripper" : 5,
		"method" : 3,
		"orientation" : 
		{
			"w" : 0.027432661647484913,
			"x" : 0.99902685401308844,
			"y" : 0.030504794451019633,
			"z" : 0.01619418263287448
		},
		"parent_frame_id" : "linear_groundtruth_frame_id",
		"position" : 
		{
			"x" : -0.0014922369728889162,
			"y" : 0.13971984542781068,
			"z" : 0.017780237156074012
		}
	},
	"candidate_7" : 
	{
		"gripper" : 5,
		"method" : 3,
		"orientation" : 
		{
			"w" : 0.029611288129321574,
			"x" : 0.99794796342569203,
			"y" : 0.053333268225683475,
			"z" : 0.019457554065273056
		},
		"parent_frame_id" : "linear_groundtruth_frame_id",
		"position" : 
		{
			"x" : -0.002475407604792812,
			"y" : 0.14803267491685257,
			"z" : 0.017342179483298741
		}
	},
	"candidate_8" : 
	{
		"gripper" : 5,
		"method" : 3,
		"orientation" : 
		{
			"w" : 0.03410195270903281,
			"x" : 0.99913789000806641,
			"y" : 0.02146351587140161,
			"z" : 0.0099925501298721506
		},
		"parent_frame_id" : "linear_groundtruth_frame_id",
		"position" : 
		{
			"x" : -0.0024588125599003252,
			"y" : 0.15909690243404762,
			"z" : 0.017969889473841386
		}
	},
	"candidate_9" : 
	{
		"gripper" : 5,
		"method" : 3,
		"orientation" : 
		{
			"w" : 0.034557107183016154,
			"x" : 0.99804523442747839,
			"y" : 0.047905340647182278,
			"z" : 0.020410652052756335
		},
		"parent_frame_id" : "linear_groundtruth_frame_id",
		"position" : 
		{
			"x" : -0.0011359519875004942,
			"y" : 0.17145900644457956,
			"z" : 0.017742960611013811
		}
	}
}
