{
	"object_pose_0" : 
	{
		"orientation" : 
		{
			"w" : 0.12557000644593619,
			"x" : 0.35551540876777704,
			"y" : 0.88808530141813324,
			"z" : -0.26295478952370277
		},
		"parent_frame_id" : "camera_link",
		"position" : 
		{
			"x" : 0.004717527161423412,
			"y" : 0.022792828954906197,
			"z" : 0.55936499863488176
		}
	}
}
