{
	"candidate_0" : 
	{
		"gripper" : 5,
		"method" : 3,
		"orientation" : 
		{
			"w" : 0.058255281751624449,
			"x" : 0.82137807675800367,
			"y" : -0.56734084247234007,
			"z" : -0.0082912985796935942
		},
		"parent_frame_id" : "6dmimic_base",
		"position" : 
		{
			"x" : 0.0135964,
			"y" : 1.5696623000000001,
			"z" : 0.079088500000000006
		}
	},
	"candidate_1" : 
	{
		"gripper" : 5,
		"method" : 3,
		"orientation" : 
		{
			"w" : 0.056582091660888102,
			"x" : 0.82228794174990583,
			"y" : -0.56619456412465463,
			"z" : -0.0080450799669566711
		},
		"parent_frame_id" : "6dmimic_base",
		"position" : 
		{
			"x" : 0.023810700000000001,
			"y" : 1.5735242,
			"z" : 0.078162700000000002
		}
	},
	"candidate_10" : 
	{
		"gripper" : 5,
		"method" : 3,
		"orientation" : 
		{
			"w" : 0.034217753548887397,
			"x" : 0.82798133945259189,
			"y" : -0.55932755714734805,
			"z" : -0.020705812612392314
		},
		"parent_frame_id" : "6dmimic_base",
		"position" : 
		{
			"x" : 0.1118138,
			"y" : 1.5989294999999999,
			"z" : 0.077581200000000003
		}
	},
	"candidate_2" : 
	{
		"gripper" : 5,
		"method" : 3,
		"orientation" : 
		{
			"w" : 0.042135093202378279,
			"x" : 0.82040925051403268,
			"y" : -0.57014533242911514,
			"z" : -0.0093592468246046449
		},
		"parent_frame_id" : "6dmimic_base",
		"position" : 
		{
			"x" : 0.032275499999999999,
			"y" : 1.5771241,
			"z" : 0.078121099999999999
		}
	},
	"candidate_3" : 
	{
		"gripper" : 5,
		"method" : 3,
		"orientation" : 
		{
			"w" : 0.041079361013134447,
			"x" : 0.82334176694284555,
			"y" : -0.56584267399546073,
			"z" : -0.015584902689864425
		},
		"parent_frame_id" : "6dmimic_base",
		"position" : 
		{
			"x" : 0.040746699999999997,
			"y" : 1.5785956999999999,
			"z" : 0.077687400000000004
		}
	},
	"candidate_4" : 
	{
		"gripper" : 5,
		"method" : 3,
		"orientation" : 
		{
			"w" : 0.028889838823872336,
			"x" : 0.82473594175865261,
			"y" : -0.56457904224724897,
			"z" : -0.015050203964671174
		},
		"parent_frame_id" : "6dmimic_base",
		"position" : 
		{
			"x" : 0.051981800000000002,
			"y" : 1.5820227,
			"z" : 0.078182600000000005
		}
	},
	"candidate_5" : 
	{
		"gripper" : 5,
		"method" : 3,
		"orientation" : 
		{
			"w" : 0.028911687157380336,
			"x" : 0.81665237308144445,
			"y" : -0.57631721981001971,
			"z" : -0.010073630756003767
		},
		"parent_frame_id" : "6dmimic_base",
		"position" : 
		{
			"x" : 0.063117199999999998,
			"y" : 1.5837091000000001,
			"z" : 0.077937900000000004
		}
	},
	"candidate_6" : 
	{
		"gripper" : 5,
		"method" : 3,
		"orientation" : 
		{
			"w" : 0.031461939460447334,
			"x" : 0.81555701453149287,
			"y" : -0.57765599661560751,
			"z" : -0.013800434337176969
		},
		"parent_frame_id" : "6dmimic_base",
		"position" : 
		{
			"x" : 0.072819400000000006,
			"y" : 1.5872754,
			"z" : 0.0780386
		}
	},
	"candidate_7" : 
	{
		"gripper" : 5,
		"method" : 3,
		"orientation" : 
		{
			"w" : 0.034934656113479914,
			"x" : 0.82849165189463836,
			"y" : -0.55877083544482542,
			"z" : -0.012502239776065585
		},
		"parent_frame_id" : "6dmimic_base",
		"position" : 
		{
			"x" : 0.08054,
			"y" : 1.5904967999999999,
			"z" : 0.077512700000000004
		}
	},
	"candidate_8" : 
	{
		"gripper" : 5,
		"method" : 3,
		"orientation" : 
		{
			"w" : 0.03313598494485024,
			"x" : 0.81013095525664003,
			"y" : -0.58486872969688286,
			"z" : -0.022768637628393425
		},
		"parent_frame_id" : "6dmimic_base",
		"position" : 
		{
			"x" : 0.091197500000000001,
			"y" : 1.5934950999999999,
			"z" : 0.078001899999999999
		}
	},
	"candidate_9" : 
	{
		"gripper" : 5,
		"method" : 3,
		"orientation" : 
		{
			"w" : 0.039510236243202289,
			"x" : 0.82530606382877381,
			"y" : -0.56310927104470754,
			"z" : -0.014723827727883448
		},
		"parent_frame_id" : "6dmimic_base",
		"position" : 
		{
			"x" : 0.10344589999999999,
			"y" : 1.5956017,
			"z" : 0.077599399999999999
		}
	}
}
