{
	"candidate_0" : 
	{
		"gripper" : 5,
		"method" : 3,
		"orientation" : 
		{
			"w" : -0.44155156055570299,
			"x" : -0.5167640971286066,
			"y" : -0.57891962109400996,
			"z" : 0.45037668634382866
		},
		"parent_frame_id" : "angular_groundtruth_frame_id",
		"position" : 
		{
			"x" : 0.01574394635483984,
			"y" : 0.092937856728240939,
			"z" : 0.037746709894894412
		}
	},
	"candidate_1" : 
	{
		"gripper" : 5,
		"method" : 3,
		"orientation" : 
		{
			"w" : -0.44971600973109221,
			"x" : -0.51456678898228148,
			"y" : -0.5838247731860029,
			"z" : 0.43832084650666669
		},
		"parent_frame_id" : "angular_groundtruth_frame_id",
		"position" : 
		{
			"x" : 0.012722999613069098,
			"y" : 0.092787962669838145,
			"z" : 0.037074780131305218
		}
	},
	"candidate_10" : 
	{
		"gripper" : 5,
		"method" : 3,
		"orientation" : 
		{
			"w" : 0.27925873377648264,
			"x" : 0.62739820169161808,
			"y" : 0.68507306816534652,
			"z" : -0.24302458188051304
		},
		"parent_frame_id" : "angular_groundtruth_frame_id",
		"position" : 
		{
			"x" : 0.011920759072947946,
			"y" : 0.064119976405795309,
			"z" : 0.073219786693535183
		}
	},
	"candidate_11" : 
	{
		"gripper" : 5,
		"method" : 3,
		"orientation" : 
		{
			"w" : 0.27389676504673088,
			"x" : 0.63306616955929862,
			"y" : 0.6823752607487622,
			"z" : -0.24201609569305868
		},
		"parent_frame_id" : "angular_groundtruth_frame_id",
		"position" : 
		{
			"x" : 0.0066116651450958356,
			"y" : 0.064488149776851938,
			"z" : 0.072899356902978107
		}
	},
	"candidate_12" : 
	{
		"gripper" : 5,
		"method" : 3,
		"orientation" : 
		{
			"w" : 0.043556613910033432,
			"x" : 0.69351129182634708,
			"y" : 0.71821265576298499,
			"z" : -0.036269692525903965
		},
		"parent_frame_id" : "angular_groundtruth_frame_id",
		"position" : 
		{
			"x" : 0.002181907047055869,
			"y" : 0.024128427063779885,
			"z" : 0.094206117634020536
		}
	},
	"candidate_13" : 
	{
		"gripper" : 5,
		"method" : 3,
		"orientation" : 
		{
			"w" : 0.044725727875983973,
			"x" : 0.692614940928301,
			"y" : 0.71930155996657463,
			"z" : -0.029823123553746625
		},
		"parent_frame_id" : "angular_groundtruth_frame_id",
		"position" : 
		{
			"x" : 0.0048553359459748025,
			"y" : 0.023771774486058234,
			"z" : 0.094019094761792182
		}
	},
	"candidate_14" : 
	{
		"gripper" : 5,
		"method" : 3,
		"orientation" : 
		{
			"w" : 0.051862458116743233,
			"x" : 0.68619005106847153,
			"y" : 0.72516095556855753,
			"z" : -0.024394420912046355
		},
		"parent_frame_id" : "angular_groundtruth_frame_id",
		"position" : 
		{
			"x" : 0.0040626964020973365,
			"y" : 0.02370417692028539,
			"z" : 0.093828489401722504
		}
	},
	"candidate_15" : 
	{
		"gripper" : 5,
		"method" : 3,
		"orientation" : 
		{
			"w" : 0.048576305551553053,
			"x" : 0.68758981170346289,
			"y" : 0.72419037305545453,
			"z" : -0.02022120061619569
		},
		"parent_frame_id" : "angular_groundtruth_frame_id",
		"position" : 
		{
			"x" : 0.0048219325900117236,
			"y" : 0.023298508527444958,
			"z" : 0.093701752580389625
		}
	},
	"candidate_16" : 
	{
		"gripper" : 5,
		"method" : 3,
		"orientation" : 
		{
			"w" : 0.045596948972095597,
			"x" : 0.68673797926029601,
			"y" : 0.72543975744581857,
			"z" : -0.0070017428454092687
		},
		"parent_frame_id" : "angular_groundtruth_frame_id",
		"position" : 
		{
			"x" : 0.0071712078376998008,
			"y" : 0.023515617026406369,
			"z" : 0.09325317772814451
		}
	},
	"candidate_17" : 
	{
		"gripper" : 5,
		"method" : 3,
		"orientation" : 
		{
			"w" : 0.03201466335968637,
			"x" : 0.68843206403633983,
			"y" : 0.72442624944124467,
			"z" : -0.015587291526188578
		},
		"parent_frame_id" : "angular_groundtruth_frame_id",
		"position" : 
		{
			"x" : 0.0025143948577803165,
			"y" : 0.024074203978553345,
			"z" : 0.093690316136503707
		}
	},
	"candidate_18" : 
	{
		"gripper" : 5,
		"method" : 3,
		"orientation" : 
		{
			"w" : -0.0387294321895068,
			"x" : 0.69248360592552882,
			"y" : 0.71843992631202125,
			"z" : 0.053014704445394738
		},
		"parent_frame_id" : "angular_groundtruth_frame_id",
		"position" : 
		{
			"x" : 0.0005979215623945159,
			"y" : 0.0030286828503209703,
			"z" : 0.096793502017042343
		}
	},
	"candidate_19" : 
	{
		"gripper" : 5,
		"method" : 3,
		"orientation" : 
		{
			"w" : -0.033221146972408785,
			"x" : 0.69134629205789466,
			"y" : 0.71966403594907691,
			"z" : 0.054957576485173305
		},
		"parent_frame_id" : "angular_groundtruth_frame_id",
		"position" : 
		{
			"x" : 0.0016024632266877711,
			"y" : 0.0028341345023557099,
			"z" : 0.096816796241435993
		}
	},
	"candidate_2" : 
	{
		"gripper" : 5,
		"method" : 3,
		"orientation" : 
		{
			"w" : -0.45067690253524584,
			"x" : -0.51134213639549853,
			"y" : -0.59095512561291552,
			"z" : 0.43149923357932796
		},
		"parent_frame_id" : "angular_groundtruth_frame_id",
		"position" : 
		{
			"x" : 0.011132274351375034,
			"y" : 0.093514167663881792,
			"z" : 0.034040371666987493
		}
	},
	"candidate_20" : 
	{
		"gripper" : 5,
		"method" : 3,
		"orientation" : 
		{
			"w" : -0.039341651415253427,
			"x" : 0.69076970374689317,
			"y" : 0.72026817034708601,
			"z" : 0.050032126021299021
		},
		"parent_frame_id" : "angular_groundtruth_frame_id",
		"position" : 
		{
			"x" : -0.00065801789952035566,
			"y" : 0.0034230132232971038,
			"z" : 0.09731709901013344
		}
	},
	"candidate_21" : 
	{
		"gripper" : 5,
		"method" : 3,
		"orientation" : 
		{
			"w" : -0.035974955308529316,
			"x" : 0.69026795429541243,
			"y" : 0.72040784430359694,
			"z" : 0.056995541310001466
		},
		"parent_frame_id" : "angular_groundtruth_frame_id",
		"position" : 
		{
			"x" : -0.00066685915731135026,
			"y" : 0.0036004576171563339,
			"z" : 0.097169484586562424
		}
	},
	"candidate_22" : 
	{
		"gripper" : 5,
		"method" : 3,
		"orientation" : 
		{
			"w" : -0.028700625061436391,
			"x" : 0.69224549457346529,
			"y" : 0.71839479487360147,
			"z" : 0.062300626500361403
		},
		"parent_frame_id" : "angular_groundtruth_frame_id",
		"position" : 
		{
			"x" : 0.00095394995939830423,
			"y" : 0.0030086093778224467,
			"z" : 0.096789965933524125
		}
	},
	"candidate_23" : 
	{
		"gripper" : 5,
		"method" : 3,
		"orientation" : 
		{
			"w" : -0.030193023255560412,
			"x" : 0.69579171312155808,
			"y" : 0.71510711985948117,
			"z" : 0.059867189881722613
		},
		"parent_frame_id" : "angular_groundtruth_frame_id",
		"position" : 
		{
			"x" : 0.002585021728965809,
			"y" : 0.0034716237675051966,
			"z" : 0.097032424983424445
		}
	},
	"candidate_24" : 
	{
		"gripper" : 5,
		"method" : 3,
		"orientation" : 
		{
			"w" : -0.029419805956007589,
			"x" : 0.6813124488544553,
			"y" : 0.72834914775944515,
			"z" : 0.066748340889839247
		},
		"parent_frame_id" : "angular_groundtruth_frame_id",
		"position" : 
		{
			"x" : 0.0028467877980353617,
			"y" : 0.00081129103622332686,
			"z" : 0.096495287679093988
		}
	},
	"candidate_25" : 
	{
		"gripper" : 5,
		"method" : 3,
		"orientation" : 
		{
			"w" : -0.088612685783346315,
			"x" : 0.69297194819077068,
			"y" : 0.70577854773008664,
			"z" : 0.11753430351586587
		},
		"parent_frame_id" : "angular_groundtruth_frame_id",
		"position" : 
		{
			"x" : -0.001357009874359957,
			"y" : -0.023498874213175258,
			"z" : 0.093307102084736776
		}
	},
	"candidate_26" : 
	{
		"gripper" : 5,
		"method" : 3,
		"orientation" : 
		{
			"w" : -0.089554139268306673,
			"x" : 0.69085428181745079,
			"y" : 0.7070849417287205,
			"z" : 0.12137257768910945
		},
		"parent_frame_id" : "angular_groundtruth_frame_id",
		"position" : 
		{
			"x" : -0.0015645380742072439,
			"y" : -0.025038678148836653,
			"z" : 0.093190281239249023
		}
	},
	"candidate_27" : 
	{
		"gripper" : 5,
		"method" : 3,
		"orientation" : 
		{
			"w" : -0.082417295791678627,
			"x" : 0.70061795421871365,
			"y" : 0.69837129938043896,
			"z" : 0.12091070995759021
		},
		"parent_frame_id" : "angular_groundtruth_frame_id",
		"position" : 
		{
			"x" : 0.0011773216339844672,
			"y" : -0.026420059095542958,
			"z" : 0.092904824033779893
		}
	},