{
	"object_pose_0" : 
	{
		"orientation" : 
		{
			"w" : -0.081502088936973416,
			"x" : -0.32805079166885581,
			"y" : 0.89977466967022368,
			"z" : -0.27594533639008123
		},
		"parent_frame_id" : "camera_link",
		"position" : 
		{
			"x" : -0.014918381584266378,
			"y" : -0.045042792644247293,
			"z" : 0.55435717056356149
		}
	}
}
