{
	"candidate_0" : 
	{
		"gripper" : 5,
		"method" : 3,
		"orientation" : 
		{
			"w" : 0.35856325594693927,
			"x" : -0.65839766587006043,
			"y" : 0.39555052201733998,
			"z" : 0.53055130722051369
		},
		"parent_frame_id" : "6dmimic_base",
		"position" : 
		{
			"x" : -0.095672599999999997,
			"y" : 1.4659359999999999,
			"z" : 0.13113469999999999
		}
	},
	"candidate_1" : 
	{
		"gripper" : 5,
		"method" : 3,
		"orientation" : 
		{
			"w" : 0.34523837211344183,
			"x" : -0.66284119256170815,
			"y" : 0.39225496184260755,
			"z" : 0.53627237927538995
		},
		"parent_frame_id" : "6dmimic_base",
		"position" : 
		{
			"x" : -0.092938000000000007,
			"y" : 1.4672286000000001,
			"z" : 0.13042110000000001
		}
	},
	"candidate_10" : 
	{
		"gripper" : 5,
		"method" : 3,
		"orientation" : 
		{
			"w" : -0.18631783573757019,
			"x" : 0.78749298675815216,
			"y" : -0.48354029844898017,
			"z" : -0.33366036574436558
		},
		"parent_frame_id" : "6dmimic_base",
		"position" : 
		{
			"x" : -0.1022232,
			"y" : 1.4935799000000001,
			"z" : 0.1673839
		}
	},
	"candidate_11" : 
	{
		"gripper" : 5,
		"method" : 3,
		"orientation" : 
		{
			"w" : -0.18627588984244159,
			"x" : 0.78599350516920841,
			"y" : -0.48966730618941162,
			"z" : -0.32823989998845859
		},
		"parent_frame_id" : "6dmimic_base",
		"position" : 
		{
			"x" : -0.097159300000000004,
			"y" : 1.4952491000000001,
			"z" : 0.16697790000000001
		}
	},
	"candidate_12" : 
	{
		"gripper" : 5,
		"method" : 3,
		"orientation" : 
		{
			"w" : -0.028385212038325756,
			"x" : 0.83707143694172204,
			"y" : -0.54263089099387163,
			"z" : -0.063697765526407296
		},
		"parent_frame_id" : "6dmimic_base",
		"position" : 
		{
			"x" : -0.10782700000000001,
			"y" : 1.5341045,
			"z" : 0.18928320000000001
		}
	},
	"candidate_13" : 
	{
		"gripper" : 5,
		"method" : 3,
		"orientation" : 
		{
			"w" : -0.021854564695185784,
			"x" : 0.83802527552905515,
			"y" : -0.54147016268765136,
			"z" : -0.063608792595391581
		},
		"parent_frame_id" : "6dmimic_base",
		"position" : 
		{
			"x" : -0.11044950000000001,
			"y" : 1.5334293000000001,
			"z" : 0.18914220000000001
		}
	},
	"candidate_14" : 
	{
		"gripper" : 5,
		"method" : 3,
		"orientation" : 
		{
			"w" : -0.015279566394537696,
			"x" : 0.84253358207887541,
			"y" : -0.53391526293353997,
			"z" : -0.069557098320320532
		},
		"parent_frame_id" : "6dmimic_base",
		"position" : 
		{
			"x" : -0.10974299999999999,
			"y" : 1.533795,
			"z" : 0.18894130000000001
		}
	},
	"candidate_15" : 
	{
		"gripper" : 5,
		"method" : 3,
		"orientation" : 
		{
			"w" : -0.01179150472869479,
			"x" : 0.84192431159442138,
			"y" : -0.5354710616400743,
			"z" : -0.065537440509563366
		},
		"parent_frame_id" : "6dmimic_base",
		"position" : 
		{
			"x" : -0.11060449999999999,
			"y" : 1.5338877,
			"z" : 0.1888348
		}
	},
	"candidate_16" : 
	{
		"gripper" : 5,
		"method" : 3,
		"orientation" : 
		{
			"w" : 0.00058821087732908311,
			"x" : 0.84315426637595448,
			"y" : -0.53430416546773507,
			"z" : -0.060079912315324863
		},
		"parent_frame_id" : "6dmimic_base",
		"position" : 
		{
			"x" : -0.1127148,
			"y" : 1.5328056999999999,
			"z" : 0.18841269999999999
		}
	},
	"candidate_17" : 
	{
		"gripper" : 5,
		"method" : 3,
		"orientation" : 
		{
			"w" : -0.01041651116532492,
			"x" : 0.84252011750687894,
			"y" : -0.53638428077946465,
			"z" : -0.048407140217470654
		},
		"parent_frame_id" : "6dmimic_base",
		"position" : 
		{
			"x" : -0.1081679,
			"y" : 1.5340381999999999,
			"z" : 0.18877160000000001
		}
	},
	"candidate_18" : 
	{
		"gripper" : 5,
		"method" : 3,
		"orientation" : 
		{
			"w" : 0.04343138191503379,
			"x" : 0.83880462832265978,
			"y" : -0.54161933601933177,
			"z" : 0.034190721247335028
		},
		"parent_frame_id" : "6dmimic_base",
		"position" : 
		{
			"x" : -0.1142751,
			"y" : 1.5542887000000001,
			"z" : 0.1923724
		}
	},
	"candidate_19" : 
	{
		"gripper" : 5,
		"method" : 3,
		"orientation" : 
		{
			"w" : 0.046371287460671276,
			"x" : 0.8397570506036558,
			"y" : -0.5401921556607624,
			"z" : 0.029158782952440301
		},
		"parent_frame_id" : "6dmimic_base",
		"position" : 
		{
			"x" : -0.1152813,
			"y" : 1.5540897,
			"z" : 0.1924148
		}
	},
	"candidate_2" : 
	{
		"gripper" : 5,
		"method" : 3,
		"orientation" : 
		{
			"w" : 0.33846507049214847,
			"x" : -0.669282789895431,
			"y" : 0.38764893000306622,
			"z" : 0.53593866279081925
		},
		"parent_frame_id" : "6dmimic_base",
		"position" : 
		{
			"x" : -0.091253600000000004,
			"y" : 1.4672064,
			"z" : 0.12733549999999999
		}
	},
	"candidate_20" : 
	{
		"gripper" : 5,
		"method" : 3,
		"orientation" : 
		{
			"w" : 0.040351757178548359,
			"x" : 0.84024405295001192,
			"y" : -0.53962082091663743,
			"z" : 0.034220415076316686
		},
		"parent_frame_id" : "6dmimic_base",
		"position" : 
		{
			"x" : -0.1129476,
			"y" : 1.5543874,
			"z" : 0.1928704
		}
	},
	"candidate_21" : 
	{
		"gripper" : 5,
		"method" : 3,
		"orientation" : 
		{
			"w" : 0.047824925865139339,
			"x" : 0.84032718753817348,
			"y" : -0.539001392819075,
			"z" : 0.032256672011764839
		},
		"parent_frame_id" : "6dmimic_base",
		"position" : 
		{
			"x" : -0.11287560000000001,
			"y" : 1.5542282000000001,
			"z" : 0.19271779999999999
		}
	},
	"candidate_22" : 
	{
		"gripper" : 5,
		"method" : 3,
		"orientation" : 
		{
			"w" : 0.054466278593138892,
			"x" : 0.8387196872366266,
			"y" : -0.54120211643793315,
			"z" : 0.026133884154712066
		},
		"parent_frame_id" : "6dmimic_base",
		"position" : 
		{
			"x" : -0.11461349999999999,
			"y" : 1.5541729,
			"z" : 0.1923744
		}
	},
	"candidate_23" : 
	{
		"gripper" : 5,
		"method" : 3,
		"orientation" : 
		{
			"w" : 0.051859580117582203,
			"x" : 0.83616197620508137,
			"y" : -0.54535125447917487,
			"z" : 0.027124578094992701
		},
		"parent_frame_id" : "6dmimic_base",
		"position" : 
		{
			"x" : -0.1159482,
			"y" : 1.5531216000000001,
			"z" : 0.19262960000000001
		}
	},
	"candidate_24" : 
	{
		"gripper" : 5,
		"method" : 3,
		"orientation" : 
		{
			"w" : 0.058486278783661763,
			"x" : 0.84644404013363495,
			"y" : -0.52852971637385227,
			"z" : 0.027716078836382503
		},
		"parent_frame_id" : "6dmimic_base",
		"position" : 
		{
			"x" : -0.1172092,
			"y" : 1.555507,
			"z" : 0.1921592
		}
	},
	"candidate_25" : 
	{
		"gripper" : 5,
		"method" : 3,
		"orientation" : 
		{
			"w" : 0.097313038068286117,
			"x" : 0.82761832627434773,
			"y" : -0.54445592358284689,
			"z" : 0.095633811553846496
		},
		"parent_frame_id" : "6dmimic_base",
		"position" : 
		{
			"x" : -0.1225666,
			"y" : 1.5797676,
			"z" : 0.1894933
		}
	},
	"candidate_26" : 
	{
		"gripper" : 5,
		"method" : 3,
		"orientation" : 
		{
			"w" : 0.10086549826575926,
			"x" : 0.82854329444008068,
			"y" : -0.54210148430252436,
			"z" : 0.097304374079368705
		},
		"parent_frame_id" : "6dmimic_base",
		"position" : 
		{
			"x" : -0.1229586,
			"y" : 1.5812805999999999,
			"z" : 0.18941069999999999
		}
	},
	"candidate_27" : 
	{
		"gripper" : 5,
		"method" : 3,
		"orientation" : 
		{
			"w" : 0.10196427731762976,
			"x" : 0.8217946327132809,
			"y" : -0.55328350314946528,
			"z" : 0.090189982466972921
		},
		"parent_frame_id" : "6dmimic_base",
		"position" : 
		{
			"x" : -0.12603429999999999,
			"y" : 1.5815345999999999,
			"z" : 0.1891969
		}
	},
	"candidate_28" : 
	{
		"gripper" : 5,
		"method" : 3,
		"orientation" : 
		{
			"w" : 0.10385545785260258,
			"x" : 0.82150789637434229,
			"y" : -0.55463340442562137,
			"z" : 0.08197930692604094
		},
		"parent_frame_id" : "6dmimic_base",
		"position" : 
		{
			"x" : -0.1280251,
			"y" : 1.5817663,
			"z" : 0.1887288
		}
	},
	"candidate_29" : 
	{
		"gripper" : 5,
		"method" : 3,
		"orientation" : 
		{
			"w" : 0.099134275843383107,
			"x" : 0.83223758212144527,
			"y" : -0.53892394824077239,
			"z" : 0.084344414576400087
		},
		"parent_frame_id" : "6dmimic_base",
		"position" : 
		{
			"x" : -0.1222449,
			"y" : 1.5817330000000001,
			"z" : 0.1888822
		}
	},
	"candidate_3" : 
	{
		"gripper" : 5,