{
	"candidate_0" : 
	{
		"gripper" : 5,
		"method" : 3,
		"orientation" : 
		{
			"w" : 0.011665009600042096,
			"x" : 0.84653849147211369,
			"y" : 0.52964328867117871,
			"z" : 0.052100832745048786
		},
		"parent_frame_id" : "angular_groundtruth_frame_id",
		"position" : 
		{
			"x" : -0.0037525884753408776,
			"y" : 0.0039821274236028579,
			"z" : 0.095165258762195032
		}
	},
	"candidate_1" : 
	{
		"gripper" : 5,
		"method" : 3,
		"orientation" : 
		{
			"w" : 0.018945589783640939,
			"x" : 0.84857560947147448,
			"y" : 0.52547155109416366,
			"z" : 0.058652780228727386
		},
		"parent_frame_id" : "angular_groundtruth_frame_id",
		"position" : 
		{
			"x" : 0.00095834106658808458,
			"y" : 0.0032439383937323293,
			"z" : 0.094611474543086077
		}
	},
	"candidate_10" : 
	{
		"gripper" : 5,
		"method" : 3,
		"orientation" : 
		{
			"w" : 0.024071105972256257,
			"x" : 0.95592844919872211,
			"y" : 0.28821368188838431,
			"z" : 0.050539642283455762
		},
		"parent_frame_id" : "angular_groundtruth_frame_id",
		"position" : 
		{
			"x" : -0.00085160244764996909,
			"y" : 0.006840590857882441,
			"z" : 0.094998875697618237
		}
	},
	"candidate_11" : 
	{
		"gripper" : 5,
		"method" : 3,
		"orientation" : 
		{
			"w" : 0.021643531318730543,
			"x" : 0.95589551961842856,
			"y" : 0.28937517436618687,
			"z" : 0.045357707018862999
		},
		"parent_frame_id" : "angular_groundtruth_frame_id",
		"position" : 
		{
			"x" : -0.0023658650644872003,
			"y" : 0.0079642264752689054,
			"z" : 0.095232150693555687
		}
	},
	"candidate_12" : 
	{
		"gripper" : 5,
		"method" : 3,
		"orientation" : 
		{
			"w" : 0.017903715804152218,
			"x" : 0.95681505254233212,
			"y" : 0.28695879254053541,
			"z" : 0.042884304500552875
		},
		"parent_frame_id" : "angular_groundtruth_frame_id",
		"position" : 
		{
			"x" : -0.0027667306170293766,
			"y" : 0.0079097578596996291,
			"z" : 0.095452079953968538
		}
	},
	"candidate_13" : 
	{
		"gripper" : 5,
		"method" : 3,
		"orientation" : 
		{
			"w" : 0.017059089045719907,
			"x" : 0.95575734911492083,
			"y" : 0.29035510857313074,
			"z" : 0.043940733030242297
		},
		"parent_frame_id" : "angular_groundtruth_frame_id",
		"position" : 
		{
			"x" : -0.003343702993569544,
			"y" : 0.0079362299793637667,
			"z" : 0.095476034105180713
		}
	},
	"candidate_14" : 
	{
		"gripper" : 5,
		"method" : 3,
		"orientation" : 
		{
			"w" : 0.0091173273609602094,
			"x" : 0.99877893846409715,
			"y" : 0.046351430584785143,
			"z" : 0.014458606608811169
		},
		"parent_frame_id" : "angular_groundtruth_frame_id",
		"position" : 
		{
			"x" : 0.00097833951735700614,
			"y" : 0.010946384872812095,
			"z" : 0.095520688129860684
		}
	},
	"candidate_15" : 
	{
		"gripper" : 5,
		"method" : 3,
		"orientation" : 
		{
			"w" : 0.0082969338735653445,
			"x" : 0.99880850702034873,
			"y" : 0.046250218323856493,
			"z" : 0.013177423764731192
		},
		"parent_frame_id" : "angular_groundtruth_frame_id",
		"position" : 
		{
			"x" : -0.00010355458942224024,
			"y" : 0.010968234149508859,
			"z" : 0.095721302340358291
		}
	},
	"candidate_16" : 
	{
		"gripper" : 5,
		"method" : 3,
		"orientation" : 
		{
			"w" : 0.0090129603245014504,
			"x" : 0.99831466040280881,
			"y" : 0.054461351871654497,
			"z" : 0.017904371626092593
		},
		"parent_frame_id" : "angular_groundtruth_frame_id",
		"position" : 
		{
			"x" : 0.0002227248928715047,
			"y" : 0.011054673439845036,
			"z" : 0.095453201200136312
		}
	},
	"candidate_17" : 
	{
		"gripper" : 5,
		"method" : 3,
		"orientation" : 
		{
			"w" : 0.014390687745215812,
			"x" : 0.99839998961019427,
			"y" : 0.048348934139275455,
			"z" : 0.025548961234845936
		},
		"parent_frame_id" : "angular_groundtruth_frame_id",
		"position" : 
		{
			"x" : -0.0016314021023363036,
			"y" : 0.01166946598979735,
			"z" : 0.095328686863259446
		}
	},
	"candidate_18" : 
	{
		"gripper" : 5,
		"method" : 3,
		"orientation" : 
		{
			"w" : 0.016260903334634719,
			"x" : 0.9980925410749899,
			"y" : 0.052614253213319882,
			"z" : 0.027903455556898576
		},
		"parent_frame_id" : "angular_groundtruth_frame_id",
		"position" : 
		{
			"x" : -0.0015597519549737098,
			"y" : 0.011914612947902206,
			"z" : 0.095237844106353511
		}
	},
	"candidate_19" : 
	{
		"gripper" : 5,
		"method" : 3,
		"orientation" : 
		{
			"w" : 0.020353869185125946,
			"x" : 0.99832101013328955,
			"y" : 0.047560672880990987,
			"z" : 0.026055002029372495
		},
		"parent_frame_id" : "angular_groundtruth_frame_id",
		"position" : 
		{
			"x" : -0.00095832814785625246,
			"y" : 0.011299201954088662,
			"z" : 0.095151726141487716
		}
	},
	"candidate_2" : 
	{
		"gripper" : 5,
		"method" : 3,
		"orientation" : 
		{
			"w" : 0.0086930527509866753,
			"x" : 0.85161709004833497,
			"y" : 0.52161741945908335,
			"z" : 0.050872689021922851
		},
		"parent_frame_id" : "angular_groundtruth_frame_id",
		"position" : 
		{
			"x" : -0.00018816435984446867,
			"y" : 0.0027201055473346737,
			"z" : 0.094857190107734191
		}
	},
	"candidate_20" : 
	{
		"gripper" : 5,
		"method" : 3,
		"orientation" : 
		{
			"w" : 0.016452653471098339,
			"x" : 0.99815581865551639,
			"y" : 0.051365152160380484,
			"z" : 0.027854856334880072
		},
		"parent_frame_id" : "angular_groundtruth_frame_id",
		"position" : 
		{
			"x" : -0.0015008441907529736,
			"y" : 0.011900189030801936,
			"z" : 0.095227417317703511
		}
	},
	"candidate_3" : 
	{
		"gripper" : 5,
		"method" : 3,
		"orientation" : 
		{
			"w" : 0.0061168854222427536,
			"x" : 0.84781873016113229,
			"y" : 0.52770177933931672,
			"z" : 0.051930882746350396
		},
		"parent_frame_id" : "angular_groundtruth_frame_id",
		"position" : 
		{
			"x" : 0.0012776889611212537,
			"y" : 0.0024067301148962238,
			"z" : 0.095022392642859513
		}
	},
	"candidate_4" : 
	{
		"gripper" : 5,
		"method" : 3,
		"orientation" : 
		{
			"w" : 0.0035168331686610127,
			"x" : 0.85010179884600268,
			"y" : 0.52436067678766607,
			"z" : 0.048584402044640651
		},
		"parent_frame_id" : "angular_groundtruth_frame_id",
		"position" : 
		{
			"x" : -0.00087873121942889324,
			"y" : 0.0022396205022178952,
			"z" : 0.095357203281845146
		}
	},
	"candidate_5" : 
	{
		"gripper" : 5,
		"method" : 3,
		"orientation" : 
		{
			"w" : 0.0032561793069316933,
			"x" : 0.85757874561971847,
			"y" : 0.51236420779280478,
			"z" : 0.045066738627095274
		},
		"parent_frame_id" : "angular_groundtruth_frame_id",
		"position" : 
		{
			"x" : -0.0021599390915641838,
			"y" : 0.0029902308067294337,
			"z" : 0.095590166393712456
		}
	},
	"candidate_6" : 
	{
		"gripper" : 5,
		"method" : 3,
		"orientation" : 
		{
			"w" : 0.0030798559804981925,
			"x" : 0.84525646393568954,
			"y" : 0.53201194160563703,
			"z" : 0.049953164575167339
		},
		"parent_frame_id" : "angular_groundtruth_frame_id",
		"position" : 
		{
			"x" : -0.0015146402231586307,
			"y" : 0.002642061396972659,
			"z" : 0.095432333702735281
		}
	},
	"candidate_7" : 
	{
		"gripper" : 5,
		"method" : 3,
		"orientation" : 
		{
			"w" : 0.014257614604515677,
			"x" : 0.95584847488281866,
			"y" : 0.29078834178612445,
			"z" : 0.039906813594355446
		},
		"parent_frame_id" : "angular_groundtruth_frame_id",
		"position" : 
		{
			"x" : -0.0035411942116220329,
			"y" : 0.0088214300139558086,
			"z" : 0.095468819203205907
		}
	},
	"candidate_8" : 
	{
		"gripper" : 5,
		"method" : 3,
		"orientation" : 
		{
			"w" : 0.018824979619988969,
			"x" : 0.95647027272726903,
			"y" : 0.28805214285291475,
			"z" : 0.042850910482444875
		},
		"parent_frame_id" : "angular_groundtruth_frame_id",
		"position" : 
		{
			"x" : -0.00261296234488372,
			"y" : 0.0083582649277627874,
			"z" : 0.095278870563252654
		}
	},
	"candidate_9" : 
	{
		"gripper" : 5,
		"method" : 3,
		"orientation" : 
		{
			"w" : 0.021006368747602949,
			"x" : 0.95627415151848572,
			"y" : 0.28840819620854358,
			"z" : 0.04380858328426189
		},
		"parent_frame_id" : "angular_groundtruth_frame_id",
		"position" : 
		{
			"x" : -0.0012066830206901519,
			"y" : 0.0079664541568145522,
			"z" : 0.09513676337860813
		}
	}
}
