{
	"object_pose_0" : 
	{
		"orientation" : 
		{
			"w" : -0.098929140002824559,
			"x" : -0.3226515278936436,
			"y" : 0.89918026548816643,
			"z" : -0.27853971643644743
		},
		"parent_frame_id" : "camera_link",
		"position" : 
		{
			"x" : -0.032780038611421397,
			"y" : -0.046277926373639144,
			"z" : 0.54961108241573609
		}
	}
}
