{
	"candidate_0" : 
	{
		"gripper" : 5,
		"method" : 3,
		"orientation" : 
		{
			"w" : 0.037467957937440871,
			"x" : 0.68299166108101195,
			"y" : -0.72936128709816705,
			"z" : -0.012274196686687642
		},
		"parent_frame_id" : "6dmimic_base",
		"position" : 
		{
			"x" : -0.1196574,
			"y" : 1.5366404,
			"z" : 0.19475590000000001
		}
	},
	"candidate_1" : 
	{
		"gripper" : 5,
		"method" : 3,
		"orientation" : 
		{
			"w" : 0.045350412601567254,
			"x" : 0.67946039141485026,
			"y" : -0.73208234188846022,
			"z" : -0.01823077810609185
		},
		"parent_frame_id" : "6dmimic_base",
		"position" : 
		{
			"x" : -0.124309,
			"y" : 1.5355718,
			"z" : 0.19411999999999999
		}
	},
	"candidate_10" : 
	{
		"gripper" : 5,
		"method" : 3,
		"orientation" : 
		{
			"w" : 0.041720888950793462,
			"x" : 0.46712006758266761,
			"y" : -0.88274762085007052,
			"z" : -0.028545538535117886
		},
		"parent_frame_id" : "6dmimic_base",
		"position" : 
		{
			"x" : -0.1212705,
			"y" : 1.5328942999999999,
			"z" : 0.1944343
		}
	},
	"candidate_11" : 
	{
		"gripper" : 5,
		"method" : 3,
		"orientation" : 
		{
			"w" : 0.03615050384247484,
			"x" : 0.46814335904330473,
			"y" : -0.88249530885428007,
			"z" : -0.027147123342546611
		},
		"parent_frame_id" : "6dmimic_base",
		"position" : 
		{
			"x" : -0.11944059999999999,
			"y" : 1.5324112999999999,
			"z" : 0.19466600000000001
		}
	},
	"candidate_12" : 
	{
		"gripper" : 5,
		"method" : 3,
		"orientation" : 
		{
			"w" : 0.033042077822736153,
			"x" : 0.46587591776191473,
			"y" : -0.88390751912205312,
			"z" : -0.023986412448451264
		},
		"parent_frame_id" : "6dmimic_base",
		"position" : 
		{
			"x" : -0.1190906,
			"y" : 1.5326048000000001,
			"z" : 0.19489719999999999
		}
	},
	"candidate_13" : 
	{
		"gripper" : 5,
		"method" : 3,
		"orientation" : 
		{
			"w" : 0.033865172957250098,
			"x" : 0.46901796740408891,
			"y" : -0.88224170206039298,
			"z" : -0.022910160590737132
		},
		"parent_frame_id" : "6dmimic_base",
		"position" : 
		{
			"x" : -0.1185447,
			"y" : 1.5327968000000001,
			"z" : 0.1949331
		}
	},
	"candidate_14" : 
	{
		"gripper" : 5,
		"method" : 3,
		"orientation" : 
		{
			"w" : 0.0073795783461967123,
			"x" : 0.23724964000049351,
			"y" : -0.97113840311515798,
			"z" : -0.023416919908677298
		},
		"parent_frame_id" : "6dmimic_base",
		"position" : 
		{
			"x" : -0.12142260000000001,
			"y" : 1.5283659000000001,
			"z" : 0.19478709999999999
		}
	},
	"candidate_15" : 
	{
		"gripper" : 5,
		"method" : 3,
		"orientation" : 
		{
			"w" : 0.0059666993581338305,
			"x" : 0.23712705699989106,
			"y" : -0.97119134768005744,
			"z" : -0.022858773561456842
		},
		"parent_frame_id" : "6dmimic_base",
		"position" : 
		{
			"x" : -0.1204108,
			"y" : 1.5287459000000001,
			"z" : 0.1950115
		}
	},
	"candidate_16" : 
	{
		"gripper" : 5,
		"method" : 3,
		"orientation" : 
		{
			"w" : 0.010601462485753544,
			"x" : 0.24517858418255548,
			"y" : -0.9691568920136997,
			"z" : -0.022582947410530241
		},
		"parent_frame_id" : "6dmimic_base",
		"position" : 
		{
			"x" : -0.12067899999999999,
			"y" : 1.5285526,
			"z" : 0.19473260000000001
		}
	},
	"candidate_17" : 
	{
		"gripper" : 5,
		"method" : 3,
		"orientation" : 
		{
			"w" : 0.019240700617525305,
			"x" : 0.23937339319949635,
			"y" : -0.97037668571262625,
			"z" : -0.026443560525865682
		},
		"parent_frame_id" : "6dmimic_base",
		"position" : 
		{
			"x" : -0.1187227,
			"y" : 1.5286845,
			"z" : 0.194629
		}
	},
	"candidate_18" : 
	{
		"gripper" : 5,
		"method" : 3,
		"orientation" : 
		{
			"w" : 0.021836793136610692,
			"x" : 0.24355587304965176,
			"y" : -0.96924272608127493,
			"z" : -0.027789010544984623
		},
		"parent_frame_id" : "6dmimic_base",
		"position" : 
		{
			"x" : -0.1186958,
			"y" : 1.5284329000000001,
			"z" : 0.19452849999999999
		}
	},
	"candidate_19" : 
	{
		"gripper" : 5,
		"method" : 3,
		"orientation" : 
		{
			"w" : 0.020894754444643858,
			"x" : 0.23863988029319103,
			"y" : -0.97034911239348121,
			"z" : -0.032202745962618032
		},
		"parent_frame_id" : "6dmimic_base",
		"position" : 
		{
			"x" : -0.1194866,
			"y" : 1.5287818,
			"z" : 0.19444839999999999
		}
	},
	"candidate_2" : 
	{
		"gripper" : 5,
		"method" : 3,
		"orientation" : 
		{
			"w" : 0.03579522149312684,
			"x" : 0.67604489909724452,
			"y" : -0.73592596928209109,
			"z" : -0.0097449607012676208
		},
		"parent_frame_id" : "6dmimic_base",
		"position" : 
		{
			"x" : -0.1234439,
			"y" : 1.5364819999999999,
			"z" : 0.19440840000000001
		}
	},
	"candidate_20" : 
	{
		"gripper" : 5,
		"method" : 3,
		"orientation" : 
		{
			"w" : 0.021847380199017774,
			"x" : 0.24234292593950585,
			"y" : -0.96954048414224181,
			"z" : -0.02799728263146117
		},
		"parent_frame_id" : "6dmimic_base",
		"position" : 
		{
			"x" : -0.1187559,
			"y" : 1.5284245000000001,
			"z" : 0.1945172
		}
	},
	"candidate_3" : 
	{
		"gripper" : 5,
		"method" : 3,
		"orientation" : 
		{
			"w" : 0.036262031499647608,
			"x" : 0.68128592960159262,
			"y" : -0.73108613386931065,
			"z" : -0.0069001494503278787
		},
		"parent_frame_id" : "6dmimic_base",
		"position" : 
		{
			"x" : -0.1249258,
			"y" : 1.5362146000000001,
			"z" : 0.1945518
		}
	},
	"candidate_4" : 
	{
		"gripper" : 5,
		"method" : 3,
		"orientation" : 
		{
			"w" : 0.032521105401513178,
			"x" : 0.67836587593141451,
			"y" : -0.73398674971597999,
			"z" : -0.0050564134166330033
		},
		"parent_frame_id" : "6dmimic_base",
		"position" : 
		{
			"x" : -0.12298820000000001,
			"y" : 1.5371703999999999,
			"z" : 0.19494049999999999
		}
	},
	"candidate_5" : 
	{
		"gripper" : 5,
		"method" : 3,
		"orientation" : 
		{
			"w" : 0.029172812409103053,
			"x" : 0.66796326473683376,
			"y" : -0.74360038920573734,
			"z" : -0.0056995746621786303
		},
		"parent_frame_id" : "6dmimic_base",
		"position" : 
		{
			"x" : -0.1215159,
			"y" : 1.5369465,
			"z" : 0.19517860000000001
		}
	},
	"candidate_6" : 
	{
		"gripper" : 5,
		"method" : 3,
		"orientation" : 
		{
			"w" : 0.033683176253972748,
			"x" : 0.68496584370006519,
			"y" : -0.72778391250020702,
			"z" : -0.0042205814282758169
		},
		"parent_frame_id" : "6dmimic_base",
		"position" : 
		{
			"x" : -0.1222458,
			"y" : 1.5370330000000001,
			"z" : 0.1950171
		}
	},
	"candidate_7" : 
	{
		"gripper" : 5,
		"method" : 3,
		"orientation" : 
		{
			"w" : 0.029361491776707549,
			"x" : 0.46936774078509474,
			"y" : -0.88226620294641733,
			"z" : -0.020932602548504958
		},
		"parent_frame_id" : "6dmimic_base",
		"position" : 
		{
			"x" : -0.1180264,
			"y" : 1.5320482,
			"z" : 0.19490209999999999
		}
	},
	"candidate_8" : 
	{
		"gripper" : 5,
		"method" : 3,
		"orientation" : 
		{
			"w" : 0.033169269569172044,
			"x" : 0.46688926821196669,
			"y" : -0.88334313039908863,
			"z" : -0.024882217776569286
		},
		"parent_frame_id" : "6dmimic_base",
		"position" : 
		{
			"x" : -0.1190624,
			"y" : 1.5321362000000001,
			"z" : 0.19470580000000001
		}
	},
	"candidate_9" : 
	{
		"gripper" : 5,
		"method" : 3,
		"orientation" : 
		{
			"w" : 0.034522392323064297,
			"x" : 0.46723483280658662,
			"y" : -0.88305141677925902,
			"z" : -0.026833016316416082
		},
		"parent_frame_id" : "6dmimic_base",
		"position" : 
		{
			"x" : -0.120516,
			"y" : 1.5319758000000001,
			"z" : 0.19454469999999999
		}
	}
}
