{
	"candidate_0" : 
	{
		"gripper" : 5,
		"method" : 3,
		"orientation" : 
		{
			"w" : 0.028943589636605198,
			"x" : 0.99774894501299738,
			"y" : 0.042722451363447378,
			"z" : 0.042826434522343082
		},
		"parent_frame_id" : "linear_groundtruth_frame_id",
		"position" : 
		{
			"x" : 0.0026755236867102949,
			"y" : 0.17689569094161681,
			"z" : 0.024831871890280188
		}
	},
	"candidate_1" : 
	{
		"gripper" : 5,
		"method" : 3,
		"orientation" : 
		{
			"w" : 0.047399349143108761,
			"x" : 0.99733455418166017,
			"y" : 0.023449211024210291,
			"z" : 0.050271495287298927
		},
		"parent_frame_id" : "linear_groundtruth_frame_id",
		"position" : 
		{
			"x" : 0.0037439617636922653,
			"y" : 0.16614619209774376,
			"z" : 0.024948763307747777
		}
	},
	"candidate_10" : 
	{
		"gripper" : 5,
		"method" : 3,
		"orientation" : 
		{
			"w" : 0.049065567610788452,
			"x" : 0.99764290835375424,
			"y" : 0.043064382967869796,
			"z" : 0.021134247232634049
		},
		"parent_frame_id" : "linear_groundtruth_frame_id",
		"position" : 
		{
			"x" : 0.0030599485389397304,
			"y" : 0.07307058555656884,
			"z" : 0.026176888371228127
		}
	},
	"candidate_2" : 
	{
		"gripper" : 5,
		"method" : 3,
		"orientation" : 
		{
			"w" : 0.031921801719535438,
			"x" : 0.99807987066846837,
			"y" : 0.024796279732683769,
			"z" : 0.046933089103641891
		},
		"parent_frame_id" : "linear_groundtruth_frame_id",
		"position" : 
		{
			"x" : 0.0039289881347265897,
			"y" : 0.15372708129222076,
			"z" : 0.025100259289731239
		}
	},
	"candidate_3" : 
	{
		"gripper" : 5,
		"method" : 3,
		"orientation" : 
		{
			"w" : 0.029874412864928469,
			"x" : 0.99754942990368312,
			"y" : 0.042050151113464586,
			"z" : 0.047269854517942078
		},
		"parent_frame_id" : "linear_groundtruth_frame_id",
		"position" : 
		{
			"x" : 0.0015043541479546891,
			"y" : 0.14688616435938992,
			"z" : 0.025166692331573225
		}
	},
	"candidate_4" : 
	{
		"gripper" : 5,
		"method" : 3,
		"orientation" : 
		{
			"w" : 0.025608084649664353,
			"x" : 0.99804775569890958,
			"y" : 0.041843333247282753,
			"z" : 0.038652798187224426
		},
		"parent_frame_id" : "linear_groundtruth_frame_id",
		"position" : 
		{
			"x" : 0.0034894717941377083,
			"y" : 0.13861298445368306,
			"z" : 0.025558836199998741
		}
	},
	"candidate_5" : 
	{
		"gripper" : 5,
		"method" : 3,
		"orientation" : 
		{
			"w" : 0.018802682502830327,
			"x" : 0.99853980676277643,
			"y" : 0.034683806506207199,
			"z" : 0.036901856418001658
		},
		"parent_frame_id" : "linear_groundtruth_frame_id",
		"position" : 
		{
			"x" : 0.0028681074869385905,
			"y" : 0.12788755220605844,
			"z" : 0.025873517890931536
		}
	},
	"candidate_6" : 
	{
		"gripper" : 5,
		"method" : 3,
		"orientation" : 
		{
			"w" : 0.027935438896502546,
			"x" : 0.9976076565334151,
			"y" : 0.03731101953504358,
			"z" : 0.051053527799976579
		},
		"parent_frame_id" : "linear_groundtruth_frame_id",
		"position" : 
		{
			"x" : 0.0034735659190074887,
			"y" : 0.11725160482354954,
			"z" : 0.025479451352348002
		}
	},
	"candidate_7" : 
	{
		"gripper" : 5,
		"method" : 3,
		"orientation" : 
		{
			"w" : 0.031839089634848078,
			"x" : 0.99788033769813012,
			"y" : 0.038224670873210652,
			"z" : 0.041952098199312074
		},
		"parent_frame_id" : "linear_groundtruth_frame_id",
		"position" : 
		{
			"x" : 0.0049400751927887072,
			"y" : 0.1056931081195093,
			"z" : 0.025524972873174796
		}
	},
	"candidate_8" : 
	{
		"gripper" : 5,
		"method" : 3,
		"orientation" : 
		{
			"w" : 0.022562567771932201,
			"x" : 0.99821604818090803,
			"y" : 0.040176554784941407,
			"z" : 0.037967040116933422
		},
		"parent_frame_id" : "linear_groundtruth_frame_id",
		"position" : 
		{
			"x" : 0.0032849438154832068,
			"y" : 0.098662514054142086,
			"z" : 0.025997772782790286
		}
	},
	"candidate_9" : 
	{
		"gripper" : 5,
		"method" : 3,
		"orientation" : 
		{
			"w" : 0.0200030641515355,
			"x" : 0.99802267018680957,
			"y" : 0.045868837215807881,
			"z" : 0.038035207245521702
		},
		"parent_frame_id" : "linear_groundtruth_frame_id",
		"position" : 
		{
			"x" : 0.0033968396028469156,
			"y" : 0.088757917384902824,
			"z" : 0.025943428239686893
		}
	}
}
