{
	"object_pose_0" : 
	{
		"orientation" : 
		{
			"w" : 0.11114000299953576,
			"x" : 0.30789720571939533,
			"y" : 0.90515590244337563,
			"z" : -0.27118327173449369
		},
		"parent_frame_id" : "camera_link",
		"position" : 
		{
			"x" : -0.0031197894521349349,
			"y" : -0.0097063656639114204,
			"z" : 0.5803799052222387
		}
	}
}
