{
	"candidate_0" : 
	{
		"gripper" : 5,
		"method" : 3,
		"orientation" : 
		{
			"w" : 0.04875366264957845,
			"x" : 0.79078979170173691,
			"y" : -0.61011786921942834,
			"z" : 0.0055471954823301806
		},
		"parent_frame_id" : "6dmimic_base",
		"position" : 
		{
			"x" : 0.075296399999999999,
			"y" : 1.5892218,
			"z" : 0.077285699999999999
		}
	},
	"candidate_1" : 
	{
		"gripper" : 5,
		"method" : 3,
		"orientation" : 
		{
			"w" : 0.06782861426347335,
			"x" : 0.77812741360509752,
			"y" : -0.62443299751660331,
			"z" : -0.00066249208904235746
		},
		"parent_frame_id" : "6dmimic_base",
		"position" : 
		{
			"x" : 0.064885499999999999,
			"y" : 1.5863438999999999,
			"z" : 0.077497099999999999
		}
	},
	"candidate_10" : 
	{
		"gripper" : 5,
		"method" : 3,
		"orientation" : 
		{
			"w" : 0.05015617976609222,
			"x" : 0.79075502785176144,
			"y" : -0.60960200172053536,
			"z" : -0.024005063148181759
		},
		"parent_frame_id" : "6dmimic_base",
		"position" : 
		{
			"x" : -0.026941699999999999,
			"y" : 1.5712427,
			"z" : 0.079683100000000007
		}
	},
	"candidate_2" : 
	{
		"gripper" : 5,
		"method" : 3,
		"orientation" : 
		{
			"w" : 0.053831070195780067,
			"x" : 0.77952727962663759,
			"y" : -0.62401427795432352,
			"z" : 0.0067540438712873595
		},
		"parent_frame_id" : "6dmimic_base",
		"position" : 
		{
			"x" : 0.052679700000000003,
			"y" : 1.5840559999999999,
			"z" : 0.077772499999999994
		}
	},
	"candidate_3" : 
	{
		"gripper" : 5,
		"method" : 3,
		"orientation" : 
		{
			"w" : 0.052334806553248021,
			"x" : 0.79024271681676261,
			"y" : -0.6104980424207942,
			"z" : 0.0083460614348423445
		},
		"parent_frame_id" : "6dmimic_base",
		"position" : 
		{
			"x" : 0.0455273,
			"y" : 1.5852932,
			"z" : 0.077942399999999995
		}
	},
	"candidate_4" : 
	{
		"gripper" : 5,
		"method" : 3,
		"orientation" : 
		{
			"w" : 0.043520982954977985,
			"x" : 0.7904138192090705,
			"y" : -0.61100871138431456,
			"z" : 0.0045025613202495374
		},
		"parent_frame_id" : "6dmimic_base",
		"position" : 
		{
			"x" : 0.037715800000000001,
			"y" : 1.5819253,
			"z" : 0.078392199999999995
		}
	},
	"candidate_5" : 
	{
		"gripper" : 5,
		"method" : 3,
		"orientation" : 
		{
			"w" : 0.037250372608874982,
			"x" : 0.78615684203877401,
			"y" : -0.61685732737838339,
			"z" : 0.0075410288237252546
		},
		"parent_frame_id" : "6dmimic_base",
		"position" : 
		{
			"x" : 0.0270443,
			"y" : 1.5807192999999999,
			"z" : 0.078825500000000007
		}
	},
	"candidate_6" : 
	{
		"gripper" : 5,
		"method" : 3,
		"orientation" : 
		{
			"w" : 0.053331423824361873,
			"x" : 0.78726438827934275,
			"y" : -0.61417803812120797,
			"z" : 0.012485177996424113
		},
		"parent_frame_id" : "6dmimic_base",
		"position" : 
		{
			"x" : 0.016660399999999999,
			"y" : 1.5783244000000001,
			"z" : 0.078529299999999996
		}
	},
	"candidate_7" : 
	{
		"gripper" : 5,
		"method" : 3,
		"orientation" : 
		{
			"w" : 0.050442576781728837,
			"x" : 0.78798589168577071,
			"y" : -0.61361610795130073,
			"z" : 0.0030088227760936698
		},
		"parent_frame_id" : "6dmimic_base",
		"position" : 
		{
			"x" : 0.0055189000000000002,
			"y" : 1.5749169000000001,
			"z" : 0.078671699999999997
		}
	},
	"candidate_8" : 
	{
		"gripper" : 5,
		"method" : 3,
		"orientation" : 
		{
			"w" : 0.040764643571345002,
			"x" : 0.78946058096623151,
			"y" : -0.6124173161577624,
			"z" : 0.0059385019226063929
		},
		"parent_frame_id" : "6dmimic_base",
		"position" : 
		{
			"x" : -0.0016848,
			"y" : 1.5753565,
			"z" : 0.079240699999999997
		}
	},
	"candidate_9" : 
	{
		"gripper" : 5,
		"method" : 3,
		"orientation" : 
		{
			"w" : 0.038802879005800074,
			"x" : 0.79298017276644683,
			"y" : -0.6079624437954978,
			"z" : 0.0076452020485752344
		},
		"parent_frame_id" : "6dmimic_base",
		"position" : 
		{
			"x" : -0.0114275,
			"y" : 1.5735691999999999,
			"z" : 0.079284999999999994
		}
	}
}
