{
	"candidate_0" : 
	{
		"gripper" : 5,
		"method" : 3,
		"orientation" : 
		{
			"w" : 0.051345310749408721,
			"x" : 0.66310994600701667,
			"y" : -0.74368055600777871,
			"z" : -0.067735435235769748
		},
		"parent_frame_id" : "6dmimic_base",
		"position" : 
		{
			"x" : -0.073141300000000006,
			"y" : 1.5831944,
			"z" : 0.087859499999999993
		}
	},
	"candidate_1" : 
	{
		"gripper" : 5,
		"method" : 3,
		"orientation" : 
		{
			"w" : 0.07880492244612336,
			"x" : 0.68102142415640576,
			"y" : -0.72609879192774596,
			"z" : -0.052727112563742962
		},
		"parent_frame_id" : "6dmimic_base",
		"position" : 
		{
			"x" : -0.076770099999999994,
			"y" : 1.5632343,
			"z" : 0.084153000000000006
		}
	},
	"candidate_2" : 
	{
		"gripper" : 5,
		"method" : 3,
		"orientation" : 
		{
			"w" : 0.064087666808515548,
			"x" : 0.66193451897437217,
			"y" : -0.74504629333326144,
			"z" : -0.051395372783693133
		},
		"parent_frame_id" : "6dmimic_base",
		"position" : 
		{
			"x" : -0.074650099999999997,
			"y" : 1.5440631,
			"z" : 0.084523799999999996
		}
	},
	"candidate_3" : 
	{
		"gripper" : 5,
		"method" : 3,
		"orientation" : 
		{
			"w" : 0.06824943135849651,
			"x" : 0.65948124976194722,
			"y" : -0.74710186240531551,
			"z" : -0.047595204823292415
		},
		"parent_frame_id" : "6dmimic_base",
		"position" : 
		{
			"x" : -0.077613299999999996,
			"y" : 1.5236088999999999,
			"z" : 0.083575899999999995
		}
	},
	"candidate_4" : 
	{
		"gripper" : 5,
		"method" : 3,
		"orientation" : 
		{
			"w" : 0.062442674714147439,
			"x" : 0.6532026824780599,
			"y" : -0.75394873124785233,
			"z" : -0.031440079957977179
		},
		"parent_frame_id" : "6dmimic_base",
		"position" : 
		{
			"x" : -0.072369799999999998,
			"y" : 1.5034400999999999,
			"z" : 0.082287200000000005
		}
	},
	"candidate_5" : 
	{
		"gripper" : 5,
		"method" : 3,
		"orientation" : 
		{
			"w" : 0.063024820823509214,
			"x" : 0.66552731344848404,
			"y" : -0.74236102721388397,
			"z" : -0.044736699567075301
		},
		"parent_frame_id" : "6dmimic_base",
		"position" : 
		{
			"x" : -0.077745400000000006,
			"y" : 1.4833755,
			"z" : 0.082769999999999996
		}
	}
}
