{
	"candidate_0" : 
	{
		"gripper" : 5,
		"method" : 3,
		"orientation" : 
		{
			"w" : 0.59527942482181528,
			"x" : -0.71899212574096916,
			"y" : -0.25942471487438218,
			"z" : 0.24777317614834096
		},
		"parent_frame_id" : "gt01_frame_id",
		"position" : 
		{
			"x" : -0.0075972259127948388,
			"y" : -0.042493673341368554,
			"z" : 0.011821258533342566
		}
	},
	"candidate_1" : 
	{
		"gripper" : 5,
		"method" : 3,
		"orientation" : 
		{
			"w" : 0.59102281725930905,
			"x" : -0.71944827824984703,
			"y" : -0.24955923537788446,
			"z" : 0.26609470577184657
		},
		"parent_frame_id" : "gt01_frame_id",
		"position" : 
		{
			"x" : 0.010840651638385781,
			"y" : -0.041705751325952667,
			"z" : 0.017556259872949509
		}
	},
	"candidate_2" : 
	{
		"gripper" : 5,
		"method" : 3,
		"orientation" : 
		{
			"w" : 0.59656300146081453,
			"x" : -0.70952475112685987,
			"y" : -0.29215020439833633,
			"z" : 0.23523492703347015
		},
		"parent_frame_id" : "gt01_frame_id",
		"position" : 
		{
			"x" : 0.037710293467156514,
			"y" : -0.037603418310690584,
			"z" : 0.011880670487214806
		}
	},
	"candidate_3" : 
	{
		"gripper" : 5,
		"method" : 3,
		"orientation" : 
		{
			"w" : 0.57356667237082881,
			"x" : -0.71284507417104481,
			"y" : -0.29493549963117666,
			"z" : 0.27547454262207233
		},
		"parent_frame_id" : "gt01_frame_id",
		"position" : 
		{
			"x" : 0.052855855178336839,
			"y" : -0.04719461677908976,
			"z" : 0.010052184599217029
		}
	},
	"candidate_4" : 
	{
		"gripper" : 5,
		"method" : 3,
		"orientation" : 
		{
			"w" : 0.57114436065516061,
			"x" : -0.73640968217493985,
			"y" : -0.24551956833684618,
			"z" : 0.2668614637869256
		},
		"parent_frame_id" : "gt01_frame_id",
		"position" : 
		{
			"x" : 0.065555431268916581,
			"y" : -0.04689360582512192,
			"z" : 0.015960423162034748
		}
	},
	"candidate_5" : 
	{
		"gripper" : 5,
		"method" : 3,
		"orientation" : 
		{
			"w" : 0.6177634963735843,
			"x" : -0.73168984842108264,
			"y" : -0.21703905887503813,
			"z" : 0.18945256712025732
		},
		"parent_frame_id" : "gt01_frame_id",
		"position" : 
		{
			"x" : 0.08102049753912223,
			"y" : -0.037055260366637865,
			"z" : 0.0036174017046411433
		}
	}
}
