{
	"object_pose_0" : 
	{
		"orientation" : 
		{
			"w" : 0.47139771914831524,
			"x" : -0.548138155354851,
			"y" : 0.66582263218255522,
			"z" : 0.18441584471391567
		},
		"parent_frame_id" : "camera_link",
		"position" : 
		{
			"x" : 0.0085143604410863744,
			"y" : 0.0090541085349888917,
			"z" : 0.56700806306610596
		}
	}
}
