{
	"candidate_0" : 
	{
		"gripper" : 5,
		"method" : 3,
		"orientation" : 
		{
			"w" : 0.34583741279217162,
			"x" : 0.58808115956686868,
			"y" : -0.69706471889017563,
			"z" : 0.22058515669524248
		},
		"parent_frame_id" : "6dmimic_base",
		"position" : 
		{
			"x" : -0.059418800000000001,
			"y" : 1.6004259999999999,
			"z" : 0.056017400000000002
		}
	},
	"candidate_1" : 
	{
		"gripper" : 5,
		"method" : 3,
		"orientation" : 
		{
			"w" : 0.33347721067067826,
			"x" : 0.5777496916114252,
			"y" : -0.71019735628044256,
			"z" : 0.22498435265252764
		},
		"parent_frame_id" : "6dmimic_base",
		"position" : 
		{
			"x" : -0.053352700000000003,
			"y" : 1.5992466999999999,
			"z" : 0.074328000000000005
		}
	},
	"candidate_2" : 
	{
		"gripper" : 5,
		"method" : 3,
		"orientation" : 
		{
			"w" : 0.34718368899484858,
			"x" : 0.61232282670113591,
			"y" : -0.68212195298749256,
			"z" : 0.19807544837558236
		},
		"parent_frame_id" : "6dmimic_base",
		"position" : 
		{
			"x" : -0.0586857,
			"y" : 1.5953607999999999,
			"z" : 0.1012998
		}
	},
	"candidate_3" : 
	{
		"gripper" : 5,
		"method" : 3,
		"orientation" : 
		{
			"w" : 0.32092833394837755,
			"x" : 0.59694308581662459,
			"y" : -0.71275439084876058,
			"z" : 0.18067964769352657
		},
		"parent_frame_id" : "6dmimic_base",
		"position" : 
		{
			"x" : -0.059659200000000003,
			"y" : 1.6049789999999999,
			"z" : 0.11650720000000001
		}
	},
	"candidate_4" : 
	{
		"gripper" : 5,
		"method" : 3,
		"orientation" : 
		{
			"w" : 0.34477112620366474,
			"x" : 0.56039655329805904,
			"y" : -0.72211651131366805,
			"z" : 0.21362658466607023
		},
		"parent_frame_id" : "6dmimic_base",
		"position" : 
		{
			"x" : -0.053512900000000002,
			"y" : 1.6042989000000001,
			"z" : 0.12907850000000001
		}
	},
	"candidate_5" : 
	{
		"gripper" : 5,
		"method" : 3,
		"orientation" : 
		{
			"w" : 0.39699730112438059,
			"x" : 0.57548119148446142,
			"y" : -0.66397633893365027,
			"z" : 0.26523567347521126
		},
		"parent_frame_id" : "6dmimic_base",
		"position" : 
		{
			"x" : -0.066059900000000005,
			"y" : 1.5951027,
			"z" : 0.14477290000000001
		}
	}
}
