{
	"candidate_0" : 
	{
		"gripper" : 5,
		"method" : 3,
		"orientation" : 
		{
			"w" : -0.49346124725520391,
			"x" : 0.044735865330781319,
			"y" : -0.86580404126926269,
			"z" : -0.069843123729235887
		},
		"parent_frame_id" : "angular_groundtruth_frame_id",
		"position" : 
		{
			"x" : -0.066288838984859447,
			"y" : -0.0032004276456435569,
			"z" : 0.058649850818376176
		}
	},
	"candidate_1" : 
	{
		"gripper" : 5,
		"method" : 3,
		"orientation" : 
		{
			"w" : -0.47941859255732183,
			"x" : 0.057386720890270325,
			"y" : -0.87248761224466542,
			"z" : -0.07503295179733506
		},
		"parent_frame_id" : "angular_groundtruth_frame_id",
		"position" : 
		{
			"x" : -0.067416305021519088,
			"y" : -0.0025513312233614864,
			"z" : 0.05425145982703232
		}
	},
	"candidate_10" : 
	{
		"gripper" : 5,
		"method" : 3,
		"orientation" : 
		{
			"w" : -0.20502393180609277,
			"x" : 0.029196488718698059,
			"y" : -0.9764363057477039,
			"z" : -0.060703321581655263
		},
		"parent_frame_id" : "angular_groundtruth_frame_id",
		"position" : 
		{
			"x" : -0.028903926871759494,
			"y" : -0.0035737029568373674,
			"z" : 0.080793887212575022
		}
	},
	"candidate_11" : 
	{
		"gripper" : 5,
		"method" : 3,
		"orientation" : 
		{
			"w" : 0.021592640838385267,
			"x" : 0.069892940792295188,
			"y" : -0.99559007991048176,
			"z" : -0.058729272708505177
		},
		"parent_frame_id" : "angular_groundtruth_frame_id",
		"position" : 
		{
			"x" : 0.018667588647506044,
			"y" : 0.0029341050575651772,
			"z" : 0.08381879700988229
		}
	},
	"candidate_12" : 
	{
		"gripper" : 5,
		"method" : 3,
		"orientation" : 
		{
			"w" : 0.021919809543900902,
			"x" : 0.056145296805205046,
			"y" : -0.99670251768697959,
			"z" : -0.054326041938012666
		},
		"parent_frame_id" : "angular_groundtruth_frame_id",
		"position" : 
		{
			"x" : 0.02131879174825543,
			"y" : 0.0014056114906173867,
			"z" : 0.083685592953812199
		}
	},
	"candidate_13" : 
	{
		"gripper" : 5,
		"method" : 3,
		"orientation" : 
		{
			"w" : 0.023313690039706764,
			"x" : 0.053805431382804796,
			"y" : -0.9965823101257314,
			"z" : -0.058182012296782513
		},
		"parent_frame_id" : "angular_groundtruth_frame_id",
		"position" : 
		{
			"x" : 0.022149430450463525,
			"y" : 0.0011998475249624121,
			"z" : 0.083717553611721951
		}
	},
	"candidate_14" : 
	{
		"gripper" : 5,
		"method" : 3,
		"orientation" : 
		{
			"w" : 0.035567771169460978,
			"x" : 0.054336224077051326,
			"y" : -0.99570823368515093,
			"z" : -0.065936498077182701
		},
		"parent_frame_id" : "angular_groundtruth_frame_id",
		"position" : 
		{
			"x" : 0.016912351383569883,
			"y" : 0.0020303918350572801,
			"z" : 0.083722819843427346
		}
	},
	"candidate_15" : 
	{
		"gripper" : 5,
		"method" : 3,
		"orientation" : 
		{
			"w" : 0.038342590831803046,
			"x" : 0.058122237199125931,
			"y" : -0.99526197048567167,
			"z" : -0.067862076126886342
		},
		"parent_frame_id" : "angular_groundtruth_frame_id",
		"position" : 
		{
			"x" : 0.019973483248789472,
			"y" : -0.00029449455958392278,
			"z" : 0.083370634872840022
		}
	},
	"candidate_16" : 
	{
		"gripper" : 5,
		"method" : 3,
		"orientation" : 
		{
			"w" : 0.31897342860984046,
			"x" : 0.0060440850291154785,
			"y" : -0.94541425397062118,
			"z" : -0.066417687901774089
		},
		"parent_frame_id" : "angular_groundtruth_frame_id",
		"position" : 
		{
			"x" : 0.055611324391359608,
			"y" : 0.00067760562625489252,
			"z" : 0.086748312570054567
		}
	},
	"candidate_17" : 
	{
		"gripper" : 5,
		"method" : 3,
		"orientation" : 
		{
			"w" : 0.32555570767295899,
			"x" : 0.013437266538226352,
			"y" : -0.94323005299426921,
			"z" : -0.064420402032023788
		},
		"parent_frame_id" : "angular_groundtruth_frame_id",
		"position" : 
		{
			"x" : 0.057119614083594179,
			"y" : 0.001241975450801968,
			"z" : 0.085627968959449102
		}
	},
	"candidate_18" : 
	{
		"gripper" : 5,
		"method" : 3,
		"orientation" : 
		{
			"w" : 0.32411291772884865,
			"x" : 0.0089509959461992195,
			"y" : -0.94429795285336404,
			"z" : -0.056321154727237213
		},
		"parent_frame_id" : "angular_groundtruth_frame_id",
		"position" : 
		{
			"x" : 0.057212279888244857,
			"y" : 0.00095984638462219508,
			"z" : 0.085312693988918789
		}
	},
	"candidate_19" : 
	{
		"gripper" : 5,
		"method" : 3,
		"orientation" : 
		{
			"w" : 0.32816927382621608,
			"x" : 0.0098416245313665586,
			"y" : -0.94361539533259065,
			"z" : -0.042403488468242413
		},
		"parent_frame_id" : "angular_groundtruth_frame_id",
		"position" : 
		{
			"x" : 0.054994180441580977,
			"y" : 0.00046771266304291605,
			"z" : 0.08740839483157567
		}
	},
	"candidate_2" : 
	{
		"gripper" : 5,
		"method" : 3,
		"orientation" : 
		{
			"w" : -0.49358622888946169,
			"x" : 0.066079898954870292,
			"y" : -0.86468113852343664,
			"z" : -0.065822566697200741
		},
		"parent_frame_id" : "angular_groundtruth_frame_id",
		"position" : 
		{
			"x" : -0.064035969936271406,
			"y" : -0.0044009750823873518,
			"z" : 0.061457883245209746
		}
	},
	"candidate_20" : 
	{
		"gripper" : 5,
		"method" : 3,
		"orientation" : 
		{
			"w" : 0.3259889430476951,
			"x" : 0.0036295814485426264,
			"y" : -0.94346411966637134,
			"z" : -0.059945725880285849
		},
		"parent_frame_id" : "angular_groundtruth_frame_id",
		"position" : 
		{
			"x" : 0.054877801383728039,
			"y" : 0.00079971086626930707,
			"z" : 0.087089494180324814
		}
	},
	"candidate_21" : 
	{
		"gripper" : 5,
		"method" : 3,
		"orientation" : 
		{
			"w" : 0.31892561317754248,
			"x" : 0.00027048407172044348,
			"y" : -0.94599467154227812,
			"z" : -0.058141736397470334
		},
		"parent_frame_id" : "angular_groundtruth_frame_id",
		"position" : 
		{
			"x" : 0.055670217559421684,
			"y" : 0.00051628340276793682,
			"z" : 0.086761789594479069
		}
	},
	"candidate_22" : 
	{
		"gripper" : 5,
		"method" : 3,
		"orientation" : 
		{
			"w" : 0.31358573182900801,
			"x" : -0.0086209975364334428,
			"y" : -0.94753418822692581,
			"z" : -0.061389163016636328
		},
		"parent_frame_id" : "angular_groundtruth_frame_id",
		"position" : 
		{
			"x" : 0.056588262211640081,
			"y" : 0.0016634147639948771,
			"z" : 0.086109283272960233
		}
	},
	"candidate_23" : 
	{
		"gripper" : 5,
		"method" : 3,
		"orientation" : 
		{
			"w" : 0.5016004317268552,
			"x" : 0.029739720836684719,
			"y" : -0.86201775876512976,
			"z" : -0.066617861490226207
		},
		"parent_frame_id" : "angular_groundtruth_frame_id",
		"position" : 
		{
			"x" : 0.090399824367307952,
			"y" : 0.0062176303901921044,
			"z" : 0.050409334543467452
		}
	},
	"candidate_24" : 
	{
		"gripper" : 5,
		"method" : 3,
		"orientation" : 
		{
			"w" : 0.49245282211057101,
			"x" : 0.036415038635079174,
			"y" : -0.86861821054666488,
			"z" : -0.040823611589981344
		},
		"parent_frame_id" : "angular_groundtruth_frame_id",
		"position" : 
		{
			"x" : 0.090511336226696659,
			"y" : 0.0041690797487195118,
			"z" : 0.049425864549053344
		}
	},
	"candidate_25" : 
	{
		"gripper" : 5,
		"method" : 3,
		"orientation" : 
		{
			"w" : 0.48674768652183681,
			"x" : 0.033820526887648743,
			"y" : -0.87196640993824037,
			"z" : -0.040092911668997942
		},
		"parent_frame_id" : "angular_groundtruth_frame_id",
		"position" : 
		{
			"x" : 0.089489378913986645,
			"y" : 0.0031307380417274497,
			"z" : 0.050661415829114417
		}
	},
	"candidate_26" : 
	{
		"gripper" : 5,
		"method" : 3,
		"orientation" : 
		{
			"w" : 0.47794625436796462,
			"x" : 0.023113253637340611,
			"y" : -0.87695141395025,
			"z" : -0.044602387969549954
		},
		"parent_frame_id" : "angular_groundtruth_frame_id",
		"position" : 
		{
			"x" : 0.089691247453582312,
			"y" : 0.00098288196768739127,
			"z" : 0.050388095829179427
		}
	},
	"candidate_27" : 
	{
		"gripper" : 5,
		"method" : 3,
		"orientation" : 
		{
			"w" : 0.46488295011280278,
			"x" : 0.016720918479469514,
			"y" : -0.88448466704789108,
			"z" : -0.035932260390928041
		},
		"parent_frame_id" : "angular_groundtruth_frame_id",
		"position" : 
		{
			"x" : 0.092781608025665638,
			"y" : -0.00023768708339579493,