{
	"object_pose_0" : 
	{
		"orientation" : 
		{
			"w" : -0.081502235756942293,
			"x" : -0.32805093375037886,
			"y" : 0.89977465315814253,
			"z" : -0.27594552123217497
		},
		"parent_frame_id" : "camera_link",
		"position" : 
		{
			"x" : -0.014911118096042564,
			"y" : -0.0436457873607356,
			"z" : 0.5538683378133562
		}
	}
}
