{
	"candidate_0" : 
	{
		"gripper" : 5,
		"method" : 3,
		"orientation" : 
		{
			"w" : 0.1536542708785433,
			"x" : 0.83720410813804635,
			"y" : 0.21588256932500544,
			"z" : -0.47840815484186283
		},
		"parent_frame_id" : "6dmimic_base",
		"position" : 
		{
			"x" : -0.054085500000000002,
			"y" : 1.585358,
			"z" : 0.152894
		}
	},
	"candidate_1" : 
	{
		"gripper" : 5,
		"method" : 3,
		"orientation" : 
		{
			"w" : 0.15586479800983674,
			"x" : 0.84152071253629324,
			"y" : 0.22947934463614691,
			"z" : -0.46356044427790283
		},
		"parent_frame_id" : "6dmimic_base",
		"position" : 
		{
			"x" : -0.052891100000000003,
			"y" : 1.585256,
			"z" : 0.148448
		}
	},
	"candidate_10" : 
	{
		"gripper" : 5,
		"method" : 3,
		"orientation" : 
		{
			"w" : 0.088318712857996334,
			"x" : 0.95133253117705174,
			"y" : 0.21872776485072623,
			"z" : -0.19830376942150188
		},
		"parent_frame_id" : "6dmimic_base",
		"position" : 
		{
			"x" : -0.088459999999999997,
			"y" : 1.5711964,
			"z" : 0.1756576
		}
	},
	"candidate_11" : 
	{
		"gripper" : 5,
		"method" : 3,
		"orientation" : 
		{
			"w" : 0.042320848768339643,
			"x" : 0.96440322588743232,
			"y" : 0.25992617644889471,
			"z" : 0.023953005116261701
		},
		"parent_frame_id" : "6dmimic_base",
		"position" : 
		{
			"x" : -0.1301233,
			"y" : 1.5471132999999999,
			"z" : 0.17921039999999999
		}
	},
	"candidate_12" : 
	{
		"gripper" : 5,
		"method" : 3,
		"orientation" : 
		{
			"w" : 0.038053012311753072,
			"x" : 0.96808910544608318,
			"y" : 0.24660452016832216,
			"z" : 0.023273650404597522
		},
		"parent_frame_id" : "6dmimic_base",
		"position" : 
		{
			"x" : -0.13316700000000001,
			"y" : 1.5475357999999999,
			"z" : 0.1791517
		}
	},
	"candidate_13" : 
	{
		"gripper" : 5,
		"method" : 3,
		"orientation" : 
		{
			"w" : 0.041592418907731611,
			"x" : 0.96847377129166012,
			"y" : 0.24430638945380329,
			"z" : 0.025357702608069799
		},
		"parent_frame_id" : "6dmimic_base",
		"position" : 
		{
			"x" : -0.13401569999999999,
			"y" : 1.5474128,
			"z" : 0.17920059999999999
		}
	},
	"candidate_14" : 
	{
		"gripper" : 5,
		"method" : 3,
		"orientation" : 
		{
			"w" : 0.04685520722407225,
			"x" : 0.9677098819591744,
			"y" : 0.24460207291079791,
			"z" : 0.038884442162524555
		},
		"parent_frame_id" : "6dmimic_base",
		"position" : 
		{
			"x" : -0.1288366,
			"y" : 1.548619,
			"z" : 0.1791112
		}
	},
	"candidate_15" : 
	{
		"gripper" : 5,
		"method" : 3,
		"orientation" : 
		{
			"w" : 0.048182021081427287,
			"x" : 0.96659167251291367,
			"y" : 0.24822019335673462,
			"z" : 0.042021031438345464
		},
		"parent_frame_id" : "6dmimic_base",
		"position" : 
		{
			"x" : -0.13256709999999999,
			"y" : 1.5496312999999999,
			"z" : 0.17885799999999999
		}
	},
	"candidate_16" : 
	{
		"gripper" : 5,
		"method" : 3,
		"orientation" : 
		{
			"w" : -0.0060692170503310328,
			"x" : 0.93025735000223031,
			"y" : 0.18457208610886011,
			"z" : 0.31704506367494084
		},
		"parent_frame_id" : "6dmimic_base",
		"position" : 
		{
			"x" : -0.16522970000000001,
			"y" : 1.5352018000000001,
			"z" : 0.18273039999999999
		}
	},
	"candidate_17" : 
	{
		"gripper" : 5,
		"method" : 3,
		"orientation" : 
		{
			"w" : -0.0093377730516127147,
			"x" : 0.92673542211025961,
			"y" : 0.19132011149390529,
			"z" : 0.32321955129372232
		},
		"parent_frame_id" : "6dmimic_base",
		"position" : 
		{
			"x" : -0.16644249999999999,
			"y" : 1.5341260999999999,
			"z" : 0.18161369999999999
		}
	},
	"candidate_18" : 
	{
		"gripper" : 5,
		"method" : 3,
		"orientation" : 
		{
			"w" : -0.016978501794948191,
			"x" : 0.92854516831778444,
			"y" : 0.18706256818188854,
			"z" : 0.32019243659976226
		},
		"parent_frame_id" : "6dmimic_base",
		"position" : 
		{
			"x" : -0.16664229999999999,
			"y" : 1.534359,
			"z" : 0.18130550000000001
		}
	},
	"candidate_19" : 
	{
		"gripper" : 5,
		"method" : 3,
		"orientation" : 
		{
			"w" : -0.031415438910275192,
			"x" : 0.92759510416382729,
			"y" : 0.18763342559452648,
			"z" : 0.32151841398127756
		},
		"parent_frame_id" : "6dmimic_base",
		"position" : 
		{
			"x" : -0.16472100000000001,
			"y" : 1.5356189,
			"z" : 0.1833892
		}
	},
	"candidate_2" : 
	{
		"gripper" : 5,
		"method" : 3,
		"orientation" : 
		{
			"w" : 0.14954653810131743,
			"x" : 0.83196329387051349,
			"y" : 0.23657649772093972,
			"z" : -0.47906624940620796
		},
		"parent_frame_id" : "6dmimic_base",
		"position" : 
		{
			"x" : -0.056569399999999999,
			"y" : 1.5855752000000001,
			"z" : 0.15577340000000001
		}
	},
	"candidate_20" : 
	{
		"gripper" : 5,
		"method" : 3,
		"orientation" : 
		{
			"w" : -0.013723386976537251,
			"x" : 0.92880364965971141,
			"y" : 0.18169436191542249,
			"z" : 0.32268034938130324
		},
		"parent_frame_id" : "6dmimic_base",
		"position" : 
		{
			"x" : -0.16449449999999999,
			"y" : 1.5353595,
			"z" : 0.18305940000000001
		}
	},
	"candidate_21" : 
	{
		"gripper" : 5,
		"method" : 3,
		"orientation" : 
		{
			"w" : -0.014133915820194846,
			"x" : 0.93184679378382507,
			"y" : 0.17894140084780566,
			"z" : 0.31534387642860301
		},
		"parent_frame_id" : "6dmimic_base",
		"position" : 
		{
			"x" : -0.16534509999999999,
			"y" : 1.5353294,
			"z" : 0.18274869999999999
		}
	},
	"candidate_22" : 
	{
		"gripper" : 5,
		"method" : 3,
		"orientation" : 
		{
			"w" : -0.0098563590486265215,
			"x" : 0.93504827148570802,
			"y" : 0.170598024129095,
			"z" : 0.31061857050270381
		},
		"parent_frame_id" : "6dmimic_base",
		"position" : 
		{
			"x" : -0.1657788,
			"y" : 1.5339265,
			"z" : 0.18207889999999999
		}
	},
	"candidate_23" : 
	{
		"gripper" : 5,
		"method" : 3,
		"orientation" : 
		{
			"w" : -0.040251881480178414,
			"x" : 0.84556989745044409,
			"y" : 0.18989622038168219,
			"z" : 0.49732359691422517
		},
		"parent_frame_id" : "6dmimic_base",
		"position" : 
		{
			"x" : -0.19626450000000001,
			"y" : 1.5175282999999999,
			"z" : 0.14662040000000001
		}
	},
	"candidate_24" : 
	{
		"gripper" : 5,
		"method" : 3,
		"orientation" : 
		{
			"w" : -0.063940916752007401,
			"x" : 0.8504087786743425,
			"y" : 0.19757049265322513,
			"z" : 0.48340704251312644
		},
		"parent_frame_id" : "6dmimic_base",
		"position" : 
		{
			"x" : -0.1971646,
			"y" : 1.519409,
			"z" : 0.14568500000000001
		}
	},
	"candidate_25" : 
	{
		"gripper" : 5,
		"method" : 3,
		"orientation" : 
		{
			"w" : -0.063574603268432131,
			"x" : 0.85413156295270865,
			"y" : 0.19572028738576702,
			"z" : 0.47760979061662601
		},
		"parent_frame_id" : "6dmimic_base",
		"position" : 
		{
			"x" : -0.19658020000000001,
			"y" : 1.5207398999999999,
			"z" : 0.14693580000000001
		}
	},
	"candidate_26" : 
	{
		"gripper" : 5,
		"method" : 3,
		"orientation" : 
		{
			"w" : -0.057413931894127843,
			"x" : 0.86104375714716541,
			"y" : 0.18630438658131029,
			"z" : 0.46967857545656844
		},
		"parent_frame_id" : "6dmimic_base",
		"position" : 
		{
			"x" : -0.19758590000000001,
			"y" : 1.5226666,
			"z" : 0.14671680000000001
		}
	},
	"candidate_27" : 
	{
		"gripper" : 5,
		"method" : 3,
		"orientation" : 
		{
			"w" : -0.063435880955863805,
			"x" : 0.86944989488680591,
			"y" : 0.18153434404699378,
			"z" : 0.45505829430975464
		},
		"parent_frame_id" : "6dmimic_base",
		"position" : 
		{
			"x" : -0.2010034,
			"y" : 1.5227001,
			"z" : 0.14296519999999999
		}
	},
	"candidate_28" : 
	{
		"gripper" : 5,
		"method" : 3,
		"orientation" : 
		{
			"w" : -0.067378316417168072,
			"x" : 0.8688632235453766,
			"y" : 0.18278900637300938,
			"z" : 0.45510992122375532
		},
		"parent_frame_id" : "6dmimic_base",
		"position" : 
		{
			"x" : -0.19656599999999999,
			"y" : 1.5208885000000001,
			"z" : 0.1469173
		}
	},
	"candidate_3" : 
	{
		"gripper" : 5,
		"method" : 3,
		"orientation" : 
		{
			"w" : 0.33072630924662683,
			"x" : 0.78076898484750812,
			"y" : 0.34003187989547889,
			"z" : -0.40669180140131017
		},
		"parent_frame_id" : "6dmimic_base",
		"position" : 
		{
			"x" : -0.0507914,
			"y" : 1.5852539000000001,
			"z" : 0.14896300000000001
		}
	},