{
	"candidate_0" : 
	{
		"gripper" : 5,
		"method" : 3,
		"orientation" : 
		{
			"w" : 0.35676147810730025,
			"x" : 0.5811748100973213,
			"y" : -0.70080161794618023,
			"z" : 0.20936613893142578
		},
		"parent_frame_id" : "6dmimic_base",
		"position" : 
		{
			"x" : -0.031892499999999997,
			"y" : 1.6052854999999999,
			"z" : 0.026844
		}
	},
	"candidate_1" : 
	{
		"gripper" : 5,
		"method" : 3,
		"orientation" : 
		{
			"w" : 0.32404647573311995,
			"x" : 0.58711179060470498,
			"y" : -0.71925292603814184,
			"z" : 0.18157327799941497
		},
		"parent_frame_id" : "6dmimic_base",
		"position" : 
		{
			"x" : -0.0092873999999999995,
			"y" : 1.609086,
			"z" : 0.029375999999999999
		}
	},
	"candidate_2" : 
	{
		"gripper" : 5,
		"method" : 3,
		"orientation" : 
		{
			"w" : 0.31267757123889556,
			"x" : 0.59945123045201787,
			"y" : -0.71922041946461923,
			"z" : 0.16004045419469548
		},
		"parent_frame_id" : "6dmimic_base",
		"position" : 
		{
			"x" : 0.0086835999999999997,
			"y" : 1.6080285000000001,
			"z" : 0.033640299999999998
		}
	},
	"candidate_3" : 
	{
		"gripper" : 5,
		"method" : 3,
		"orientation" : 
		{
			"w" : 0.31373806234756757,
			"x" : 0.59687417445715041,
			"y" : -0.71800506923336316,
			"z" : 0.17256410013581139
		},
		"parent_frame_id" : "6dmimic_base",
		"position" : 
		{
			"x" : 0.028714099999999999,
			"y" : 1.6058642000000001,
			"z" : 0.031661799999999997
		}
	},
	"candidate_4" : 
	{
		"gripper" : 5,
		"method" : 3,
		"orientation" : 
		{
			"w" : 0.32907159980487616,
			"x" : 0.58436323599546369,
			"y" : -0.71824128267344378,
			"z" : 0.18536706957379287
		},
		"parent_frame_id" : "6dmimic_base",
		"position" : 
		{
			"x" : 0.053104400000000003,
			"y" : 1.6051850000000001,
			"z" : 0.026284499999999999
		}
	},
	"candidate_5" : 
	{
		"gripper" : 5,
		"method" : 3,
		"orientation" : 
		{
			"w" : 0.31375046119808542,
			"x" : 0.61179251653473632,
			"y" : -0.70486305340232369,
			"z" : 0.17446673252639305
		},
		"parent_frame_id" : "6dmimic_base",
		"position" : 
		{
			"x" : 0.0644951,
			"y" : 1.6020616999999999,
			"z" : 0.031557700000000001
		}
	}
}
