{
	"candidate_0" : 
	{
		"gripper" : 5,
		"method" : 3,
		"orientation" : 
		{
			"w" : 0.046897951195654854,
			"x" : 0.99644432480490952,
			"y" : 0.032456091467240752,
			"z" : 0.062015255094275031
		},
		"parent_frame_id" : "linear_groundtruth_frame_id",
		"position" : 
		{
			"x" : 0.0047336624444806394,
			"y" : 0.18000682199037882,
			"z" : 0.024813621899032523
		}
	},
	"candidate_1" : 
	{
		"gripper" : 5,
		"method" : 3,
		"orientation" : 
		{
			"w" : 0.03222698329687626,
			"x" : 0.99714013388243472,
			"y" : 0.039623222404971771,
			"z" : 0.055704355258354613
		},
		"parent_frame_id" : "linear_groundtruth_frame_id",
		"position" : 
		{
			"x" : 0.0020917942390627749,
			"y" : 0.17198698419219022,
			"z" : 0.024993506500818316
		}
	},
	"candidate_10" : 
	{
		"gripper" : 5,
		"method" : 3,
		"orientation" : 
		{
			"w" : 0.048423499683307003,
			"x" : 0.99787497633316558,
			"y" : 0.038649709315144581,
			"z" : 0.020171669647298159
		},
		"parent_frame_id" : "linear_groundtruth_frame_id",
		"position" : 
		{
			"x" : 0.0039145812965145615,
			"y" : 0.076972053525965423,
			"z" : 0.026038439185171701
		}
	},
	"candidate_2" : 
	{
		"gripper" : 5,
		"method" : 3,
		"orientation" : 
		{
			"w" : 0.035630373279898944,
			"x" : 0.9967911179108605,
			"y" : 0.036316065771158174,
			"z" : 0.06179876310135126
		},
		"parent_frame_id" : "linear_groundtruth_frame_id",
		"position" : 
		{
			"x" : 0.0036930291093441063,
			"y" : 0.15797946130264418,
			"z" : 0.024795647454885113
		}
	},
	"candidate_3" : 
	{
		"gripper" : 5,
		"method" : 3,
		"orientation" : 
		{
			"w" : 0.038379219270178851,
			"x" : 0.99754291899520975,
			"y" : 0.026348602386060908,
			"z" : 0.052353714701339357
		},
		"parent_frame_id" : "linear_groundtruth_frame_id",
		"position" : 
		{
			"x" : 0.0045194585574720924,
			"y" : 0.14987716339490992,
			"z" : 0.025060968409169437
		}
	},
	"candidate_4" : 
	{
		"gripper" : 5,
		"method" : 3,
		"orientation" : 
		{
			"w" : 0.035535821938912519,
			"x" : 0.99705108845422918,
			"y" : 0.041208361142295515,
			"z" : 0.054112875947676754
		},
		"parent_frame_id" : "linear_groundtruth_frame_id",
		"position" : 
		{
			"x" : 0.0025150625345831761,
			"y" : 0.14074112300474353,
			"z" : 0.025147240692330295
		}
	},
	"candidate_5" : 
	{
		"gripper" : 5,
		"method" : 3,
		"orientation" : 
		{
			"w" : 0.032712459086124621,
			"x" : 0.99725156481938548,
			"y" : 0.042501230999920585,
			"z" : 0.051116111445581834
		},
		"parent_frame_id" : "linear_groundtruth_frame_id",
		"position" : 
		{
			"x" : 0.00335623098380041,
			"y" : 0.12954324795753222,
			"z" : 0.025098647292366466
		}
	},
	"candidate_6" : 
	{
		"gripper" : 5,
		"method" : 3,
		"orientation" : 
		{
			"w" : 0.031128823938680938,
			"x" : 0.99776949681938187,
			"y" : 0.035267605315064808,
			"z" : 0.047362681008712069
		},
		"parent_frame_id" : "linear_groundtruth_frame_id",
		"position" : 
		{
			"x" : 0.0034556085489292052,
			"y" : 0.12205891348772742,
			"z" : 0.025474132809249303
		}
	},
	"candidate_7" : 
	{
		"gripper" : 5,
		"method" : 3,
		"orientation" : 
		{
			"w" : 0.027049755835839923,
			"x" : 0.99837153298410442,
			"y" : 0.027488623342566739,
			"z" : 0.042035323513933395
		},
		"parent_frame_id" : "linear_groundtruth_frame_id",
		"position" : 
		{
			"x" : 0.0036622458987276029,
			"y" : 0.10976986814899188,
			"z" : 0.025476028357490747
		}
	},
	"candidate_8" : 
	{
		"gripper" : 5,
		"method" : 3,
		"orientation" : 
		{
			"w" : 0.024912357224459399,
			"x" : 0.99785578997386193,
			"y" : 0.040723870391900459,
			"z" : 0.044774582672144875
		},
		"parent_frame_id" : "linear_groundtruth_frame_id",
		"position" : 
		{
			"x" : 0.0030321780773735077,
			"y" : 0.10083245831062827,
			"z" : 0.025229316529143141
		}
	},
	"candidate_9" : 
	{
		"gripper" : 5,
		"method" : 3,
		"orientation" : 
		{
			"w" : 0.027111442800932386,
			"x" : 0.99761960482829448,
			"y" : 0.041615727663056469,
			"z" : 0.047835394244885018
		},
		"parent_frame_id" : "linear_groundtruth_frame_id",
		"position" : 
		{
			"x" : 0.0027388196991057286,
			"y" : 0.092741365140884865,
			"z" : 0.025254710572447471
		}
	}
}
