{
	"object_pose_0" : 
	{
		"orientation" : 
		{
			"w" : 0.11099455181888873,
			"x" : 0.3080769509670363,
			"y" : 0.90540000830225065,
			"z" : -0.27022297333699513
		},
		"parent_frame_id" : "camera_link",
		"position" : 
		{
			"x" : -0.0031465562320447324,
			"y" : -0.010102411967824132,
			"z" : 0.58075152836898347
		}
	}
}
