{
	"candidate_0" : 
	{
		"gripper" : 5,
		"method" : 3,
		"orientation" : 
		{
			"w" : 0.075241536517174398,
			"x" : 0.78348570474911161,
			"y" : -0.61678958827030061,
			"z" : 0.007711383642100271
		},
		"parent_frame_id" : "6dmimic_base",
		"position" : 
		{
			"x" : 0.075305300000000006,
			"y" : 1.5874915999999999,
			"z" : 0.076849000000000001
		}
	},
	"candidate_1" : 
	{
		"gripper" : 5,
		"method" : 3,
		"orientation" : 
		{
			"w" : 0.05988793317866814,
			"x" : 0.78857163292652255,
			"y" : -0.61189549152059841,
			"z" : 0.012333801520643565
		},
		"parent_frame_id" : "6dmimic_base",
		"position" : 
		{
			"x" : 0.066919900000000004,
			"y" : 1.5887334,
			"z" : 0.077164800000000006
		}
	},
	"candidate_10" : 
	{
		"gripper" : 5,
		"method" : 3,
		"orientation" : 
		{
			"w" : 0.049387590842847703,
			"x" : 0.7881718372052835,
			"y" : -0.61294934543797752,
			"z" : -0.025280839272909517
		},
		"parent_frame_id" : "6dmimic_base",
		"position" : 
		{
			"x" : -0.026810799999999999,
			"y" : 1.5707234000000001,
			"z" : 0.079319799999999996
		}
	},
	"candidate_2" : 
	{
		"gripper" : 5,
		"method" : 3,
		"orientation" : 
		{
			"w" : 0.066448944842185997,
			"x" : 0.78623287948664011,
			"y" : -0.61416874707516489,
			"z" : 0.014803616437513985
		},
		"parent_frame_id" : "6dmimic_base",
		"position" : 
		{
			"x" : 0.053323200000000001,
			"y" : 1.5847658,
			"z" : 0.077109300000000006
		}
	},
	"candidate_3" : 
	{
		"gripper" : 5,
		"method" : 3,
		"orientation" : 
		{
			"w" : 0.062560069150450398,
			"x" : 0.78029611534376031,
			"y" : -0.62224638950094502,
			"z" : 0.0058000758931629585
		},
		"parent_frame_id" : "6dmimic_base",
		"position" : 
		{
			"x" : 0.045447000000000001,
			"y" : 1.5825646,
			"z" : 0.077459899999999998
		}
	},
	"candidate_4" : 
	{
		"gripper" : 5,
		"method" : 3,
		"orientation" : 
		{
			"w" : 0.061377629816965193,
			"x" : 0.78951061221330909,
			"y" : -0.610593997293292,
			"z" : 0.0089861131762700476
		},
		"parent_frame_id" : "6dmimic_base",
		"position" : 
		{
			"x" : 0.036063699999999997,
			"y" : 1.5829873000000001,
			"z" : 0.077685500000000005
		}
	},
	"candidate_5" : 
	{
		"gripper" : 5,
		"method" : 3,
		"orientation" : 
		{
			"w" : 0.057275422781292828,
			"x" : 0.79046760295089447,
			"y" : -0.60976064081888259,
			"z" : 0.0085120819096595399
		},
		"parent_frame_id" : "6dmimic_base",
		"position" : 
		{
			"x" : 0.0251212,
			"y" : 1.5802479,
			"z" : 0.077757699999999999
		}
	},
	"candidate_6" : 
	{
		"gripper" : 5,
		"method" : 3,
		"orientation" : 
		{
			"w" : 0.053714768088005169,
			"x" : 0.78616660222477464,
			"y" : -0.61563991320435019,
			"z" : 0.0066554117336931722
		},
		"parent_frame_id" : "6dmimic_base",
		"position" : 
		{
			"x" : 0.017734699999999999,
			"y" : 1.5788692,
			"z" : 0.078222399999999997
		}
	},
	"candidate_7" : 
	{
		"gripper" : 5,
		"method" : 3,
		"orientation" : 
		{
			"w" : 0.047237066840791361,
			"x" : 0.7815628327652101,
			"y" : -0.6220137756512637,
			"z" : 0.0052020050325030341
		},
		"parent_frame_id" : "6dmimic_base",
		"position" : 
		{
			"x" : 0.0056049000000000003,
			"y" : 1.5765703,
			"z" : 0.078367800000000001
		}
	},
	"candidate_8" : 
	{
		"gripper" : 5,
		"method" : 3,
		"orientation" : 
		{
			"w" : 0.047241535879621988,
			"x" : 0.7897218592283366,
			"y" : -0.61158175145942795,
			"z" : 0.0086823744731470386
		},
		"parent_frame_id" : "6dmimic_base",
		"position" : 
		{
			"x" : -0.0033528999999999998,
			"y" : 1.5756728,
			"z" : 0.078236200000000006
		}
	},
	"candidate_9" : 
	{
		"gripper" : 5,
		"method" : 3,
		"orientation" : 
		{
			"w" : 0.050886813296332614,
			"x" : 0.79014568840640698,
			"y" : -0.61072743432225585,
			"z" : 0.0096085530369565027
		},
		"parent_frame_id" : "6dmimic_base",
		"position" : 
		{
			"x" : -0.0114118,
			"y" : 1.5745833,
			"z" : 0.078362600000000004
		}
	}
}
