{
	"candidate_0" : 
	{
		"gripper" : 5,
		"method" : 3,
		"orientation" : 
		{
			"w" : 0.050158753641452024,
			"x" : 0.99774981915489214,
			"y" : 0.036887138547830815,
			"z" : 0.024874420983600033
		},
		"parent_frame_id" : "linear_groundtruth_frame_id",
		"position" : 
		{
			"x" : 0.00016653615394357502,
			"y" : 0.078431549707763393,
			"z" : 0.017609998422553536
		}
	},
	"candidate_1" : 
	{
		"gripper" : 5,
		"method" : 3,
		"orientation" : 
		{
			"w" : 0.054705889120892449,
			"x" : 0.99686256351830738,
			"y" : 0.039319995351044516,
			"z" : 0.041547961644285446
		},
		"parent_frame_id" : "linear_groundtruth_frame_id",
		"position" : 
		{
			"x" : -0.0004729712790030316,
			"y" : 0.08779136403590454,
			"z" : 0.016874895568572607
		}
	},
	"candidate_10" : 
	{
		"gripper" : 5,
		"method" : 3,
		"orientation" : 
		{
			"w" : 0.042327133555748679,
			"x" : 0.99715814871743824,
			"y" : 0.060190577631625435,
			"z" : 0.016159658899132755
		},
		"parent_frame_id" : "linear_groundtruth_frame_id",
		"position" : 
		{
			"x" : -0.0032959978398594547,
			"y" : 0.17639355282173974,
			"z" : 0.017172700984793836
		}
	},
	"candidate_2" : 
	{
		"gripper" : 5,
		"method" : 3,
		"orientation" : 
		{
			"w" : 0.051574727613647064,
			"x" : 0.99706812505324327,
			"y" : 0.045991017123792756,
			"z" : 0.032863776689651229
		},
		"parent_frame_id" : "linear_groundtruth_frame_id",
		"position" : 
		{
			"x" : -0.0015215945596158686,
			"y" : 0.098661550897718664,
			"z" : 0.017024416619261892
		}
	},
	"candidate_3" : 
	{
		"gripper" : 5,
		"method" : 3,
		"orientation" : 
		{
			"w" : 0.046012346646398618,
			"x" : 0.99779900382064435,
			"y" : 0.038780718159825131,
			"z" : 0.027857993998663708
		},
		"parent_frame_id" : "linear_groundtruth_frame_id",
		"position" : 
		{
			"x" : -0.0012536965154694713,
			"y" : 0.10703239477591575,
			"z" : 0.017102784372788817
		}
	},
	"candidate_4" : 
	{
		"gripper" : 5,
		"method" : 3,
		"orientation" : 
		{
			"w" : 0.044019234755997776,
			"x" : 0.99792703564790752,
			"y" : 0.0395011148422253,
			"z" : 0.025369281044160006
		},
		"parent_frame_id" : "linear_groundtruth_frame_id",
		"position" : 
		{
			"x" : -0.00046599696937810187,
			"y" : 0.11815247995453682,
			"z" : 0.017471061354556769
		}
	},
	"candidate_5" : 
	{
		"gripper" : 5,
		"method" : 3,
		"orientation" : 
		{
			"w" : 0.039830015578941412,
			"x" : 0.99795961669238864,
			"y" : 0.043230206013250325,
			"z" : 0.02492634345855638
		},
		"parent_frame_id" : "linear_groundtruth_frame_id",
		"position" : 
		{
			"x" : -0.001518930607372182,
			"y" : 0.1286458560130247,
			"z" : 0.017401000030461862
		}
	},
	"candidate_6" : 
	{
		"gripper" : 5,
		"method" : 3,
		"orientation" : 
		{
			"w" : 0.045732159009730308,
			"x" : 0.99719052634914229,
			"y" : 0.053988698139149936,
			"z" : 0.024593581786086803
		},
		"parent_frame_id" : "linear_groundtruth_frame_id",
		"position" : 
		{
			"x" : -0.00097527823252119283,
			"y" : 0.13784342527140414,
			"z" : 0.017114997718176324
		}
	},
	"candidate_7" : 
	{
		"gripper" : 5,
		"method" : 3,
		"orientation" : 
		{
			"w" : 0.045229509355826258,
			"x" : 0.99681367878004001,
			"y" : 0.062252742720675117,
			"z" : 0.021008981512385637
		},
		"parent_frame_id" : "linear_groundtruth_frame_id",
		"position" : 
		{
			"x" : -0.0030463618915685942,
			"y" : 0.14677475060985334,
			"z" : 0.017053063672575405
		}
	},
	"candidate_8" : 
	{
		"gripper" : 5,
		"method" : 3,
		"orientation" : 
		{
			"w" : 0.039606809467677383,
			"x" : 0.99769119875265377,
			"y" : 0.050677065522814126,
			"z" : 0.021803843818927027
		},
		"parent_frame_id" : "linear_groundtruth_frame_id",
		"position" : 
		{
			"x" : -0.0016474650412618974,
			"y" : 0.16108803029353702,
			"z" : 0.017574343164640162
		}
	},
	"candidate_9" : 
	{
		"gripper" : 5,
		"method" : 3,
		"orientation" : 
		{
			"w" : 0.046975865931350454,
			"x" : 0.99805840644085131,
			"y" : 0.037789175482404028,
			"z" : 0.015641725259972167
		},
		"parent_frame_id" : "linear_groundtruth_frame_id",
		"position" : 
		{
			"x" : -0.0022690532983997702,
			"y" : 0.1681534146671172,
			"z" : 0.017515576999558809
		}
	}
}
