{
	"object_pose_0" : 
	{
		"orientation" : 
		{
			"w" : 0.12539737225064551,
			"x" : 0.35551842617998858,
			"y" : 0.88815001622263101,
			"z" : -0.26281568461150623
		},
		"parent_frame_id" : "camera_link",
		"position" : 
		{
			"x" : 0.0047847529702970126,
			"y" : 0.022793732584644316,
			"z" : 0.55932031984439434
		}
	}
}
