{
	"candidate_0" : 
	{
		"gripper" : 5,
		"method" : 3,
		"orientation" : 
		{
			"w" : 0.054687394085590313,
			"x" : 0.81845025985161179,
			"y" : -0.57159132728513362,
			"z" : -0.020780174430833461
		},
		"parent_frame_id" : "6dmimic_base",
		"position" : 
		{
			"x" : 0.0143772,
			"y" : 1.5689746,
			"z" : 0.0786327
		}
	},
	"candidate_1" : 
	{
		"gripper" : 5,
		"method" : 3,
		"orientation" : 
		{
			"w" : 0.068341952608858281,
			"x" : 0.81938241814623836,
			"y" : -0.56906727301382531,
			"z" : -0.010211225736407453
		},
		"parent_frame_id" : "6dmimic_base",
		"position" : 
		{
			"x" : 0.0231939,
			"y" : 1.5721544000000001,
			"z" : 0.077789999999999998
		}
	},
	"candidate_10" : 
	{
		"gripper" : 5,
		"method" : 3,
		"orientation" : 
		{
			"w" : 0.042943110791640572,
			"x" : 0.83193765458884961,
			"y" : -0.55272629193749478,
			"z" : -0.023005962569911789
		},
		"parent_frame_id" : "6dmimic_base",
		"position" : 
		{
			"x" : 0.10765719999999999,
			"y" : 1.5990571,
			"z" : 0.077014299999999994
		}
	},
	"candidate_2" : 
	{
		"gripper" : 5,
		"method" : 3,
		"orientation" : 
		{
			"w" : 0.060538994036028776,
			"x" : 0.82347818710407006,
			"y" : -0.56390249768975487,
			"z" : -0.015253808185363125
		},
		"parent_frame_id" : "6dmimic_base",
		"position" : 
		{
			"x" : 0.033366600000000003,
			"y" : 1.5761290999999999,
			"z" : 0.077819399999999997
		}
	},
	"candidate_3" : 
	{
		"gripper" : 5,
		"method" : 3,
		"orientation" : 
		{
			"w" : 0.0531586882328942,
			"x" : 0.81966242494501906,
			"y" : -0.57015333706883142,
			"z" : -0.015900793309909709
		},
		"parent_frame_id" : "6dmimic_base",
		"position" : 
		{
			"x" : 0.041493099999999998,
			"y" : 1.5781559000000001,
			"z" : 0.077787499999999996
		}
	},
	"candidate_4" : 
	{
		"gripper" : 5,
		"method" : 3,
		"orientation" : 
		{
			"w" : 0.050060754743360303,
			"x" : 0.82017311517949332,
			"y" : -0.56967671779780071,
			"z" : -0.016685897351229072
		},
		"parent_frame_id" : "6dmimic_base",
		"position" : 
		{
			"x" : 0.0524108,
			"y" : 1.5804297,
			"z" : 0.078002100000000005
		}
	},
	"candidate_5" : 
	{
		"gripper" : 5,
		"method" : 3,
		"orientation" : 
		{
			"w" : 0.046412960618785568,
			"x" : 0.82244301314740875,
			"y" : -0.56676508966279937,
			"z" : -0.014514143141408547
		},
		"parent_frame_id" : "6dmimic_base",
		"position" : 
		{
			"x" : 0.062216199999999999,
			"y" : 1.5843084000000001,
			"z" : 0.077816800000000005
		}
	},
	"candidate_6" : 
	{
		"gripper" : 5,
		"method" : 3,
		"orientation" : 
		{
			"w" : 0.050808795186632193,
			"x" : 0.82831192631099648,
			"y" : -0.55765742763693749,
			"z" : -0.018330642760228576
		},
		"parent_frame_id" : "6dmimic_base",
		"position" : 
		{
			"x" : 0.071207099999999995,
			"y" : 1.5863001999999999,
			"z" : 0.077405600000000005
		}
	},
	"candidate_7" : 
	{
		"gripper" : 5,
		"method" : 3,
		"orientation" : 
		{
			"w" : 0.048160653149822798,
			"x" : 0.8329564074651461,
			"y" : -0.55084302848293676,
			"z" : -0.020883790907937457
		},
		"parent_frame_id" : "6dmimic_base",
		"position" : 
		{
			"x" : 0.079232300000000006,
			"y" : 1.5907317000000001,
			"z" : 0.077265
		}
	},
	"candidate_8" : 
	{
		"gripper" : 5,
		"method" : 3,
		"orientation" : 
		{
			"w" : 0.044274853156973284,
			"x" : 0.82668610575095103,
			"y" : -0.5606650368928191,
			"z" : -0.016868205068399235
		},
		"parent_frame_id" : "6dmimic_base",
		"position" : 
		{
			"x" : 0.093390899999999999,
			"y" : 1.5932875,
			"z" : 0.077582100000000001
		}
	},
	"candidate_9" : 
	{
		"gripper" : 5,
		"method" : 3,
		"orientation" : 
		{
			"w" : 0.046572503434923605,
			"x" : 0.81914440413783363,
			"y" : -0.57109144718517102,
			"z" : -0.026229869336779073
		},
		"parent_frame_id" : "6dmimic_base",
		"position" : 
		{
			"x" : 0.1000167,
			"y" : 1.5958152000000001,
			"z" : 0.077444299999999994
		}
	}
}
