{
	"candidate_0" : 
	{
		"gripper" : 5,
		"method" : 3,
		"orientation" : 
		{
			"w" : 0.59776613738223727,
			"x" : -0.71675475507843089,
			"y" : -0.27006649947679334,
			"z" : 0.23664816063500221
		},
		"parent_frame_id" : "gt01_frame_id",
		"position" : 
		{
			"x" : -0.033009706497985541,
			"y" : -0.047524824409704181,
			"z" : 0.037272478673562953
		}
	},
	"candidate_1" : 
	{
		"gripper" : 5,
		"method" : 3,
		"orientation" : 
		{
			"w" : 0.60868194349910365,
			"x" : -0.68142285851657547,
			"y" : -0.31529422648562,
			"z" : 0.25643465111815078
		},
		"parent_frame_id" : "gt01_frame_id",
		"position" : 
		{
			"x" : -0.029603976186923966,
			"y" : -0.051506265993331857,
			"z" : 0.053888646944692031
		}
	},
	"candidate_2" : 
	{
		"gripper" : 5,
		"method" : 3,
		"orientation" : 
		{
			"w" : 0.57910077690253092,
			"x" : -0.68925943031666392,
			"y" : -0.31626803035230411,
			"z" : 0.29922944522140071
		},
		"parent_frame_id" : "gt01_frame_id",
		"position" : 
		{
			"x" : -0.024761298141242727,
			"y" : -0.051396790390674907,
			"z" : 0.078450498149523887
		}
	},
	"candidate_3" : 
	{
		"gripper" : 5,
		"method" : 3,
		"orientation" : 
		{
			"w" : 0.56861094558071046,
			"x" : -0.68571911704975119,
			"y" : -0.33714431634536729,
			"z" : 0.3046384661107901
		},
		"parent_frame_id" : "gt01_frame_id",
		"position" : 
		{
			"x" : -0.022719058948066369,
			"y" : -0.053354552387393284,
			"z" : 0.098801682614858069
		}
	},
	"candidate_4" : 
	{
		"gripper" : 5,
		"method" : 3,
		"orientation" : 
		{
			"w" : 0.53528291263474526,
			"x" : -0.68238887547433735,
			"y" : -0.32955058831361361,
			"z" : 0.37311397161227311
		},
		"parent_frame_id" : "gt01_frame_id",
		"position" : 
		{
			"x" : -0.019645408145799508,
			"y" : -0.05700921313846119,
			"z" : 0.12828990924109535
		}
	},
	"candidate_5" : 
	{
		"gripper" : 5,
		"method" : 3,
		"orientation" : 
		{
			"w" : 0.52506394425709069,
			"x" : -0.7012731500972047,
			"y" : -0.33181964414195303,
			"z" : 0.34988504848798241
		},
		"parent_frame_id" : "gt01_frame_id",
		"position" : 
		{
			"x" : -0.02234504055804179,
			"y" : -0.056715712593634615,
			"z" : 0.14548206411385509
		}
	}
}
