{
	"object_pose_0" : 
	{
		"orientation" : 
		{
			"w" : 0.47185603794058545,
			"x" : -0.54837177604945608,
			"y" : 0.66560986231168395,
			"z" : 0.18331532898718422
		},
		"parent_frame_id" : "camera_link",
		"position" : 
		{
			"x" : 0.0091766768344870991,
			"y" : 0.0096306985767261044,
			"z" : 0.56746499941049289
		}
	}
}
