{
	"candidate_0" : 
	{
		"gripper" : 5,
		"method" : 3,
		"orientation" : 
		{
			"w" : 0.35204589987168522,
			"x" : 0.59781159501092218,
			"y" : -0.68717589529129941,
			"z" : 0.21557891869251433
		},
		"parent_frame_id" : "6dmimic_base",
		"position" : 
		{
			"x" : -0.033813999999999997,
			"y" : 1.6046450000000001,
			"z" : 0.0293455
		}
	},
	"candidate_1" : 
	{
		"gripper" : 5,
		"method" : 3,
		"orientation" : 
		{
			"w" : 0.3122859196688722,
			"x" : 0.63751068266182598,
			"y" : -0.67764333000097665,
			"z" : 0.19198216368664761
		},
		"parent_frame_id" : "6dmimic_base",
		"position" : 
		{
			"x" : -0.016940400000000001,
			"y" : 1.6077147000000001,
			"z" : 0.032412499999999997
		}
	},
	"candidate_2" : 
	{
		"gripper" : 5,
		"method" : 3,
		"orientation" : 
		{
			"w" : 0.28737707236872767,
			"x" : 0.61607981572141857,
			"y" : -0.71311938019769294,
			"z" : 0.17123325764552905
		},
		"parent_frame_id" : "6dmimic_base",
		"position" : 
		{
			"x" : 0.0076737000000000003,
			"y" : 1.6062666999999999,
			"z" : 0.036748099999999999
		}
	},
	"candidate_3" : 
	{
		"gripper" : 5,
		"method" : 3,
		"orientation" : 
		{
			"w" : 0.28045912591361805,
			"x" : 0.62315213791534563,
			"y" : -0.71468593475949138,
			"z" : 0.14915799127185719
		},
		"parent_frame_id" : "6dmimic_base",
		"position" : 
		{
			"x" : 0.0281386,
			"y" : 1.6071167,
			"z" : 0.038372799999999999
		}
	},
	"candidate_4" : 
	{
		"gripper" : 5,
		"method" : 3,
		"orientation" : 
		{
			"w" : 0.2297108928595325,
			"x" : 0.59275351376046792,
			"y" : -0.76045562191641236,
			"z" : 0.13260250646958918
		},
		"parent_frame_id" : "6dmimic_base",
		"position" : 
		{
			"x" : 0.057838199999999999,
			"y" : 1.6091648000000001,
			"z" : 0.040842299999999998
		}
	},
	"candidate_5" : 
	{
		"gripper" : 5,
		"method" : 3,
		"orientation" : 
		{
			"w" : 0.25921100719640688,
			"x" : 0.58715098110968311,
			"y" : -0.7569193397488313,
			"z" : 0.12303045250812542
		},
		"parent_frame_id" : "6dmimic_base",
		"position" : 
		{
			"x" : 0.074930300000000005,
			"y" : 1.6079479999999999,
			"z" : 0.037788799999999997
		}
	}
}
