{
	"candidate_0" : 
	{
		"gripper" : 5,
		"method" : 3,
		"orientation" : 
		{
			"w" : 0.035581091890141296,
			"x" : 0.99843995281738485,
			"y" : 0.02379576958115167,
			"z" : 0.035852585234043409
		},
		"parent_frame_id" : "linear_groundtruth_frame_id",
		"position" : 
		{
			"x" : 0.052062766416623996,
			"y" : 0.05494398571281911,
			"z" : 0.021830201745445886
		}
	},
	"candidate_1" : 
	{
		"gripper" : 5,
		"method" : 3,
		"orientation" : 
		{
			"w" : 0.038699198272060482,
			"x" : 0.99780905092618355,
			"y" : 0.04249250634299908,
			"z" : 0.032769755073526273
		},
		"parent_frame_id" : "linear_groundtruth_frame_id",
		"position" : 
		{
			"x" : 0.047827279171537507,
			"y" : 0.054447678880164996,
			"z" : 0.036945618941625659
		}
	},
	"candidate_2" : 
	{
		"gripper" : 5,
		"method" : 3,
		"orientation" : 
		{
			"w" : 0.04572310651795207,
			"x" : 0.99834111519382684,
			"y" : 0.033492278893697609,
			"z" : 0.010133237311001683
		},
		"parent_frame_id" : "linear_groundtruth_frame_id",
		"position" : 
		{
			"x" : 0.039919907766521101,
			"y" : 0.041941255211519479,
			"z" : 0.051580167255580227
		}
	},
	"candidate_3" : 
	{
		"gripper" : 5,
		"method" : 3,
		"orientation" : 
		{
			"w" : 0.043191106159919578,
			"x" : 0.99789893223969506,
			"y" : 0.039528421786469529,
			"z" : 0.027744427451832143
		},
		"parent_frame_id" : "linear_groundtruth_frame_id",
		"position" : 
		{
			"x" : 0.034877414779734606,
			"y" : 0.038836984720610979,
			"z" : 0.066459930192115435
		}
	},
	"candidate_4" : 
	{
		"gripper" : 5,
		"method" : 3,
		"orientation" : 
		{
			"w" : 0.048629874483471398,
			"x" : 0.99837497205503056,
			"y" : 0.026341401789975349,
			"z" : 0.013736121489625193
		},
		"parent_frame_id" : "linear_groundtruth_frame_id",
		"position" : 
		{
			"x" : 0.027906635005081171,
			"y" : 0.032979166903450041,
			"z" : 0.081449359330486137
		}
	},
	"candidate_5" : 
	{
		"gripper" : 5,
		"method" : 3,
		"orientation" : 
		{
			"w" : 0.043706184486707045,
			"x" : 0.99773147669771323,
			"y" : 0.048980418695729118,
			"z" : 0.014919397729316978
		},
		"parent_frame_id" : "linear_groundtruth_frame_id",
		"position" : 
		{
			"x" : 0.020033410670075469,
			"y" : 0.025464293086821743,
			"z" : 0.096719218995225203
		}
	},
	"candidate_6" : 
	{
		"gripper" : 5,
		"method" : 3,
		"orientation" : 
		{
			"w" : 0.034863052481199461,
			"x" : 0.99776696860835423,
			"y" : 0.056035219349389452,
			"z" : 0.01028095901433702
		},
		"parent_frame_id" : "linear_groundtruth_frame_id",
		"position" : 
		{
			"x" : 0.013299763549110555,
			"y" : 0.020346935993151405,
			"z" : 0.11227648997911502
		}
	},
	"candidate_7" : 
	{
		"gripper" : 5,
		"method" : 3,
		"orientation" : 
		{
			"w" : 0.045480123082478612,
			"x" : 0.99812609012680054,
			"y" : 0.03990660951078958,
			"z" : -0.0091284790596317163
		},
		"parent_frame_id" : "linear_groundtruth_frame_id",
		"position" : 
		{
			"x" : 0.0083964438287404963,
			"y" : 0.013539418976876105,
			"z" : 0.12742437228136941
		}
	},
	"candidate_8" : 
	{
		"gripper" : 5,
		"method" : 3,
		"orientation" : 
		{
			"w" : 0.03264958231357571,
			"x" : 0.99853573834213627,
			"y" : 0.04165729107344112,
			"z" : -0.011182760334384817
		},
		"parent_frame_id" : "linear_groundtruth_frame_id",
		"position" : 
		{
			"x" : 0.0029860167507114177,
			"y" : 0.0066808677984119824,
			"z" : 0.14247830368103109
		}
	},
	"candidate_9" : 
	{
		"gripper" : 5,
		"method" : 3,
		"orientation" : 
		{
			"w" : 0.040941658353558244,
			"x" : 0.99661453948024248,
			"y" : 0.065342278660178277,
			"z" : 0.02852414639109049
		},
		"parent_frame_id" : "linear_groundtruth_frame_id",
		"position" : 
		{
			"x" : -0.0023732150291893017,
			"y" : 0.0022889652341047118,
			"z" : 0.15688978795000674
		}
	}
}
