{
	"object_pose_0" : 
	{
		"orientation" : 
		{
			"w" : 0.12565829212051932,
			"x" : 0.35628519547271537,
			"y" : 0.887793834345872,
			"z" : -0.26285767201945226
		},
		"parent_frame_id" : "camera_link",
		"position" : 
		{
			"x" : 0.0047655169482551975,
			"y" : 0.022852343309810313,
			"z" : 0.55931868666838169
		}
	}
}
