{
	"candidate_0" : 
	{
		"gripper" : 5,
		"method" : 3,
		"orientation" : 
		{
			"w" : 0.049748455046524545,
			"x" : 0.81172827443581108,
			"y" : -0.58190466765535442,
			"z" : -0.0030426079037543692
		},
		"parent_frame_id" : "6dmimic_base",
		"position" : 
		{
			"x" : 0.0061013999999999999,
			"y" : 1.5126686,
			"z" : 0.082282900000000006
		}
	},
	"candidate_1" : 
	{
		"gripper" : 5,
		"method" : 3,
		"orientation" : 
		{
			"w" : 0.050189396462119076,
			"x" : 0.82245229915728846,
			"y" : -0.56656760628590219,
			"z" : -0.0073747949884158011
		},
		"parent_frame_id" : "6dmimic_base",
		"position" : 
		{
			"x" : 0.0047089999999999996,
			"y" : 1.5164177999999999,
			"z" : 0.097470600000000004
		}
	},
	"candidate_2" : 
	{
		"gripper" : 5,
		"method" : 3,
		"orientation" : 
		{
			"w" : 0.042256870741799235,
			"x" : 0.81722500317070312,
			"y" : -0.57400063742915952,
			"z" : -0.029680284679796862
		},
		"parent_frame_id" : "6dmimic_base",
		"position" : 
		{
			"x" : -0.0092463000000000007,
			"y" : 1.5204040999999999,
			"z" : 0.1123859
		}
	},
	"candidate_3" : 
	{
		"gripper" : 5,
		"method" : 3,
		"orientation" : 
		{
			"w" : 0.050779291613731736,
			"x" : 0.8206875533916177,
			"y" : -0.56894183220766814,
			"z" : -0.014092367276989514
		},
		"parent_frame_id" : "6dmimic_base",
		"position" : 
		{
			"x" : -0.0133715,
			"y" : 1.5242157000000001,
			"z" : 0.12738340000000001
		}
	},
	"candidate_4" : 
	{
		"gripper" : 5,
		"method" : 3,
		"orientation" : 
		{
			"w" : 0.046820256339547575,
			"x" : 0.81298268145440344,
			"y" : -0.57969960694600164,
			"z" : -0.028555016339660021
		},
		"parent_frame_id" : "6dmimic_base",
		"position" : 
		{
			"x" : -0.020671599999999998,
			"y" : 1.5291235000000001,
			"z" : 0.14255609999999999
		}
	},
	"candidate_5" : 
	{
		"gripper" : 5,
		"method" : 3,
		"orientation" : 
		{
			"w" : 0.04337027670119413,
			"x" : 0.82611443321140721,
			"y" : -0.56129038407640353,
			"z" : -0.024638731339510927
		},
		"parent_frame_id" : "6dmimic_base",
		"position" : 
		{
			"x" : -0.029808000000000001,
			"y" : 1.5344403,
			"z" : 0.1580444
		}
	},
	"candidate_6" : 
	{
		"gripper" : 5,
		"method" : 3,
		"orientation" : 
		{
			"w" : 0.033445402932001322,
			"x" : 0.83034363021596524,
			"y" : -0.55577072894014179,
			"z" : -0.023016464451162576
		},
		"parent_frame_id" : "6dmimic_base",
		"position" : 
		{
			"x" : -0.036321800000000001,
			"y" : 1.5393165,
			"z" : 0.1737718
		}
	},
	"candidate_7" : 
	{
		"gripper" : 5,
		"method" : 3,
		"orientation" : 
		{
			"w" : 0.030397653651043723,
			"x" : 0.82071862424826159,
			"y" : -0.56875319953213832,
			"z" : -0.044907911179522197
		},
		"parent_frame_id" : "6dmimic_base",
		"position" : 
		{
			"x" : -0.043964900000000001,
			"y" : 1.5419737,
			"z" : 0.18908079999999999
		}
	},
	"candidate_8" : 
	{
		"gripper" : 5,
		"method" : 3,
		"orientation" : 
		{
			"w" : 0.018900294075092694,
			"x" : 0.82207882267230026,
			"y" : -0.56773389703722854,
			"z" : -0.038825382838049607
		},
		"parent_frame_id" : "6dmimic_base",
		"position" : 
		{
			"x" : -0.051797799999999998,
			"y" : 1.5451056000000001,
			"z" : 0.20430480000000001
		}
	},
	"candidate_9" : 
	{
		"gripper" : 5,
		"method" : 3,
		"orientation" : 
		{
			"w" : 0.049188524814932369,
			"x" : 0.83521546219761789,
			"y" : -0.54758484272107588,
			"z" : -0.012102097119296645
		},
		"parent_frame_id" : "6dmimic_base",
		"position" : 
		{
			"x" : -0.057255599999999997,
			"y" : 1.5488738,
			"z" : 0.2188552
		}
	}
}
