{
	"candidate_0" : 
	{
		"gripper" : 5,
		"method" : 3,
		"orientation" : 
		{
			"w" : 0.58286424747845289,
			"x" : -0.72793907977811956,
			"y" : -0.2669453912413679,
			"z" : 0.24313396150713762
		},
		"parent_frame_id" : "gt01_frame_id",
		"position" : 
		{
			"x" : -0.032777976912388027,
			"y" : -0.046951941127066021,
			"z" : 0.041317525614445627
		}
	},
	"candidate_1" : 
	{
		"gripper" : 5,
		"method" : 3,
		"orientation" : 
		{
			"w" : 0.57844287605440425,
			"x" : -0.7209623934598367,
			"y" : -0.27074038406182627,
			"z" : 0.26891766546031792
		},
		"parent_frame_id" : "gt01_frame_id",
		"position" : 
		{
			"x" : -0.031150142181557403,
			"y" : -0.049231326976741263,
			"z" : 0.061598677806503202
		}
	},
	"candidate_2" : 
	{
		"gripper" : 5,
		"method" : 3,
		"orientation" : 
		{
			"w" : 0.58757892446234483,
			"x" : -0.7137947919221157,
			"y" : -0.29481130721696819,
			"z" : 0.2415249380282706
		},
		"parent_frame_id" : "gt01_frame_id",
		"position" : 
		{
			"x" : -0.029480438497008651,
			"y" : -0.047600459824981733,
			"z" : 0.076534693779951923
		}
	},
	"candidate_3" : 
	{
		"gripper" : 5,
		"method" : 3,
		"orientation" : 
		{
			"w" : 0.57085391913511785,
			"x" : -0.72475759186124766,
			"y" : -0.28435425028259836,
			"z" : 0.26075831030627344
		},
		"parent_frame_id" : "gt01_frame_id",
		"position" : 
		{
			"x" : -0.030212962444814338,
			"y" : -0.049246731569942526,
			"z" : 0.098671980460293671
		}
	},
	"candidate_4" : 
	{
		"gripper" : 5,
		"method" : 3,
		"orientation" : 
		{
			"w" : 0.5700534001830867,
			"x" : -0.69338597714259187,
			"y" : -0.33489141183879911,
			"z" : 0.28653577423827986
		},
		"parent_frame_id" : "gt01_frame_id",
		"position" : 
		{
			"x" : -0.023197451079271236,
			"y" : -0.051396360596866364,
			"z" : 0.11209351740754903
		}
	},
	"candidate_5" : 
	{
		"gripper" : 5,
		"method" : 3,
		"orientation" : 
		{
			"w" : 0.58845216259750421,
			"x" : -0.70651339925582235,
			"y" : -0.30009843048439599,
			"z" : 0.25397598513856684
		},
		"parent_frame_id" : "gt01_frame_id",
		"position" : 
		{
			"x" : -0.028043267837174146,
			"y" : -0.04716796222394759,
			"z" : 0.12739717769157005
		}
	}
}
