{
	"object_pose_0" : 
	{
		"orientation" : 
		{
			"w" : 0.46949793459613381,
			"x" : -0.54951654703381736,
			"y" : 0.66586106870024031,
			"z" : 0.18502120844694045
		},
		"parent_frame_id" : "camera_link",
		"position" : 
		{
			"x" : 0.0091187450642360585,
			"y" : 0.0090451580870513637,
			"z" : 0.56786280667479261
		}
	}
}
