{
	"candidate_0" : 
	{
		"gripper" : 5,
		"method" : 3,
		"orientation" : 
		{
			"w" : 0.045869684604508347,
			"x" : 0.99749280600999823,
			"y" : 0.04209417332997796,
			"z" : 0.033647504576844386
		},
		"parent_frame_id" : "linear_groundtruth_frame_id",
		"position" : 
		{
			"x" : 0.051856836186047417,
			"y" : 0.056437112109637033,
			"z" : 0.021362269445688364
		}
	},
	"candidate_1" : 
	{
		"gripper" : 5,
		"method" : 3,
		"orientation" : 
		{
			"w" : 0.04723084245901555,
			"x" : 0.99749181629995098,
			"y" : 0.041969434978842125,
			"z" : 0.031904395665695501
		},
		"parent_frame_id" : "linear_groundtruth_frame_id",
		"position" : 
		{
			"x" : 0.04634626489413507,
			"y" : 0.054047415498718387,
			"z" : 0.03642876466868275
		}
	},
	"candidate_2" : 
	{
		"gripper" : 5,
		"method" : 3,
		"orientation" : 
		{
			"w" : 0.046025048604410188,
			"x" : 0.99728429861900403,
			"y" : 0.032290561654698652,
			"z" : 0.047571443713501825
		},
		"parent_frame_id" : "linear_groundtruth_frame_id",
		"position" : 
		{
			"x" : 0.040650031809626119,
			"y" : 0.04529873116771993,
			"z" : 0.051041864374887794
		}
	},
	"candidate_3" : 
	{
		"gripper" : 5,
		"method" : 3,
		"orientation" : 
		{
			"w" : 0.047847563062830507,
			"x" : 0.99766873290152902,
			"y" : 0.03027387901655958,
			"z" : 0.038094649872349159
		},
		"parent_frame_id" : "linear_groundtruth_frame_id",
		"position" : 
		{
			"x" : 0.035135795875323561,
			"y" : 0.035429681830264292,
			"z" : 0.066185623123815054
		}
	},
	"candidate_4" : 
	{
		"gripper" : 5,
		"method" : 3,
		"orientation" : 
		{
			"w" : 0.041437447427426687,
			"x" : 0.99695353663183539,
			"y" : 0.049159909078131059,
			"z" : 0.044157525829745574
		},
		"parent_frame_id" : "linear_groundtruth_frame_id",
		"position" : 
		{
			"x" : 0.029075841443947148,
			"y" : 0.033203148913946434,
			"z" : 0.081043876120456049
		}
	},
	"candidate_5" : 
	{
		"gripper" : 5,
		"method" : 3,
		"orientation" : 
		{
			"w" : 0.053025026173449459,
			"x" : 0.99625060842068347,
			"y" : 0.049601165167815743,
			"z" : 0.047040368139695081
		},
		"parent_frame_id" : "linear_groundtruth_frame_id",
		"position" : 
		{
			"x" : 0.022575996047487168,
			"y" : 0.022892927544652886,
			"z" : 0.095869978315176185
		}
	},
	"candidate_6" : 
	{
		"gripper" : 5,
		"method" : 3,
		"orientation" : 
		{
			"w" : 0.033706988461744927,
			"x" : 0.99798819394427685,
			"y" : 0.034437269053813599,
			"z" : 0.041200463308018416
		},
		"parent_frame_id" : "linear_groundtruth_frame_id",
		"position" : 
		{
			"x" : 0.015506111212311602,
			"y" : 0.016422178674256993,
			"z" : 0.11119580689354738
		}
	},
	"candidate_7" : 
	{
		"gripper" : 5,
		"method" : 3,
		"orientation" : 
		{
			"w" : 0.038898493034398067,
			"x" : 0.99737500071659158,
			"y" : 0.045469117216573152,
			"z" : 0.040774680437466133
		},
		"parent_frame_id" : "linear_groundtruth_frame_id",
		"position" : 
		{
			"x" : 0.010639930380715645,
			"y" : 0.016005551222448011,
			"z" : 0.12647699598702469
		}
	},
	"candidate_8" : 
	{
		"gripper" : 5,
		"method" : 3,
		"orientation" : 
		{
			"w" : 0.03864683603202837,
			"x" : 0.99657924575016388,
			"y" : 0.050863198080176315,
			"z" : 0.052432471673616449
		},
		"parent_frame_id" : "linear_groundtruth_frame_id",
		"position" : 
		{
			"x" : -0.0018925741080288994,
			"y" : 0.003048684948992908,
			"z" : 0.15643072803732849
		}
	}
}
