{
	"object_pose_0" : 
	{
		"orientation" : 
		{
			"w" : 0.12543913741203983,
			"x" : 0.35562966308202498,
			"y" : 0.88807412192475865,
			"z" : -0.26290184360722296
		},
		"parent_frame_id" : "camera_link",
		"position" : 
		{
			"x" : 0.0047757298774269985,
			"y" : 0.022780074103686765,
			"z" : 0.55938799305751741
		}
	}
}
