{
	"candidate_0" : 
	{
		"gripper" : 5,
		"method" : 3,
		"orientation" : 
		{
			"w" : 0.056456573845693622,
			"x" : 0.82154712656176154,
			"y" : -0.56723013161277469,
			"z" : -0.011088367701021
		},
		"parent_frame_id" : "6dmimic_base",
		"position" : 
		{
			"x" : 0.0073416000000000002,
			"y" : 1.513236,
			"z" : 0.081775899999999999
		}
	},
	"candidate_1" : 
	{
		"gripper" : 5,
		"method" : 3,
		"orientation" : 
		{
			"w" : 0.056493084372783706,
			"x" : 0.82145316009462477,
			"y" : -0.56731504379615738,
			"z" : -0.013299559059172222
		},
		"parent_frame_id" : "6dmimic_base",
		"position" : 
		{
			"x" : 0.0037864000000000001,
			"y" : 1.5176963999999999,
			"z" : 0.096959500000000004
		}
	},
	"candidate_2" : 
	{
		"gripper" : 5,
		"method" : 3,
		"orientation" : 
		{
			"w" : 0.065074915213316625,
			"x" : 0.81561470266690839,
			"y" : -0.57492426212664083,
			"z" : -7.0863868298014221e-05
		},
		"parent_frame_id" : "6dmimic_base",
		"position" : 
		{
			"x" : -0.0059433999999999997,
			"y" : 1.5206033000000001,
			"z" : 0.111772
		}
	},
	"candidate_3" : 
	{
		"gripper" : 5,
		"method" : 3,
		"orientation" : 
		{
			"w" : 0.060837161726241609,
			"x" : 0.81460804899715167,
			"y" : -0.5767462865926114,
			"z" : -0.0087342523310629111
		},
		"parent_frame_id" : "6dmimic_base",
		"position" : 
		{
			"x" : -0.0166924,
			"y" : 1.5230224000000001,
			"z" : 0.12712599999999999
		}
	},
	"candidate_4" : 
	{
		"gripper" : 5,
		"method" : 3,
		"orientation" : 
		{
			"w" : 0.059182998996619572,
			"x" : 0.82548449233618637,
			"y" : -0.56131339273871173,
			"z" : -2.5969045836338883e-05
		},
		"parent_frame_id" : "6dmimic_base",
		"position" : 
		{
			"x" : -0.020244100000000001,
			"y" : 1.5280583999999999,
			"z" : 0.1421084
		}
	},
	"candidate_5" : 
	{
		"gripper" : 5,
		"method" : 3,
		"orientation" : 
		{
			"w" : 0.070161096299511103,
			"x" : 0.82521924675529734,
			"y" : -0.56041813907372928,
			"z" : -0.0047036951228349756
		},
		"parent_frame_id" : "6dmimic_base",
		"position" : 
		{
			"x" : -0.031691799999999999,
			"y" : 1.5313089,
			"z" : 0.15716649999999999
		}
	},
	"candidate_6" : 
	{
		"gripper" : 5,
		"method" : 3,
		"orientation" : 
		{
			"w" : 0.051384697827227682,
			"x" : 0.81740479194838167,
			"y" : -0.5737629233536542,
			"z" : 0.0022642247450242285
		},
		"parent_frame_id" : "6dmimic_base",
		"position" : 
		{
			"x" : -0.039593900000000001,
			"y" : 1.5361507000000001,
			"z" : 0.1726858
		}
	},
	"candidate_7" : 
	{
		"gripper" : 5,
		"method" : 3,
		"orientation" : 
		{
			"w" : 0.055156229947031385,
			"x" : 0.82356110181050257,
			"y" : -0.56453827590399253,
			"z" : -0.0011987168342818613
		},
		"parent_frame_id" : "6dmimic_base",
		"position" : 
		{
			"x" : -0.041071799999999999,
			"y" : 1.5405278,
			"z" : 0.18804889999999999
		}
	},
	"candidate_8" : 
	{
		"gripper" : 5,
		"method" : 3,
		"orientation" : 
		{
			"w" : 0.061927137251829897,
			"x" : 0.82629794771728904,
			"y" : -0.55975751027101872,
			"z" : 0.0082620194371241171
		},
		"parent_frame_id" : "6dmimic_base",
		"position" : 
		{
			"x" : -0.056463399999999997,
			"y" : 1.5486698999999999,
			"z" : 0.21836349999999999
		}
	}
}
