{
	"candidate_0" : 
	{
		"gripper" : 5,
		"method" : 3,
		"orientation" : 
		{
			"w" : -0.011161487470572228,
			"x" : 0.84168783703099082,
			"y" : 0.53674380597430627,
			"z" : 0.057819485813631104
		},
		"parent_frame_id" : "angular_groundtruth_frame_id",
		"position" : 
		{
			"x" : 0.001184558754405679,
			"y" : -0.00076123376918601051,
			"z" : 0.09532019965909401
		}
	},
	"candidate_1" : 
	{
		"gripper" : 5,
		"method" : 3,
		"orientation" : 
		{
			"w" : -0.011373822092798323,
			"x" : 0.84680056726452702,
			"y" : 0.52853353270388126,
			"z" : 0.058751512823345668
		},
		"parent_frame_id" : "angular_groundtruth_frame_id",
		"position" : 
		{
			"x" : 0.0018821528019039128,
			"y" : -0.0013938590109778127,
			"z" : 0.09518113414492127
		}
	},
	"candidate_10" : 
	{
		"gripper" : 5,
		"method" : 3,
		"orientation" : 
		{
			"w" : 0.022971979348562932,
			"x" : 0.96041465004811133,
			"y" : 0.27352544893774211,
			"z" : 0.047537531711056583
		},
		"parent_frame_id" : "angular_groundtruth_frame_id",
		"position" : 
		{
			"x" : 0.0010121108092549262,
			"y" : 0.0013546730745066151,
			"z" : 0.094740343098698221
		}
	},
	"candidate_11" : 
	{
		"gripper" : 5,
		"method" : 3,
		"orientation" : 
		{
			"w" : 0.02721815434218508,
			"x" : 0.96125223454289599,
			"y" : 0.26947249831518788,
			"z" : 0.051360357400093128
		},
		"parent_frame_id" : "angular_groundtruth_frame_id",
		"position" : 
		{
			"x" : 0.0018336785212551628,
			"y" : 0.00082326135358070989,
			"z" : 0.094446405197923106
		}
	},
	"candidate_12" : 
	{
		"gripper" : 5,
		"method" : 3,
		"orientation" : 
		{
			"w" : 0.0021537557530935205,
			"x" : -0.99794334928749229,
			"y" : -0.062986452779666899,
			"z" : -0.011710666729653679
		},
		"parent_frame_id" : "angular_groundtruth_frame_id",
		"position" : 
		{
			"x" : 0.00072377752928297345,
			"y" : 0.0095886991541438253,
			"z" : 0.096078460378293193
		}
	},
	"candidate_13" : 
	{
		"gripper" : 5,
		"method" : 3,
		"orientation" : 
		{
			"w" : -0.0013707697625600557,
			"x" : 0.99804012408012011,
			"y" : 0.056981967302522474,
			"z" : 0.025828029710586165
		},
		"parent_frame_id" : "angular_groundtruth_frame_id",
		"position" : 
		{
			"x" : 0.004401567770848552,
			"y" : 0.0087493760038744438,
			"z" : 0.095405274001492762
		}
	},
	"candidate_14" : 
	{
		"gripper" : 5,
		"method" : 3,
		"orientation" : 
		{
			"w" : 0.00039634670749017441,
			"x" : 0.9976442845716641,
			"y" : 0.063367576635415326,
			"z" : 0.026273077515483408
		},
		"parent_frame_id" : "angular_groundtruth_frame_id",
		"position" : 
		{
			"x" : 0.002554638202805591,
			"y" : 0.0090798397280685474,
			"z" : 0.095625209807349704
		}
	},
	"candidate_15" : 
	{
		"gripper" : 5,
		"method" : 3,
		"orientation" : 
		{
			"w" : 0.0013153682247293895,
			"x" : 0.99756038455108809,
			"y" : 0.064772724790411282,
			"z" : 0.026000828908794581
		},
		"parent_frame_id" : "angular_groundtruth_frame_id",
		"position" : 
		{
			"x" : 0.0030810691290277048,
			"y" : 0.0089070673342559244,
			"z" : 0.095548144730495596
		}
	},
	"candidate_16" : 
	{
		"gripper" : 5,
		"method" : 3,
		"orientation" : 
		{
			"w" : 0.0068809027249450132,
			"x" : -0.99746655007454443,
			"y" : -0.065455450638079324,
			"z" : -0.026994789160908979
		},
		"parent_frame_id" : "angular_groundtruth_frame_id",
		"position" : 
		{
			"x" : 0.00074902083114389241,
			"y" : 0.0091227574162295235,
			"z" : 0.095879460182965351
		}
	},
	"candidate_17" : 
	{
		"gripper" : 5,
		"method" : 3,
		"orientation" : 
		{
			"w" : 0.0057361289264599748,
			"x" : -0.99750060089219883,
			"y" : -0.061512603848797705,
			"z" : -0.034290634470393565
		},
		"parent_frame_id" : "angular_groundtruth_frame_id",
		"position" : 
		{
			"x" : 0.0024656090210377346,
			"y" : 0.0087257188077135249,
			"z" : 0.095572824941602186
		}
	},
	"candidate_2" : 
	{
		"gripper" : 5,
		"method" : 3,
		"orientation" : 
		{
			"w" : -0.012788886360261681,
			"x" : 0.85105920865198792,
			"y" : 0.52210717746143576,
			"z" : 0.054210358766281802
		},
		"parent_frame_id" : "angular_groundtruth_frame_id",
		"position" : 
		{
			"x" : 0.0016895194988353793,
			"y" : -0.0011763753111063411,
			"z" : 0.095407290861360794
		}
	},
	"candidate_3" : 
	{
		"gripper" : 5,
		"method" : 3,
		"orientation" : 
		{
			"w" : -0.010484017794713689,
			"x" : 0.85019392390889759,
			"y" : 0.52298182047164621,
			"z" : 0.059585170767857375
		},
		"parent_frame_id" : "angular_groundtruth_frame_id",
		"position" : 
		{
			"x" : 0.0020815280965141899,
			"y" : -0.00081120294608905954,
			"z" : 0.095157027326418342
		}
	},
	"candidate_4" : 
	{
		"gripper" : 5,
		"method" : 3,
		"orientation" : 
		{
			"w" : -0.0083022225441271684,
			"x" : 0.85611760320344832,
			"y" : 0.51316755507983547,
			"z" : 0.060438257746188967
		},
		"parent_frame_id" : "angular_groundtruth_frame_id",
		"position" : 
		{
			"x" : 0.00027828611546188179,
			"y" : -0.00013979232918638271,
			"z" : 0.095272638267999629
		}
	},
	"candidate_5" : 
	{
		"gripper" : 5,
		"method" : 3,
		"orientation" : 
		{
			"w" : -0.0059878492570026448,
			"x" : 0.86226906924966251,
			"y" : 0.50319486983870643,
			"z" : 0.057018600865011579
		},
		"parent_frame_id" : "angular_groundtruth_frame_id",
		"position" : 
		{
			"x" : 0.0024922700976586147,
			"y" : -7.0582418753028803e-05,
			"z" : 0.095031474224059026
		}
	},
	"candidate_6" : 
	{
		"gripper" : 5,
		"method" : 3,
		"orientation" : 
		{
			"w" : 0.0057175089549277424,
			"x" : 0.95875350976823259,
			"y" : 0.28146781689373829,
			"z" : 0.039177616715656519
		},
		"parent_frame_id" : "angular_groundtruth_frame_id",
		"position" : 
		{
			"x" : 1.5469914299130489e-05,
			"y" : 0.0044746851177133451,
			"z" : 0.095273580154562401
		}
	},
	"candidate_7" : 
	{
		"gripper" : 5,
		"method" : 3,
		"orientation" : 
		{
			"w" : 0.013253223640583352,
			"x" : 0.95970885624092073,
			"y" : 0.27753241759276054,
			"z" : 0.041940678356388802
		},
		"parent_frame_id" : "angular_groundtruth_frame_id",
		"position" : 
		{
			"x" : -0.0037097499566975814,
			"y" : 0.0039552356409319903,
			"z" : 0.095309073840170982
		}
	},
	"candidate_8" : 
	{
		"gripper" : 5,
		"method" : 3,
		"orientation" : 
		{
			"w" : 0.010572745924897448,
			"x" : 0.96099974141391398,
			"y" : 0.27218273497521223,
			"z" : 0.047794066864115234
		},
		"parent_frame_id" : "angular_groundtruth_frame_id",
		"position" : 
		{
			"x" : 5.9242625650519389e-05,
			"y" : 0.003457478199595809,
			"z" : 0.095049434390337514
		}
	},
	"candidate_9" : 
	{
		"gripper" : 5,
		"method" : 3,
		"orientation" : 
		{
			"w" : 0.017402034013377136,
			"x" : 0.96117497395733242,
			"y" : 0.27227790415404662,
			"z" : 0.041286578446251811
		},
		"parent_frame_id" : "angular_groundtruth_frame_id",
		"position" : 
		{
			"x" : -0.0024874327880778382,
			"y" : 0.0032120264136567471,
			"z" : 0.095194704101145847
		}
	}
}
