{
	"object_pose_0" : 
	{
		"orientation" : 
		{
			"w" : -0.093220708207258862,
			"x" : -0.324622071187189,
			"y" : 0.90411135582767677,
			"z" : -0.26175095346637611
		},
		"parent_frame_id" : "camera_link",
		"position" : 
		{
			"x" : -0.032804350344512373,
			"y" : -0.045509407203005836,
			"z" : 0.54930392995388755
		}
	}
}
