{
	"candidate_0" : 
	{
		"gripper" : 5,
		"method" : 3,
		"orientation" : 
		{
			"w" : 0.044093650465323805,
			"x" : 0.68967936726580992,
			"y" : -0.72274385295422217,
			"z" : -0.0062803959556345622
		},
		"parent_frame_id" : "6dmimic_base",
		"position" : 
		{
			"x" : -0.1225315,
			"y" : 1.5372205999999999,
			"z" : 0.19476450000000001
		}
	},
	"candidate_1" : 
	{
		"gripper" : 5,
		"method" : 3,
		"orientation" : 
		{
			"w" : 0.04524266781741032,
			"x" : 0.68263428271490023,
			"y" : -0.72933369039408003,
			"z" : -0.005992088720089845
		},
		"parent_frame_id" : "6dmimic_base",
		"position" : 
		{
			"x" : -0.1234218,
			"y" : 1.5375525999999999,
			"z" : 0.19466439999999999
		}
	},
	"candidate_10" : 
	{
		"gripper" : 5,
		"method" : 3,
		"orientation" : 
		{
			"w" : 0.049091531088569403,
			"x" : 0.45370512902615956,
			"y" : -0.88873164554858275,
			"z" : -0.043563053970588149
		},
		"parent_frame_id" : "6dmimic_base",
		"position" : 
		{
			"x" : -0.1215865,
			"y" : 1.5353524999999999,
			"z" : 0.1940547
		}
	},
	"candidate_11" : 
	{
		"gripper" : 5,
		"method" : 3,
		"orientation" : 
		{
			"w" : 0.053780883654381856,
			"x" : 0.44997568177916397,
			"y" : -0.89018033122193618,
			"z" : -0.046994470593192519
		},
		"parent_frame_id" : "6dmimic_base",
		"position" : 
		{
			"x" : -0.1225575,
			"y" : 1.5355523,
			"z" : 0.1937934
		}
	},
	"candidate_12" : 
	{
		"gripper" : 5,
		"method" : 3,
		"orientation" : 
		{
			"w" : 0.015593128852886141,
			"x" : 0.25346562843995263,
			"y" : -0.966881266223789,
			"z" : -0.025546948107350954
		},
		"parent_frame_id" : "6dmimic_base",
		"position" : 
		{
			"x" : -0.11817850000000001,
			"y" : 1.5277377999999999,
			"z" : 0.19489529999999999
		}
	},
	"candidate_13" : 
	{
		"gripper" : 5,
		"method" : 3,
		"orientation" : 
		{
			"w" : 0.029770292550319707,
			"x" : 0.24800621648578117,
			"y" : -0.96801392364400862,
			"z" : -0.023573075684088684
		},
		"parent_frame_id" : "6dmimic_base",
		"position" : 
		{
			"x" : -0.1219287,
			"y" : 1.5271661999999999,
			"z" : 0.19427610000000001
		}
	},
	"candidate_14" : 
	{
		"gripper" : 5,
		"method" : 3,
		"orientation" : 
		{
			"w" : 0.030354336863114277,
			"x" : 0.25419637650241239,
			"y" : -0.96634633333027076,
			"z" : -0.025250355755627212
		},
		"parent_frame_id" : "6dmimic_base",
		"position" : 
		{
			"x" : -0.1200826,
			"y" : 1.5275444,
			"z" : 0.19447420000000001
		}
	},
	"candidate_15" : 
	{
		"gripper" : 5,
		"method" : 3,
		"orientation" : 
		{
			"w" : 0.030221396794459107,
			"x" : 0.25554479630646665,
			"y" : -0.96596921492991172,
			"z" : -0.026210686068248275
		},
		"parent_frame_id" : "6dmimic_base",
		"position" : 
		{
			"x" : -0.1206388,
			"y" : 1.5275103999999999,
			"z" : 0.1944081
		}
	},
	"candidate_16" : 
	{
		"gripper" : 5,
		"method" : 3,
		"orientation" : 
		{
			"w" : 0.029604350499772454,
			"x" : 0.25627834083294337,
			"y" : -0.96598222968727898,
			"z" : -0.017981278591723854
		},
		"parent_frame_id" : "6dmimic_base",
		"position" : 
		{
			"x" : -0.1183826,
			"y" : 1.5281722,
			"z" : 0.19472419999999999
		}
	},
	"candidate_17" : 
	{
		"gripper" : 5,
		"method" : 3,
		"orientation" : 
		{
			"w" : 0.03709770623748513,
			"x" : 0.25262536106089367,
			"y" : -0.96669103471893625,
			"z" : -0.01768136122596279
		},
		"parent_frame_id" : "6dmimic_base",
		"position" : 
		{
			"x" : -0.1201348,
			"y" : 1.5279099,
			"z" : 0.19444310000000001
		}
	},
	"candidate_2" : 
	{
		"gripper" : 5,
		"method" : 3,
		"orientation" : 
		{
			"w" : 0.040733791591196583,
			"x" : 0.67702136321958328,
			"y" : -0.73481421170516303,
			"z" : -0.0055593383619046213
		},
		"parent_frame_id" : "6dmimic_base",
		"position" : 
		{
			"x" : -0.1231553,
			"y" : 1.5374106999999999,
			"z" : 0.19487760000000001
		}
	},
	"candidate_3" : 
	{
		"gripper" : 5,
		"method" : 3,
		"orientation" : 
		{
			"w" : 0.046416931309219679,
			"x" : 0.67785762356780876,
			"y" : -0.73369522100953422,
			"z" : -0.0067700315072131666
		},
		"parent_frame_id" : "6dmimic_base",
		"position" : 
		{
			"x" : -0.1233877,
			"y" : 1.5369374,
			"z" : 0.1946051
		}
	},
	"candidate_4" : 
	{
		"gripper" : 5,
		"method" : 3,
		"orientation" : 
		{
			"w" : 0.048000074534144545,
			"x" : 0.66937691266315247,
			"y" : -0.74131778394423176,
			"z" : -0.0088591673579476518
		},
		"parent_frame_id" : "6dmimic_base",
		"position" : 
		{
			"x" : -0.12145599999999999,
			"y" : 1.5369881999999999,
			"z" : 0.19467799999999999
		}
	},
	"candidate_5" : 
	{
		"gripper" : 5,
		"method" : 3,
		"orientation" : 
		{
			"w" : 0.045423275560055237,
			"x" : 0.66065726361030264,
			"y" : -0.74921760507846147,
			"z" : -0.011903206157876031
		},
		"parent_frame_id" : "6dmimic_base",
		"position" : 
		{
			"x" : -0.1234928,
			"y" : 1.5361012999999999,
			"z" : 0.19443479999999999
		}
	},
	"candidate_6" : 
	{
		"gripper" : 5,
		"method" : 3,
		"orientation" : 
		{
			"w" : 0.037337301375810136,
			"x" : 0.46104116548089669,
			"y" : -0.8861429975488988,
			"z" : -0.028241061471563189
		},
		"parent_frame_id" : "6dmimic_base",
		"position" : 
		{
			"x" : -0.11947000000000001,
			"y" : 1.5328008,
			"z" : 0.1943984
		}
	},
	"candidate_7" : 
	{
		"gripper" : 5,
		"method" : 3,
		"orientation" : 
		{
			"w" : 0.041614952302275743,
			"x" : 0.45739726296170735,
			"y" : -0.88759419114203375,
			"z" : -0.035106857320714065
		},
		"parent_frame_id" : "6dmimic_base",
		"position" : 
		{
			"x" : -0.1162039,
			"y" : 1.5346881000000001,
			"z" : 0.19446099999999999
		}
	},
	"candidate_8" : 
	{
		"gripper" : 5,
		"method" : 3,
		"orientation" : 
		{
			"w" : 0.047009589638384544,
			"x" : 0.45258696705110829,
			"y" : -0.88992793920923885,
			"z" : -0.031359189280127306
		},
		"parent_frame_id" : "6dmimic_base",
		"position" : 
		{
			"x" : -0.11990000000000001,
			"y" : 1.5337417,
			"z" : 0.19423560000000001
		}
	},
	"candidate_9" : 
	{
		"gripper" : 5,
		"method" : 3,
		"orientation" : 
		{
			"w" : 0.0419333873566652,
			"x" : 0.45247786799834699,
			"y" : -0.88992131152184095,
			"z" : -0.039311948510758282
		},
		"parent_frame_id" : "6dmimic_base",
		"position" : 
		{
			"x" : -0.1176229,
			"y" : 1.5349233,
			"z" : 0.19439300000000001
		}
	}
}
