{
	"candidate_0" : 
	{
		"gripper" : 5,
		"method" : 3,
		"orientation" : 
		{
			"w" : 0.039612774226105957,
			"x" : 0.99759722293881758,
			"y" : 0.030523129933659774,
			"z" : 0.047947340300831004
		},
		"parent_frame_id" : "linear_groundtruth_frame_id",
		"position" : 
		{
			"x" : 0.05216587200517564,
			"y" : 0.056705070118910794,
			"z" : 0.021478837017971042
		}
	},
	"candidate_1" : 
	{
		"gripper" : 5,
		"method" : 3,
		"orientation" : 
		{
			"w" : 0.046460398536496313,
			"x" : 0.99794499432288308,
			"y" : 0.026445012872554387,
			"z" : 0.035325358708740422
		},
		"parent_frame_id" : "linear_groundtruth_frame_id",
		"position" : 
		{
			"x" : 0.046685220023178209,
			"y" : 0.04933429599345357,
			"z" : 0.036626687528974938
		}
	},
	"candidate_2" : 
	{
		"gripper" : 5,
		"method" : 3,
		"orientation" : 
		{
			"w" : 0.040793638419636645,
			"x" : 0.99893702249016403,
			"y" : 0.00910614025323408,
			"z" : 0.01943662451821011
		},
		"parent_frame_id" : "linear_groundtruth_frame_id",
		"position" : 
		{
			"x" : 0.041274209813851659,
			"y" : 0.041792920956847612,
			"z" : 0.051711495573223243
		}
	},
	"candidate_3" : 
	{
		"gripper" : 5,
		"method" : 3,
		"orientation" : 
		{
			"w" : 0.041132770705051343,
			"x" : 0.99897287891355135,
			"y" : 0.01836657754214294,
			"z" : 0.0048939961876960829
		},
		"parent_frame_id" : "linear_groundtruth_frame_id",
		"position" : 
		{
			"x" : 0.033005746968535421,
			"y" : 0.034846722689339693,
			"z" : 0.067151491717785533
		}
	},
	"candidate_4" : 
	{
		"gripper" : 5,
		"method" : 3,
		"orientation" : 
		{
			"w" : 0.030853596997479901,
			"x" : 0.99937310356679965,
			"y" : 0.016962480436358413,
			"z" : 0.0037053578809573698
		},
		"parent_frame_id" : "linear_groundtruth_frame_id",
		"position" : 
		{
			"x" : 0.028215933178170616,
			"y" : 0.031281782250514978,
			"z" : 0.082096459965703042
		}
	},
	"candidate_5" : 
	{
		"gripper" : 5,
		"method" : 3,
		"orientation" : 
		{
			"w" : 0.045209499108786584,
			"x" : 0.99838954968742766,
			"y" : 0.034265215452316602,
			"z" : -0.00055070434382402682
		},
		"parent_frame_id" : "linear_groundtruth_frame_id",
		"position" : 
		{
			"x" : 0.022173741368809008,
			"y" : 0.026340995866607375,
			"z" : 0.097441473577214666
		}
	},
	"candidate_6" : 
	{
		"gripper" : 5,
		"method" : 3,
		"orientation" : 
		{
			"w" : 0.037038780670899329,
			"x" : 0.99914883795173393,
			"y" : 0.018088507757590171,
			"z" : -0.0015919275160877408
		},
		"parent_frame_id" : "linear_groundtruth_frame_id",
		"position" : 
		{
			"x" : 0.014744519702449388,
			"y" : 0.020552986603087298,
			"z" : 0.11295093629348887
		}
	},
	"candidate_7" : 
	{
		"gripper" : 5,
		"method" : 3,
		"orientation" : 
		{
			"w" : 0.045929484169778524,
			"x" : 0.99836604841368792,
			"y" : 0.033539006621723058,
			"z" : 0.0055543580694534028
		},
		"parent_frame_id" : "linear_groundtruth_frame_id",
		"position" : 
		{
			"x" : 0.011067879640689116,
			"y" : 0.015221122499735784,
			"z" : 0.12732614858164837
		}
	},
	"candidate_8" : 
	{
		"gripper" : 5,
		"method" : 3,
		"orientation" : 
		{
			"w" : 0.045880616375703023,
			"x" : 0.9981129302905456,
			"y" : 0.0379813976854066,
			"z" : 0.014931873883371551
		},
		"parent_frame_id" : "linear_groundtruth_frame_id",
		"position" : 
		{
			"x" : 0.0047359375549023142,
			"y" : 0.0075029436351417012,
			"z" : 0.14230208502570338
		}
	},
	"candidate_9" : 
	{
		"gripper" : 5,
		"method" : 3,
		"orientation" : 
		{
			"w" : 0.037125616971913321,
			"x" : 0.99914879222207076,
			"y" : 0.016036869469911782,
			"z" : 0.0081362388876681149
		},
		"parent_frame_id" : "linear_groundtruth_frame_id",
		"position" : 
		{
			"x" : -0.0026185081373004682,
			"y" : -0.00045869695586270298,
			"z" : 0.15726029260516
		}
	}
}
