{
	"object_pose_0" : 
	{
		"orientation" : 
		{
			"w" : 0.12550642806473397,
			"x" : 0.35625338717892585,
			"y" : 0.88792859656355916,
			"z" : -0.2625156925924545
		},
		"parent_frame_id" : "camera_link",
		"position" : 
		{
			"x" : 0.0046863051581540541,
			"y" : 0.022729137102225516,
			"z" : 0.55931329263189644
		}
	}
}
