{
	"candidate_0" : 
	{
		"gripper" : 5,
		"method" : 3,
		"orientation" : 
		{
			"w" : 0.060242037457896851,
			"x" : 0.81520140203096447,
			"y" : -0.57602353925485938,
			"z" : 0.003801746174672254
		},
		"parent_frame_id" : "6dmimic_base",
		"position" : 
		{
			"x" : 0.0077010000000000004,
			"y" : 1.5130151999999999,
			"z" : 0.0819193
		}
	},
	"candidate_1" : 
	{
		"gripper" : 5,
		"method" : 3,
		"orientation" : 
		{
			"w" : 0.058149704186450983,
			"x" : 0.8128881716320312,
			"y" : -0.57941630330208027,
			"z" : -0.010400951471532652
		},
		"parent_frame_id" : "6dmimic_base",
		"position" : 
		{
			"x" : -0.00063089999999999999,
			"y" : 1.5160686000000001,
			"z" : 0.097251599999999994
		}
	},
	"candidate_2" : 
	{
		"gripper" : 5,
		"method" : 3,
		"orientation" : 
		{
			"w" : 0.044241695258088118,
			"x" : 0.80306891229695776,
			"y" : -0.59391555047152356,
			"z" : -0.019680279748493214
		},
		"parent_frame_id" : "6dmimic_base",
		"position" : 
		{
			"x" : -0.0091088000000000002,
			"y" : 1.5190090000000001,
			"z" : 0.11252189999999999
		}
	},
	"candidate_3" : 
	{
		"gripper" : 5,
		"method" : 3,
		"orientation" : 
		{
			"w" : 0.035655454679708182,
			"x" : 0.80852000291095427,
			"y" : -0.58654260481477782,
			"z" : -0.031493907054373882
		},
		"parent_frame_id" : "6dmimic_base",
		"position" : 
		{
			"x" : -0.0177923,
			"y" : 1.5248557,
			"z" : 0.12818789999999999
		}
	},
	"candidate_4" : 
	{
		"gripper" : 5,
		"method" : 3,
		"orientation" : 
		{
			"w" : 0.026749412513213545,
			"x" : 0.80798191874167347,
			"y" : -0.58801386302263248,
			"z" : -0.026256138518878584
		},
		"parent_frame_id" : "6dmimic_base",
		"position" : 
		{
			"x" : -0.022278900000000001,
			"y" : 1.5282924,
			"z" : 0.14325650000000001
		}
	},
	"candidate_5" : 
	{
		"gripper" : 5,
		"method" : 3,
		"orientation" : 
		{
			"w" : 0.035461332108481021,
			"x" : 0.81757127999323376,
			"y" : -0.57345754664505166,
			"z" : -0.038290184788740078
		},
		"parent_frame_id" : "6dmimic_base",
		"position" : 
		{
			"x" : -0.028425099999999998,
			"y" : 1.5325504000000001,
			"z" : 0.15876399999999999
		}
	},
	"candidate_6" : 
	{
		"gripper" : 5,
		"method" : 3,
		"orientation" : 
		{
			"w" : 0.028484271062703924,
			"x" : 0.80842428137105971,
			"y" : -0.58691454539199139,
			"z" : -0.034207367613193963
		},
		"parent_frame_id" : "6dmimic_base",
		"position" : 
		{
			"x" : -0.0357636,
			"y" : 1.5379073000000001,
			"z" : 0.17447029999999999
		}
	},
	"candidate_7" : 
	{
		"gripper" : 5,
		"method" : 3,
		"orientation" : 
		{
			"w" : 0.039720602462881206,
			"x" : 0.81718004610637462,
			"y" : -0.57401498735467738,
			"z" : -0.033850262595422197
		},
		"parent_frame_id" : "6dmimic_base",
		"position" : 
		{
			"x" : -0.0416534,
			"y" : 1.5397958,
			"z" : 0.18897330000000001
		}
	},
	"candidate_8" : 
	{
		"gripper" : 5,
		"method" : 3,
		"orientation" : 
		{
			"w" : 0.045282022333758179,
			"x" : 0.81975322988838795,
			"y" : -0.5703163608028976,
			"z" : -0.026333042768730341
		},
		"parent_frame_id" : "6dmimic_base",
		"position" : 
		{
			"x" : -0.050555799999999998,
			"y" : 1.5435745000000001,
			"z" : 0.20415259999999999
		}
	},
	"candidate_9" : 
	{
		"gripper" : 5,
		"method" : 3,
		"orientation" : 
		{
			"w" : 0.034434294395258601,
			"x" : 0.80729210245685668,
			"y" : -0.58855059024932443,
			"z" : -0.026494214414859305
		},
		"parent_frame_id" : "6dmimic_base",
		"position" : 
		{
			"x" : -0.059973100000000001,
			"y" : 1.5482697000000001,
			"z" : 0.21933459999999999
		}
	}
}
