{
	"candidate_0" : 
	{
		"gripper" : 4,
		"method" : 3,
		"orientation" : 
		{
			"w" : 0.92388109450206835,
			"x" : 0,
			"y" : 0,
			"z" : 0.3826796613639929
		},
		"position" : 
		{
			"x" : 0,
			"y" : 0,
			"z" : 0
		}
	}
}
