{
	"candidate_0" : 
	{
		"gripper" : 4,
		"method" : 3,
		"orientation" : 
		{
			"w" : 0.7073041069623377,
			"x" : -0.0011467905742862589,
			"y" : -0.7069060259813712,
			"z" : -0.0018589181836432588
		},
		"position" : 
		{
			"x" : 1.0015206486121306,
			"y" : 0.00016169997840726098,
			"z" : -1.4327735798926955e-05
		}
	}
}
