{
	"candidate_0" : 
	{
		"gripper" : 4,
		"method" : 3,
		"orientation" : 
		{
			"w" : 0.70730427975899501,
			"x" : -0.0011467129182566383,
			"y" : -0.70690585336355394,
			"z" : -0.0018588610593442126
		},
		"position" : 
		{
			"x" : 1.0015216972662999,
			"y" : 0.00016153460462213325,
			"z" : -1.4298289986079031e-05
		}
	},
	"candidate_1" : 
	{
		"gripper" : 4,
		"method" : 3,
		"orientation" : 
		{
			"w" : 0.70730379784027908,
			"x" : -0.0011467543264153126,
			"y" : -0.70690633546993686,
			"z" : -0.0018588673158225211
		},
		"position" : 
		{
			"x" : 1.0015216496180883,
			"y" : 0.00016165475222311605,
			"z" : -1.4172638912721136e-05
		}
	}
}
