{
	"candidate_0" : 
	{
		"gripper" : 4,
		"method" : 3,
		"orientation" : 
		{
			"w" : 0.70730421911153396,
			"x" : -0.0011467063968020731,
			"y" : -0.70690591403275704,
			"z" : -0.0018588698112538742
		},
		"position" : 
		{
			"x" : 1.0015213213821992,
			"y" : 0.00016154902616173899,
			"z" : -1.4307271151326514e-05
		}
	}
}
