{
	"candidate_0" : 
	{
		"gripper" : 4,
		"method" : 3,
		"orientation" : 
		{
			"w" : 4.6326794879957757e-05,
			"x" : 0,
			"y" : 0,
			"z" : 0.99999999892691405
		},
		"parent_frame_id" : "camera_link",
		"position" : 
		{
			"x" : 0,
			"y" : 0,
			"z" : 10
		}
	}
}
