{
	"candidate_0" : 
	{
		"gripper" : 4,
		"method" : 3,
		"orientation" : 
		{
			"w" : 4.6326794879957757e-05,
			"x" : 0,
			"y" : 0,
			"z" : 0.99999999892691405
		},
		"parent_frame_id" : "camera_link",
		"position" : 
		{
			"x" : 0,
			"y" : 0,
			"z" : 10
		}
	},
	"candidate_1" : 
	{
		"gripper" : 4,
		"method" : 3,
		"orientation" : 
		{
			"w" : 4.6326794879957757e-05,
			"x" : 0,
			"y" : 0,
			"z" : 0.99999999892691405
		},
		"parent_frame_id" : "camera_link",
		"position" : 
		{
			"x" : 0,
			"y" : 0,
			"z" : 10
		}
	},
	"candidate_2" : 
	{
		"gripper" : 4,
		"method" : 3,
		"orientation" : 
		{
			"w" : 4.6326794879957757e-05,
			"x" : 0,
			"y" : 0,
			"z" : 0.99999999892691405
		},
		"parent_frame_id" : "camera_link",
		"position" : 
		{
			"x" : 0,
			"y" : 0,
			"z" : 10
		}
	},
	"candidate_3" : 
	{
		"gripper" : 4,
		"method" : 3,
		"orientation" : 
		{
			"w" : 4.6326794879957757e-05,
			"x" : 0,
			"y" : 0,
			"z" : 0.99999999892691405
		},
		"parent_frame_id" : "camera_link",
		"position" : 
		{
			"x" : 0,
			"y" : 0,
			"z" : 10
		}
	},
	"object_pose_0" : 
	{
		"orientation" : 
		{
			"w" : 0.70730413487926991,
			"x" : -0.0011466111680330305,
			"y" : -0.70690588432635237,
			"z" : -0.001858758743827257
		},
		"parent_frame_id" : "camera_link",
		"position" : 
		{
			"x" : 1.001520640668256,
			"y" : 0.00016147233140158951,
			"z" : -1.420731992442519e-05
		}
	}
}
