{
	"object_pose_0" : 
	{
		"orientation" : 
		{
			"w" : 0.70730421111494657,
			"x" : -0.0011467366633857964,
			"y" : -0.70690591480299791,
			"z" : -0.0018587594847958354
		},
		"parent_frame_id" : "camera_link",
		"position" : 
		{
			"x" : 1.001520949446153,
			"y" : 0.00016144609373196749,
			"z" : -1.4261222533848233e-05
		}
	},
	"object_pose_1" : 
	{
		"orientation" : 
		{
			"w" : 0.70730452477686612,
			"x" : -0.001146769805704713,
			"y" : -0.70690562812928814,
			"z" : -0.0018586929639383104
		},
		"parent_frame_id" : "camera_link",
		"position" : 
		{
			"x" : 1.0015212596469811,
			"y" : 0.00016151582828824885,
			"z" : -1.4224761320318167e-05
		}
	}
}
