{
	"object_pose_0" : 
	{
		"orientation" : 
		{
			"w" : 0.70730472351651141,
			"x" : -0.0011466894724049127,
			"y" : -0.70690554983770748,
			"z" : -0.0018586842526274871
		},
		"parent_frame_id" : "camera_link",
		"position" : 
		{
			"x" : 1.0015211679474008,
			"y" : 0.00016155921768779176,
			"z" : -1.4178691365617749e-05
		}
	}
}
