{
	"candidate_0" : 
	{
		"gripper" : 5,
		"method" : 3,
		"orientation" : 
		{
			"w" : 0.02373834999666426,
			"x" : 0.99867145169995541,
			"y" : 0.028959261447297387,
			"z" : 0.035400331571420432
		},
		"parent_frame_id" : "linear_groundtruth_frame_id",
		"position" : 
		{
			"x" : 0.0037235468516935099,
			"y" : 0.1807499469842235,
			"z" : 0.025305115862799449
		}
	},
	"candidate_1" : 
	{
		"gripper" : 5,
		"method" : 3,
		"orientation" : 
		{
			"w" : 0.028176732075079022,
			"x" : 0.9983023852442936,
			"y" : 0.030205625920903079,
			"z" : 0.041061411907647477
		},
		"parent_frame_id" : "linear_groundtruth_frame_id",
		"position" : 
		{
			"x" : 0.0038934786973495376,
			"y" : 0.17040653359482177,
			"z" : 0.025369831295978196
		}
	},
	"candidate_10" : 
	{
		"gripper" : 5,
		"method" : 3,
		"orientation" : 
		{
			"w" : 0.056241842623825256,
			"x" : 0.99759555144343548,
			"y" : 0.037298670685516615,
			"z" : 0.015772762714199001
		},
		"parent_frame_id" : "linear_groundtruth_frame_id",
		"position" : 
		{
			"x" : 0.0048040614718757001,
			"y" : 0.074902367600241299,
			"z" : 0.025347806422517039
		}
	},
	"candidate_2" : 
	{
		"gripper" : 5,
		"method" : 3,
		"orientation" : 
		{
			"w" : 0.026869822108371674,
			"x" : 0.99825666459091811,
			"y" : 0.036363114449830487,
			"z" : 0.037939005880332631
		},
		"parent_frame_id" : "linear_groundtruth_frame_id",
		"position" : 
		{
			"x" : 0.0045184914225775401,
			"y" : 0.16190063720109404,
			"z" : 0.025483073361306396
		}
	},
	"candidate_3" : 
	{
		"gripper" : 5,
		"method" : 3,
		"orientation" : 
		{
			"w" : 0.025561572975461497,
			"x" : 0.99844651223814163,
			"y" : 0.028592200434318166,
			"z" : 0.040418489096385929
		},
		"parent_frame_id" : "linear_groundtruth_frame_id",
		"position" : 
		{
			"x" : 0.0043777785665425045,
			"y" : 0.14976329326404417,
			"z" : 0.025332580691959164
		}
	},
	"candidate_4" : 
	{
		"gripper" : 5,
		"method" : 3,
		"orientation" : 
		{
			"w" : 0.042180759122123337,
			"x" : 0.99773874496767168,
			"y" : 0.033527906164720254,
			"z" : 0.040175363824442499
		},
		"parent_frame_id" : "linear_groundtruth_frame_id",
		"position" : 
		{
			"x" : 0.0041628510787047046,
			"y" : 0.13772728148594202,
			"z" : 0.024844170411657256
		}
	},
	"candidate_5" : 
	{
		"gripper" : 5,
		"method" : 3,
		"orientation" : 
		{
			"w" : 0.032283014882054747,
			"x" : 0.99786305080561721,
			"y" : 0.036916475487387954,
			"z" : 0.043177686652023067
		},
		"parent_frame_id" : "linear_groundtruth_frame_id",
		"position" : 
		{
			"x" : 0.005808616404509432,
			"y" : 0.12983546129297432,
			"z" : 0.02525323677102289
		}
	},
	"candidate_6" : 
	{
		"gripper" : 5,
		"method" : 3,
		"orientation" : 
		{
			"w" : 0.026703057358487013,
			"x" : 0.99813317471623586,
			"y" : 0.03786061229937366,
			"z" : 0.039795556220685965
		},
		"parent_frame_id" : "linear_groundtruth_frame_id",
		"position" : 
		{
			"x" : 0.0045421198788128678,
			"y" : 0.11926344933115668,
			"z" : 0.025338212546818409
		}
	},
	"candidate_7" : 
	{
		"gripper" : 5,
		"method" : 3,
		"orientation" : 
		{
			"w" : 0.030336341870807276,
			"x" : 0.99730156407222714,
			"y" : 0.041186052888776449,
			"z" : 0.052659336384253776
		},
		"parent_frame_id" : "linear_groundtruth_frame_id",
		"position" : 
		{
			"x" : 0.0062230449559085993,
			"y" : 0.11035250859938192,
			"z" : 0.0254525275602751
		}
	},
	"candidate_8" : 
	{
		"gripper" : 5,
		"method" : 3,
		"orientation" : 
		{
			"w" : 0.015611656823097323,
			"x" : 0.9984927789273238,
			"y" : 0.038461002714812648,
			"z" : 0.035905401702243378
		},
		"parent_frame_id" : "linear_groundtruth_frame_id",
		"position" : 
		{
			"x" : 0.0053265070437521593,
			"y" : 0.10454245673056191,
			"z" : 0.025854235376842415
		}
	},
	"candidate_9" : 
	{
		"gripper" : 5,
		"method" : 3,
		"orientation" : 
		{
			"w" : 0.023187481822326848,
			"x" : 0.99794898671107435,
			"y" : 0.044625892079759075,
			"z" : 0.03960669596374846
		},
		"parent_frame_id" : "linear_groundtruth_frame_id",
		"position" : 
		{
			"x" : 0.0038254766825660189,
			"y" : 0.089790241345333824,
			"z" : 0.025353590919075138
		}
	}
}
