{
	"object_pose_0" : 
	{
		"orientation" : 
		{
			"w" : 0.11076963093641654,
			"x" : 0.30736180547752329,
			"y" : 0.90564769506267739,
			"z" : -0.27029972235662275
		},
		"parent_frame_id" : "camera_link",
		"position" : 
		{
			"x" : -0.0030850502663649949,
			"y" : -0.010270453262107848,
			"z" : 0.5808636391384735
		}
	}
}
