{
	"candidate_0" : 
	{
		"gripper" : 5,
		"method" : 3,
		"orientation" : 
		{
			"w" : 0.040428607256890722,
			"x" : 0.78218289922119222,
			"y" : -0.62173189684217223,
			"z" : 0.0022109568590787769
		},
		"parent_frame_id" : "6dmimic_base",
		"position" : 
		{
			"x" : 0.0757742,
			"y" : 1.5884818999999999,
			"z" : 0.077348600000000003
		}
	},
	"candidate_1" : 
	{
		"gripper" : 5,
		"method" : 3,
		"orientation" : 
		{
			"w" : 0.04745951352709056,
			"x" : 0.78275995031997103,
			"y" : -0.62050054301488211,
			"z" : 0.003678432965907006
		},
		"parent_frame_id" : "6dmimic_base",
		"position" : 
		{
			"x" : 0.065561999999999995,
			"y" : 1.5865663000000001,
			"z" : 0.077534800000000001
		}
	},
	"candidate_10" : 
	{
		"gripper" : 5,
		"method" : 3,
		"orientation" : 
		{
			"w" : 0.052529107244118134,
			"x" : 0.78656028636583997,
			"y" : -0.61434953153822525,
			"z" : -0.033738137218686327
		},
		"parent_frame_id" : "6dmimic_base",
		"position" : 
		{
			"x" : -0.028850399999999998,
			"y" : 1.5695378,
			"z" : 0.078642000000000004
		}
	},
	"candidate_2" : 
	{
		"gripper" : 5,
		"method" : 3,
		"orientation" : 
		{
			"w" : 0.044388280089642566,
			"x" : 0.78666602215041048,
			"y" : -0.61577729918666868,
			"z" : 0.0021372859202613767
		},
		"parent_frame_id" : "6dmimic_base",
		"position" : 
		{
			"x" : 0.057246600000000002,
			"y" : 1.5845104999999999,
			"z" : 0.077740900000000002
		}
	},
	"candidate_3" : 
	{
		"gripper" : 5,
		"method" : 3,
		"orientation" : 
		{
			"w" : 0.045061783914596656,
			"x" : 0.78182269581702757,
			"y" : -0.62185124599445185,
			"z" : 0.0048719391393482817
		},
		"parent_frame_id" : "6dmimic_base",
		"position" : 
		{
			"x" : 0.045202699999999998,
			"y" : 1.5826017999999999,
			"z" : 0.077737200000000006
		}
	},
	"candidate_4" : 
	{
		"gripper" : 5,
		"method" : 3,
		"orientation" : 
		{
			"w" : 0.057558049329879887,
			"x" : 0.78446715483286011,
			"y" : -0.61746422086481856,
			"z" : -0.0060241096918308944
		},
		"parent_frame_id" : "6dmimic_base",
		"position" : 
		{
			"x" : 0.033241800000000002,
			"y" : 1.5807879,
			"z" : 0.077394199999999996
		}
	},
	"candidate_5" : 
	{
		"gripper" : 5,
		"method" : 3,
		"orientation" : 
		{
			"w" : 0.051898344718190069,
			"x" : 0.78677359602239327,
			"y" : -0.61505026653218731,
			"z" : 0.0026533104207815232
		},
		"parent_frame_id" : "6dmimic_base",
		"position" : 
		{
			"x" : 0.0257106,
			"y" : 1.5778228999999999,
			"z" : 0.077874600000000002
		}
	},
	"candidate_6" : 
	{
		"gripper" : 5,
		"method" : 3,
		"orientation" : 
		{
			"w" : 0.045443938092181127,
			"x" : 0.78755513299105606,
			"y" : -0.61455539027113615,
			"z" : 0.0036651437632830366
		},
		"parent_frame_id" : "6dmimic_base",
		"position" : 
		{
			"x" : 0.015030399999999999,
			"y" : 1.5772885000000001,
			"z" : 0.078105400000000005
		}
	},
	"candidate_7" : 
	{
		"gripper" : 5,
		"method" : 3,
		"orientation" : 
		{
			"w" : 0.056485141766898589,
			"x" : 0.78918817461737567,
			"y" : -0.61144655246498991,
			"z" : 0.011160971389007009
		},
		"parent_frame_id" : "6dmimic_base",
		"position" : 
		{
			"x" : 0.0064917999999999998,
			"y" : 1.5741204,
			"z" : 0.078301599999999999
		}
	},
	"candidate_8" : 
	{
		"gripper" : 5,
		"method" : 3,
		"orientation" : 
		{
			"w" : 0.034453403148872359,
			"x" : 0.78817703560038621,
			"y" : -0.61443341463885603,
			"z" : 0.007842355442358305
		},
		"parent_frame_id" : "6dmimic_base",
		"position" : 
		{
			"x" : 0.00059360000000000001,
			"y" : 1.5740204,
			"z" : 0.078787800000000005
		}
	},
	"candidate_9" : 
	{
		"gripper" : 5,
		"method" : 3,
		"orientation" : 
		{
			"w" : 0.042571059786985901,
			"x" : 0.79177481232491886,
			"y" : -0.60930026078889843,
			"z" : 0.0057916870627557904
		},
		"parent_frame_id" : "6dmimic_base",
		"position" : 
		{
			"x" : -0.014273599999999999,
			"y" : 1.5730194,
			"z" : 0.078484300000000007
		}
	}
}
