{
	"candidate_0" : 
	{
		"gripper" : 5,
		"method" : 3,
		"orientation" : 
		{
			"w" : 0.0083193531348713934,
			"x" : 0.87122083794864624,
			"y" : 0.48865332554643071,
			"z" : 0.046075669500180952
		},
		"parent_frame_id" : "angular_groundtruth_frame_id",
		"position" : 
		{
			"x" : 0.002367706191240273,
			"y" : 0.0031768998133123996,
			"z" : 0.095958729625629069
		}
	},
	"candidate_1" : 
	{
		"gripper" : 5,
		"method" : 3,
		"orientation" : 
		{
			"w" : 0.0054609304879449337,
			"x" : 0.87044185144799946,
			"y" : 0.4901126689602423,
			"z" : 0.045724536199425889
		},
		"parent_frame_id" : "angular_groundtruth_frame_id",
		"position" : 
		{
			"x" : 0.0017781419469554728,
			"y" : 0.0023110336263201109,
			"z" : 0.096025950496144721
		}
	},
	"candidate_10" : 
	{
		"gripper" : 5,
		"method" : 3,
		"orientation" : 
		{
			"w" : 0.028297154553890688,
			"x" : 0.95362022579586192,
			"y" : 0.29785950256164373,
			"z" : 0.032976548196146323
		},
		"parent_frame_id" : "angular_groundtruth_frame_id",
		"position" : 
		{
			"x" : -0.00017568301010882116,
			"y" : 0.0065430968581900138,
			"z" : 0.09499074339047836
		}
	},
	"candidate_11" : 
	{
		"gripper" : 5,
		"method" : 3,
		"orientation" : 
		{
			"w" : 0.021822971361878454,
			"x" : 0.99812524609627928,
			"y" : 0.057108577706238048,
			"z" : -0.0028916048400517494
		},
		"parent_frame_id" : "angular_groundtruth_frame_id",
		"position" : 
		{
			"x" : -0.0019952478125716058,
			"y" : 0.013105028578239433,
			"z" : 0.0961093099582261
		}
	},
	"candidate_12" : 
	{
		"gripper" : 5,
		"method" : 3,
		"orientation" : 
		{
			"w" : 0.023689066322386956,
			"x" : 0.99802465421656239,
			"y" : 0.058068511419734251,
			"z" : 0.0036967139706714901
		},
		"parent_frame_id" : "angular_groundtruth_frame_id",
		"position" : 
		{
			"x" : -0.0012946553836457575,
			"y" : 0.012726849728525383,
			"z" : 0.0957469619965957
		}
	},
	"candidate_13" : 
	{
		"gripper" : 5,
		"method" : 3,
		"orientation" : 
		{
			"w" : 0.023108260890526859,
			"x" : 0.99808453419531218,
			"y" : 0.056378631475750035,
			"z" : 0.010710779227675736
		},
		"parent_frame_id" : "angular_groundtruth_frame_id",
		"position" : 
		{
			"x" : -0.0013522688337590828,
			"y" : 0.012727226925680476,
			"z" : 0.095578970763462417
		}
	},
	"candidate_14" : 
	{
		"gripper" : 5,
		"method" : 3,
		"orientation" : 
		{
			"w" : 0.021819535725282748,
			"x" : 0.99751217631064804,
			"y" : 0.064739213123966799,
			"z" : 0.017383907984605759
		},
		"parent_frame_id" : "angular_groundtruth_frame_id",
		"position" : 
		{
			"x" : 0.0019769020556333469,
			"y" : 0.011727649744174968,
			"z" : 0.095129201697870341
		}
	},
	"candidate_15" : 
	{
		"gripper" : 5,
		"method" : 3,
		"orientation" : 
		{
			"w" : 0.015432853360558578,
			"x" : 0.99751216752014349,
			"y" : 0.06748277219410477,
			"z" : 0.013318338613176137
		},
		"parent_frame_id" : "angular_groundtruth_frame_id",
		"position" : 
		{
			"x" : -0.0017644791305712944,
			"y" : 0.012815437047649311,
			"z" : 0.095737388889894762
		}
	},
	"candidate_16" : 
	{
		"gripper" : 5,
		"method" : 3,
		"orientation" : 
		{
			"w" : 0.016237696952729631,
			"x" : 0.99776876218134503,
			"y" : 0.063756674618231507,
			"z" : 0.011354331966387935
		},
		"parent_frame_id" : "angular_groundtruth_frame_id",
		"position" : 
		{
			"x" : -0.0005767123430600726,
			"y" : 0.012543683902466948,
			"z" : 0.095626351174863095
		}
	},
	"candidate_17" : 
	{
		"gripper" : 5,
		"method" : 3,
		"orientation" : 
		{
			"w" : 0.01949160636527637,
			"x" : 0.99752981416510522,
			"y" : 0.067289401960188136,
			"z" : 0.005146213838530209
		},
		"parent_frame_id" : "angular_groundtruth_frame_id",
		"position" : 
		{
			"x" : -0.0035518658068555142,
			"y" : 0.012615974918340423,
			"z" : 0.096112702967531327
		}
	},
	"candidate_2" : 
	{
		"gripper" : 5,
		"method" : 3,
		"orientation" : 
		{
			"w" : 0.0064662710517086261,
			"x" : 0.87175467225243164,
			"y" : 0.48799460432534664,
			"z" : 0.043165320502569743
		},
		"parent_frame_id" : "angular_groundtruth_frame_id",
		"position" : 
		{
			"x" : 0.001058914092668662,
			"y" : 0.0030493752484204934,
			"z" : 0.096193731083125469
		}
	},
	"candidate_3" : 
	{
		"gripper" : 5,
		"method" : 3,
		"orientation" : 
		{
			"w" : 0.0065517013017235073,
			"x" : 0.8737625996438656,
			"y" : 0.48443374580100129,
			"z" : 0.042660761864481277
		},
		"parent_frame_id" : "angular_groundtruth_frame_id",
		"position" : 
		{
			"x" : 0.00170028056204318,
			"y" : 0.002580088575139632,
			"z" : 0.096108797594625858
		}
	},
	"candidate_4" : 
	{
		"gripper" : 5,
		"method" : 3,
		"orientation" : 
		{
			"w" : 0.0075140555882768391,
			"x" : 0.87345773359225221,
			"y" : 0.48451334370537186,
			"z" : 0.047559923969057838
		},
		"parent_frame_id" : "angular_groundtruth_frame_id",
		"position" : 
		{
			"x" : 0.0035078723261738306,
			"y" : 0.0021201487551569154,
			"z" : 0.0957665201433371
		}
	},
	"candidate_5" : 
	{
		"gripper" : 5,
		"method" : 3,
		"orientation" : 
		{
			"w" : 0.0033065654796682088,
			"x" : 0.87600439700936006,
			"y" : 0.48031971873508039,
			"z" : 0.043569838641535477
		},
		"parent_frame_id" : "angular_groundtruth_frame_id",
		"position" : 
		{
			"x" : -0.0023856733503739682,
			"y" : 0.0035915888205289509,
			"z" : 0.096392512623484541
		}
	},
	"candidate_6" : 
	{
		"gripper" : 5,
		"method" : 3,
		"orientation" : 
		{
			"w" : 0.018079341350328862,
			"x" : 0.95349617124069952,
			"y" : 0.29968531171948221,
			"z" : 0.02658764346950818
		},
		"parent_frame_id" : "angular_groundtruth_frame_id",
		"position" : 
		{
			"x" : -0.00048967661727906736,
			"y" : 0.008536770340125871,
			"z" : 0.095161845148666491
		}
	},
	"candidate_7" : 
	{
		"gripper" : 5,
		"method" : 3,
		"orientation" : 
		{
			"w" : 0.017657281588915087,
			"x" : 0.95205824726147359,
			"y" : 0.30414591141975655,
			"z" : 0.027723253686145706
		},
		"parent_frame_id" : "angular_groundtruth_frame_id",
		"position" : 
		{
			"x" : 0.00050568762880072535,
			"y" : 0.0085611814968535992,
			"z" : 0.095135860223789961
		}
	},
	"candidate_8" : 
	{
		"gripper" : 5,
		"method" : 3,
		"orientation" : 
		{
			"w" : 0.023999520060830181,
			"x" : 0.95467817081315065,
			"y" : 0.29541806673093335,
			"z" : 0.027235621136013105
		},
		"parent_frame_id" : "angular_groundtruth_frame_id",
		"position" : 
		{
			"x" : 0.00024530023592166583,
			"y" : 0.0079260808535155484,
			"z" : 0.095015509399996104
		}
	},
	"candidate_9" : 
	{
		"gripper" : 5,
		"method" : 3,
		"orientation" : 
		{
			"w" : 0.021962526239131135,
			"x" : 0.95342661371608772,
			"y" : 0.29932288800611323,
			"z" : 0.030019134143894215
		},
		"parent_frame_id" : "angular_groundtruth_frame_id",
		"position" : 
		{
			"x" : 0.0010324733435076701,
			"y" : 0.0079189315560306978,
			"z" : 0.095062466748939076
		}
	}
}
