{
	"object_pose_0" : 
	{
		"orientation" : 
		{
			"w" : -0.08522779348825299,
			"x" : -0.32688052804088064,
			"y" : 0.89892688146461808,
			"z" : -0.27895562996466405
		},
		"parent_frame_id" : "camera_link",
		"position" : 
		{
			"x" : -0.032939076603694238,
			"y" : -0.045981977018932835,
			"z" : 0.54947245318452453
		}
	}
}
