{
	"candidate_0" : 
	{
		"gripper" : 5,
		"method" : 3,
		"orientation" : 
		{
			"w" : 0.045756985514411361,
			"x" : 0.64708925250444038,
			"y" : -0.76097360472573194,
			"z" : -0.010048406868953346
		},
		"parent_frame_id" : "6dmimic_base",
		"position" : 
		{
			"x" : -0.12363449999999999,
			"y" : 1.5364939,
			"z" : 0.19540850000000001
		}
	},
	"candidate_1" : 
	{
		"gripper" : 5,
		"method" : 3,
		"orientation" : 
		{
			"w" : 0.044846272972576942,
			"x" : 0.64838085034408033,
			"y" : -0.75995898601367695,
			"z" : -0.0073091917898307872
		},
		"parent_frame_id" : "6dmimic_base",
		"position" : 
		{
			"x" : -0.1234133,
			"y" : 1.5375209999999999,
			"z" : 0.19549150000000001
		}
	},
	"candidate_10" : 
	{
		"gripper" : 5,
		"method" : 3,
		"orientation" : 
		{
			"w" : 0.038975701273132747,
			"x" : 0.47544005011252749,
			"y" : -0.87829591834941223,
			"z" : -0.032154832763172062
		},
		"parent_frame_id" : "6dmimic_base",
		"position" : 
		{
			"x" : -0.12001050000000001,
			"y" : 1.5343397999999999,
			"z" : 0.19435369999999999
		}
	},
	"candidate_11" : 
	{
		"gripper" : 5,
		"method" : 3,
		"orientation" : 
		{
			"w" : 0.0051049929847749084,
			"x" : 0.24738501391227177,
			"y" : -0.96837261750294246,
			"z" : -0.032079083664444695
		},
		"parent_frame_id" : "6dmimic_base",
		"position" : 
		{
			"x" : -0.11582489999999999,
			"y" : 1.5289018000000001,
			"z" : 0.19532910000000001
		}
	},
	"candidate_12" : 
	{
		"gripper" : 5,
		"method" : 3,
		"orientation" : 
		{
			"w" : 0.011918634827285331,
			"x" : 0.24836477794504858,
			"y" : -0.96804280359860817,
			"z" : -0.032649864028919791
		},
		"parent_frame_id" : "6dmimic_base",
		"position" : 
		{
			"x" : -0.1166233,
			"y" : 1.5289955,
			"z" : 0.1949767
		}
	},
	"candidate_13" : 
	{
		"gripper" : 5,
		"method" : 3,
		"orientation" : 
		{
			"w" : 0.018707557888634218,
			"x" : 0.24678967691490811,
			"y" : -0.96840110223930753,
			"z" : -0.030727639476097544
		},
		"parent_frame_id" : "6dmimic_base",
		"position" : 
		{
			"x" : -0.1165717,
			"y" : 1.5290199,
			"z" : 0.1948078
		}
	},
	"candidate_14" : 
	{
		"gripper" : 5,
		"method" : 3,
		"orientation" : 
		{
			"w" : 0.024924098179342942,
			"x" : 0.25495621223688486,
			"y" : -0.96621949915693695,
			"z" : -0.028213447515063647
		},
		"parent_frame_id" : "6dmimic_base",
		"position" : 
		{
			"x" : -0.1200484,
			"y" : 1.5287005,
			"z" : 0.19439319999999999
		}
	},
	"candidate_15" : 
	{
		"gripper" : 5,
		"method" : 3,
		"orientation" : 
		{
			"w" : 0.019682043342903879,
			"x" : 0.25763614413181307,
			"y" : -0.96577390845370281,
			"z" : -0.022737461529344694
		},
		"parent_frame_id" : "6dmimic_base",
		"position" : 
		{
			"x" : -0.1161534,
			"y" : 1.5290907,
			"z" : 0.194963
		}
	},
	"candidate_16" : 
	{
		"gripper" : 5,
		"method" : 3,
		"orientation" : 
		{
			"w" : 0.017946935522680944,
			"x" : 0.25400579460909556,
			"y" : -0.96674102515124005,
			"z" : -0.023890460436672742
		},
		"parent_frame_id" : "6dmimic_base",
		"position" : 
		{
			"x" : -0.1173611,
			"y" : 1.5288968999999999,
			"z" : 0.19486290000000001
		}
	},
	"candidate_17" : 
	{
		"gripper" : 5,
		"method" : 3,
		"orientation" : 
		{
			"w" : 0.012442705852552112,
			"x" : 0.25735145637067602,
			"y" : -0.96582359848086463,
			"z" : -0.028287516547625319
		},
		"parent_frame_id" : "6dmimic_base",
		"position" : 
		{
			"x" : -0.1145635,
			"y" : 1.5299446999999999,
			"z" : 0.1953355
		}
	},
	"candidate_2" : 
	{
		"gripper" : 5,
		"method" : 3,
		"orientation" : 
		{
			"w" : 0.042554188491690181,
			"x" : 0.64652443265266235,
			"y" : -0.76165479437024786,
			"z" : -0.008790519767473276
		},
		"parent_frame_id" : "6dmimic_base",
		"position" : 
		{
			"x" : -0.1224638,
			"y" : 1.5371026999999999,
			"z" : 0.19564090000000001
		}
	},
	"candidate_3" : 
	{
		"gripper" : 5,
		"method" : 3,
		"orientation" : 
		{
			"w" : 0.042119336984773152,
			"x" : 0.64340974880887558,
			"y" : -0.76430968514762765,
			"z" : -0.0089756213822281029
		},
		"parent_frame_id" : "6dmimic_base",
		"position" : 
		{
			"x" : -0.12323820000000001,
			"y" : 1.5372986,
			"z" : 0.19556860000000001
		}
	},
	"candidate_4" : 
	{
		"gripper" : 5,
		"method" : 3,
		"orientation" : 
		{
			"w" : 0.047109717077929263,
			"x" : 0.64347362027852728,
			"y" : -0.76396451309689806,
			"z" : -0.0089775994064521837
		},
		"parent_frame_id" : "6dmimic_base",
		"position" : 
		{
			"x" : -0.12509580000000001,
			"y" : 1.5370499,
			"z" : 0.19524330000000001
		}
	},
	"candidate_5" : 
	{
		"gripper" : 5,
		"method" : 3,
		"orientation" : 
		{
			"w" : 0.042439349716715334,
			"x" : 0.63982542890987093,
			"y" : -0.76732700160039724,
			"z" : -0.0056209190410336472
		},
		"parent_frame_id" : "6dmimic_base",
		"position" : 
		{
			"x" : -0.11905590000000001,
			"y" : 1.5378957,
			"z" : 0.19581270000000001
		}
	},
	"candidate_6" : 
	{
		"gripper" : 5,
		"method" : 3,
		"orientation" : 
		{
			"w" : 0.030727259992197858,
			"x" : 0.47718915847241339,
			"y" : -0.87795254409820012,
			"z" : -0.023359641291335078
		},
		"parent_frame_id" : "6dmimic_base",
		"position" : 
		{
			"x" : -0.11896279999999999,
			"y" : 1.5326004,
			"z" : 0.19448180000000001
		}
	},
	"candidate_7" : 
	{
		"gripper" : 5,
		"method" : 3,
		"orientation" : 
		{
			"w" : 0.03171046795047272,
			"x" : 0.4813038817074477,
			"y" : -0.87568501346983196,
			"z" : -0.022732726630246086
		},
		"parent_frame_id" : "6dmimic_base",
		"position" : 
		{
			"x" : -0.1198787,
			"y" : 1.5322022,
			"z" : 0.19445989999999999
		}
	},
	"candidate_8" : 
	{
		"gripper" : 5,
		"method" : 3,
		"orientation" : 
		{
			"w" : 0.032546038180647649,
			"x" : 0.47320892577446866,
			"y" : -0.87986978599462207,
			"z" : -0.029038382528909445
		},
		"parent_frame_id" : "6dmimic_base",
		"position" : 
		{
			"x" : -0.1198784,
			"y" : 1.5328936,
			"z" : 0.1943513
		}
	},
	"candidate_9" : 
	{
		"gripper" : 5,
		"method" : 3,
		"orientation" : 
		{
			"w" : 0.034842996047296751,
			"x" : 0.47683725200980687,
			"y" : -0.87790057538989141,
			"z" : -0.026510006644311617
		},
		"parent_frame_id" : "6dmimic_base",
		"position" : 
		{
			"x" : -0.12061189999999999,
			"y" : 1.5326021000000001,
			"z" : 0.1944023
		}
	}
}
