{
	"candidate_0" : 
	{
		"gripper" : 5,
		"method" : 3,
		"orientation" : 
		{
			"w" : 0.02901406498331122,
			"x" : 0.99852948372362949,
			"y" : 0.025409013420574392,
			"z" : 0.038097719154293941
		},
		"parent_frame_id" : "linear_groundtruth_frame_id",
		"position" : 
		{
			"x" : 0.004384021904163332,
			"y" : 0.17968354968117067,
			"z" : 0.025033992817251306
		}
	},
	"candidate_1" : 
	{
		"gripper" : 5,
		"method" : 3,
		"orientation" : 
		{
			"w" : 0.031982836644685445,
			"x" : 0.9981747178165804,
			"y" : 0.036815897963109245,
			"z" : 0.035621910801069932
		},
		"parent_frame_id" : "linear_groundtruth_frame_id",
		"position" : 
		{
			"x" : 0.0050112649990937926,
			"y" : 0.17177664153466435,
			"z" : 0.025485603481036512
		}
	},
	"candidate_10" : 
	{
		"gripper" : 5,
		"method" : 3,
		"orientation" : 
		{
			"w" : 0.059371748508701541,
			"x" : 0.99736164703680885,
			"y" : 0.036524980272603522,
			"z" : 0.020264903531212977
		},
		"parent_frame_id" : "linear_groundtruth_frame_id",
		"position" : 
		{
			"x" : 0.0054750216647480449,
			"y" : 0.077113100512234536,
			"z" : 0.025360891974488146
		}
	},
	"candidate_2" : 
	{
		"gripper" : 5,
		"method" : 3,
		"orientation" : 
		{
			"w" : 0.019912264554609978,
			"x" : 0.99879150960403218,
			"y" : 0.033428521457555496,
			"z" : 0.03002592240660459
		},
		"parent_frame_id" : "linear_groundtruth_frame_id",
		"position" : 
		{
			"x" : 0.0045507211916981302,
			"y" : 0.16096614748354646,
			"z" : 0.025421455185141932
		}
	},
	"candidate_3" : 
	{
		"gripper" : 5,
		"method" : 3,
		"orientation" : 
		{
			"w" : 0.019775558710641617,
			"x" : 0.99849840381087651,
			"y" : 0.036416207555683998,
			"z" : 0.035829103980911207
		},
		"parent_frame_id" : "linear_groundtruth_frame_id",
		"position" : 
		{
			"x" : 0.0045768316962997036,
			"y" : 0.15219371988149072,
			"z" : 0.025698568332432038
		}
	},
	"candidate_4" : 
	{
		"gripper" : 5,
		"method" : 3,
		"orientation" : 
		{
			"w" : 0.032736021993470706,
			"x" : 0.99834310701157314,
			"y" : 0.032811674721412956,
			"z" : 0.034099670797502847
		},
		"parent_frame_id" : "linear_groundtruth_frame_id",
		"position" : 
		{
			"x" : 0.0053931779266491904,
			"y" : 0.14122243980450702,
			"z" : 0.02528485619700227
		}
	},
	"candidate_5" : 
	{
		"gripper" : 5,
		"method" : 3,
		"orientation" : 
		{
			"w" : 0.039888686674874038,
			"x" : 0.99714490269096245,
			"y" : 0.048003797429357502,
			"z" : 0.042503778010265149
		},
		"parent_frame_id" : "linear_groundtruth_frame_id",
		"position" : 
		{
			"x" : 0.0068633730238317689,
			"y" : 0.12615751574648351,
			"z" : 0.024881440648213099
		}
	},
	"candidate_6" : 
	{
		"gripper" : 5,
		"method" : 3,
		"orientation" : 
		{
			"w" : 0.023186592216612161,
			"x" : 0.99821859816933611,
			"y" : 0.028273618239734413,
			"z" : 0.047144614982619119
		},
		"parent_frame_id" : "linear_groundtruth_frame_id",
		"position" : 
		{
			"x" : 0.006011042637766275,
			"y" : 0.12545924397535849,
			"z" : 0.025901988045807699
		}
	},
	"candidate_7" : 
	{
		"gripper" : 5,
		"method" : 3,
		"orientation" : 
		{
			"w" : 0.02934572647094149,
			"x" : 0.99810300977183175,
			"y" : 0.040375218728457576,
			"z" : 0.03604236305977554
		},
		"parent_frame_id" : "linear_groundtruth_frame_id",
		"position" : 
		{
			"x" : 0.0051361409458836335,
			"y" : 0.10934588493960096,
			"z" : 0.025465787333035179
		}
	},
	"candidate_8" : 
	{
		"gripper" : 5,
		"method" : 3,
		"orientation" : 
		{
			"w" : 0.022847621298111503,
			"x" : 0.99808971523823231,
			"y" : 0.046084407467124847,
			"z" : 0.034221834040367327
		},
		"parent_frame_id" : "linear_groundtruth_frame_id",
		"position" : 
		{
			"x" : 0.0048366215635874121,
			"y" : 0.10240371601776897,
			"z" : 0.025411775531068936
		}
	},
	"candidate_9" : 
	{
		"gripper" : 5,
		"method" : 3,
		"orientation" : 
		{
			"w" : 0.040619702231033249,
			"x" : 0.99853559081494359,
			"y" : 0.013976365053921776,
			"z" : 0.032884265027414282
		},
		"parent_frame_id" : "linear_groundtruth_frame_id",
		"position" : 
		{
			"x" : 0.0067622265512817204,
			"y" : 0.089518343609267748,
			"z" : 0.02534004343040297
		}
	}
}
