{
	"object_pose_0" : 
	{
		"orientation" : 
		{
			"w" : 0.1107040401530059,
			"x" : 0.30736566352071365,
			"y" : 0.9056192802123112,
			"z" : -0.27041655641361179
		},
		"parent_frame_id" : "camera_link",
		"position" : 
		{
			"x" : -0.0031013870381071014,
			"y" : -0.010266352681347235,
			"z" : 0.58086262626253182
		}
	}
}
