{
	"candidate_0" : 
	{
		"gripper" : 5,
		"method" : 3,
		"orientation" : 
		{
			"w" : 0.046119942718016005,
			"x" : 0.77980086604759125,
			"y" : -0.62432577426598124,
			"z" : 0.00094222199969155873
		},
		"parent_frame_id" : "6dmimic_base",
		"position" : 
		{
			"x" : 0.074818899999999994,
			"y" : 1.5876277000000001,
			"z" : 0.077124399999999996
		}
	},
	"candidate_1" : 
	{
		"gripper" : 5,
		"method" : 3,
		"orientation" : 
		{
			"w" : 0.046683741767336612,
			"x" : 0.78686431532854961,
			"y" : -0.61535113308947553,
			"z" : -0.00285666284883258
		},
		"parent_frame_id" : "6dmimic_base",
		"position" : 
		{
			"x" : 0.067101599999999997,
			"y" : 1.5856668,
			"z" : 0.077660800000000002
		}
	},
	"candidate_10" : 
	{
		"gripper" : 5,
		"method" : 3,
		"orientation" : 
		{
			"w" : 0.057711958451953316,
			"x" : 0.78592023037727576,
			"y" : -0.61478348267099037,
			"z" : -0.032248887892419482
		},
		"parent_frame_id" : "6dmimic_base",
		"position" : 
		{
			"x" : -0.026556099999999999,
			"y" : 1.5692271,
			"z" : 0.0786361
		}
	},
	"candidate_2" : 
	{
		"gripper" : 5,
		"method" : 3,
		"orientation" : 
		{
			"w" : 0.033882603234817024,
			"x" : 0.78509327584002708,
			"y" : -0.61844975672875491,
			"z" : 0.00064484955701481911
		},
		"parent_frame_id" : "6dmimic_base",
		"position" : 
		{
			"x" : 0.056318800000000002,
			"y" : 1.5842977,
			"z" : 0.077729800000000002
		}
	},
	"candidate_3" : 
	{
		"gripper" : 5,
		"method" : 3,
		"orientation" : 
		{
			"w" : 0.037492647330552367,
			"x" : 0.78685118113274333,
			"y" : -0.61598114832082573,
			"z" : 0.0051715625792151804
		},
		"parent_frame_id" : "6dmimic_base",
		"position" : 
		{
			"x" : 0.047640799999999997,
			"y" : 1.5827872000000001,
			"z" : 0.078110200000000005
		}
	},
	"candidate_4" : 
	{
		"gripper" : 5,
		"method" : 3,
		"orientation" : 
		{
			"w" : 0.046315395893117103,
			"x" : 0.78439632050081953,
			"y" : -0.61851189757336755,
			"z" : -0.0045087745820212473
		},
		"parent_frame_id" : "6dmimic_base",
		"position" : 
		{
			"x" : 0.036908900000000001,
			"y" : 1.5801331000000001,
			"z" : 0.077811000000000005
		}
	},
	"candidate_5" : 
	{
		"gripper" : 5,
		"method" : 3,
		"orientation" : 
		{
			"w" : 0.057057905393164216,
			"x" : 0.79336129260407939,
			"y" : -0.60606522610550873,
			"z" : -0.0026826359066405257
		},
		"parent_frame_id" : "6dmimic_base",
		"position" : 
		{
			"x" : 0.022233800000000001,
			"y" : 1.5761413,
			"z" : 0.077560199999999996
		}
	},
	"candidate_6" : 
	{
		"gripper" : 5,
		"method" : 3,
		"orientation" : 
		{
			"w" : 0.047474528732804375,
			"x" : 0.78149438266234805,
			"y" : -0.62199495172362629,
			"z" : 0.011618047130110921
		},
		"parent_frame_id" : "6dmimic_base",
		"position" : 
		{
			"x" : 0.0214132,
			"y" : 1.5768529,
			"z" : 0.078605599999999998
		}
	},
	"candidate_7" : 
	{
		"gripper" : 5,
		"method" : 3,
		"orientation" : 
		{
			"w" : 0.044906011936075449,
			"x" : 0.78910808569041202,
			"y" : -0.61261014201148911,
			"z" : -0.0008325230768287846
		},
		"parent_frame_id" : "6dmimic_base",
		"position" : 
		{
			"x" : 0.0053045999999999996,
			"y" : 1.5750029000000001,
			"z" : 0.078369400000000006
		}
	},
	"candidate_8" : 
	{
		"gripper" : 5,
		"method" : 3,
		"orientation" : 
		{
			"w" : 0.038712121410401354,
			"x" : 0.79276032774143668,
			"y" : -0.60829972486561723,
			"z" : 0.0019695541654378423
		},
		"parent_frame_id" : "6dmimic_base",
		"position" : 
		{
			"x" : -0.0016206,
			"y" : 1.5741276,
			"z" : 0.078400899999999996
		}
	},
	"candidate_9" : 
	{
		"gripper" : 5,
		"method" : 3,
		"orientation" : 
		{
			"w" : 0.051734522774549208,
			"x" : 0.77238703733467462,
			"y" : -0.6329541036938473,
			"z" : -0.010531207327382199
		},
		"parent_frame_id" : "6dmimic_base",
		"position" : 
		{
			"x" : -0.0140562,
			"y" : 1.5700493,
			"z" : 0.078450699999999998
		}
	}
}
