{
	"object_pose_0" : 
	{
		"orientation" : 
		{
			"w" : 0.47397573571432394,
			"x" : -0.54477934031997555,
			"y" : 0.66724695325354433,
			"z" : 0.18260948364382057
		},
		"parent_frame_id" : "camera_link",
		"position" : 
		{
			"x" : 0.0068314557129369041,
			"y" : 0.0089017607172320601,
			"z" : 0.56670824864081948
		}
	}
}
