{
	"candidate_0" : 
	{
		"gripper" : 5,
		"method" : 3,
		"orientation" : 
		{
			"w" : 0.065099093542191427,
			"x" : 0.99765436136421526,
			"y" : 0.020956815815735285,
			"z" : -0.0029487525853872671
		},
		"parent_frame_id" : "linear_groundtruth_frame_id",
		"position" : 
		{
			"x" : 0.013810573113711578,
			"y" : 0.1401829270432742,
			"z" : 0.034614868910984586
		}
	},
	"candidate_1" : 
	{
		"gripper" : 5,
		"method" : 3,
		"orientation" : 
		{
			"w" : 0.062623149986043139,
			"x" : 0.99777649878894181,
			"y" : 0.022205229857309661,
			"z" : 0.0052275536621076198
		},
		"parent_frame_id" : "linear_groundtruth_frame_id",
		"position" : 
		{
			"x" : 0.014368884258705104,
			"y" : 0.11116946224406629,
			"z" : 0.034272629605411463
		}
	},
	"candidate_2" : 
	{
		"gripper" : 5,
		"method" : 3,
		"orientation" : 
		{
			"w" : 0.045592028737590412,
			"x" : 0.69743767988826122,
			"y" : 0.71299921612491013,
			"z" : 0.055983635045732158
		},
		"parent_frame_id" : "linear_groundtruth_frame_id",
		"position" : 
		{
			"x" : 0.12149744004596413,
			"y" : 0.015082828691490725,
			"z" : 0.033752917355141465
		}
	},
	"candidate_3" : 
	{
		"gripper" : 5,
		"method" : 3,
		"orientation" : 
		{
			"w" : 0.037165260069441292,
			"x" : 0.72168845541572835,
			"y" : -0.68969981530129165,
			"z" : -0.045811369080123808
		},
		"parent_frame_id" : "linear_groundtruth_frame_id",
		"position" : 
		{
			"x" : 0.12551476445542314,
			"y" : 0.026991535923914366,
			"z" : 0.033976784398386833
		}
	}
}
