{
	"object_pose_0" : 
	{
		"orientation" : 
		{
			"w" : 0.12784330481804981,
			"x" : 0.36796215862801451,
			"y" : 0.88224271934438814,
			"z" : -0.26440082134415827
		},
		"parent_frame_id" : "camera_link",
		"position" : 
		{
			"x" : -0.011630824556311823,
			"y" : -0.026460557171695598,
			"z" : 0.59235107311809054
		}
	}
}
