{
	"candidate_0" : 
	{
		"gripper" : 5,
		"method" : 3,
		"orientation" : 
		{
			"w" : 0.029704920123844798,
			"x" : 0.8271790317729073,
			"y" : -0.56112698895459279,
			"z" : -0.0053823212858294962
		},
		"parent_frame_id" : "6dmimic_base",
		"position" : 
		{
			"x" : 0.012942499999999999,
			"y" : 1.5917424,
			"z" : 0.0875142
		}
	},
	"candidate_1" : 
	{
		"gripper" : 5,
		"method" : 3,
		"orientation" : 
		{
			"w" : 0.032391252891069325,
			"x" : 0.82804846500866347,
			"y" : -0.55971218101878595,
			"z" : 0.0029699751071336506
		},
		"parent_frame_id" : "6dmimic_base",
		"position" : 
		{
			"x" : -0.0147051,
			"y" : 1.5824990000000001,
			"z" : 0.087304099999999996
		}
	},
	"candidate_2" : 
	{
		"gripper" : 5,
		"method" : 3,
		"orientation" : 
		{
			"w" : 0.018133970915015868,
			"x" : 0.97970464512171007,
			"y" : 0.19665255263227427,
			"z" : 0.034318230854867252
		},
		"parent_frame_id" : "6dmimic_base",
		"position" : 
		{
			"x" : -0.074704000000000007,
			"y" : 1.4511274000000001,
			"z" : 0.085497600000000007
		}
	},
	"candidate_3" : 
	{
		"gripper" : 5,
		"method" : 3,
		"orientation" : 
		{
			"w" : 0.023831093926613867,
			"x" : 0.17081888753395574,
			"y" : -0.98473248257515666,
			"z" : -0.023556833091299238
		},
		"parent_frame_id" : "6dmimic_base",
		"position" : 
		{
			"x" : -0.062082199999999997,
			"y" : 1.4508563999999999,
			"z" : 0.085597900000000005
		}
	}
}
