{
	"candidate_0" : 
	{
		"gripper" : 5,
		"method" : 3,
		"orientation" : 
		{
			"w" : 0.026853747027338119,
			"x" : 0.99681801270443415,
			"y" : 0.045969862976694295,
			"z" : 0.059325353066611609
		},
		"parent_frame_id" : "linear_groundtruth_frame_id",
		"position" : 
		{
			"x" : 0.071474574866295493,
			"y" : 0.014185249098911668,
			"z" : 0.015958807181710152
		}
	},
	"candidate_1" : 
	{
		"gripper" : 5,
		"method" : 3,
		"orientation" : 
		{
			"w" : 0.027084326590365363,
			"x" : 0.99604318462028352,
			"y" : 0.067797338982885272,
			"z" : 0.050674791084620266
		},
		"parent_frame_id" : "linear_groundtruth_frame_id",
		"position" : 
		{
			"x" : 0.078243569469205854,
			"y" : 0.0078490129346417969,
			"z" : 0.015613248971897205
		}
	},
	"candidate_10" : 
	{
		"gripper" : 5,
		"method" : 3,
		"orientation" : 
		{
			"w" : 0.032841586000438287,
			"x" : 0.99715126671137111,
			"y" : 0.049717775788709076,
			"z" : 0.046248505873245346
		},
		"parent_frame_id" : "linear_groundtruth_frame_id",
		"position" : 
		{
			"x" : 0.16903140147423623,
			"y" : 0.0049463526310459804,
			"z" : 0.014538018318320245
		}
	},
	"candidate_2" : 
	{
		"gripper" : 5,
		"method" : 3,
		"orientation" : 
		{
			"w" : 0.026694060265858112,
			"x" : 0.99551858420974992,
			"y" : 0.069171307960295234,
			"z" : 0.058698430938140936
		},
		"parent_frame_id" : "linear_groundtruth_frame_id",
		"position" : 
		{
			"x" : 0.087267897685584739,
			"y" : 0.0090796518762004674,
			"z" : 0.01572894758290256
		}
	},
	"candidate_3" : 
	{
		"gripper" : 5,
		"method" : 3,
		"orientation" : 
		{
			"w" : 0.025804373293576724,
			"x" : 0.99501649540103776,
			"y" : 0.081352406802273014,
			"z" : 0.051556707674557382
		},
		"parent_frame_id" : "linear_groundtruth_frame_id",
		"position" : 
		{
			"x" : 0.095509697394198234,
			"y" : 0.0085129017939403751,
			"z" : 0.015354153776443683
		}
	},
	"candidate_4" : 
	{
		"gripper" : 5,
		"method" : 3,
		"orientation" : 
		{
			"w" : 0.025616506095947532,
			"x" : 0.99532630543130673,
			"y" : 0.07264089438396798,
			"z" : 0.058246380102103125
		},
		"parent_frame_id" : "linear_groundtruth_frame_id",
		"position" : 
		{
			"x" : 0.10773921280615539,
			"y" : 0.011218109256063258,
			"z" : 0.015573996755812912
		}
	},
	"candidate_5" : 
	{
		"gripper" : 5,
		"method" : 3,
		"orientation" : 
		{
			"w" : 0.026602965523165475,
			"x" : 0.99711727988710097,
			"y" : 0.048949172313003525,
			"z" : 0.051511075564328754
		},
		"parent_frame_id" : "linear_groundtruth_frame_id",
		"position" : 
		{
			"x" : 0.11815833034420598,
			"y" : 0.0086405673921294279,
			"z" : 0.015206177930908719
		}
	},
	"candidate_6" : 
	{
		"gripper" : 5,
		"method" : 3,
		"orientation" : 
		{
			"w" : 0.029782814860962296,
			"x" : 0.99527488585679047,
			"y" : 0.072352145045415803,
			"z" : 0.057498283705145314
		},
		"parent_frame_id" : "linear_groundtruth_frame_id",
		"position" : 
		{
			"x" : 0.12732784748822934,
			"y" : 0.006328492272686892,
			"z" : 0.015160762212094059
		}
	},
	"candidate_7" : 
	{
		"gripper" : 5,
		"method" : 3,
		"orientation" : 
		{
			"w" : 0.031768072993796838,
			"x" : 0.99536331566028258,
			"y" : 0.070630374973230312,
			"z" : 0.057043926119880489
		},
		"parent_frame_id" : "linear_groundtruth_frame_id",
		"position" : 
		{
			"x" : 0.13676130328081348,
			"y" : 0.0083360973221087709,
			"z" : 0.014787999050163134
		}
	},
	"candidate_8" : 
	{
		"gripper" : 5,
		"method" : 3,
		"orientation" : 
		{
			"w" : 0.025738315130313629,
			"x" : 0.99611624161867873,
			"y" : 0.071229632721052774,
			"z" : 0.044903360009632368
		},
		"parent_frame_id" : "linear_groundtruth_frame_id",
		"position" : 
		{
			"x" : 0.14799285869863588,
			"y" : 0.0069066316288865504,
			"z" : 0.014619715930726522
		}
	},
	"candidate_9" : 
	{
		"gripper" : 5,
		"method" : 3,
		"orientation" : 
		{
			"w" : 0.02576163571130281,
			"x" : 0.99556980425719921,
			"y" : 0.076401003827074099,
			"z" : 0.048373438899622485
		},
		"parent_frame_id" : "linear_groundtruth_frame_id",
		"position" : 
		{
			"x" : 0.15591970377015096,
			"y" : 0.0091051968006801154,
			"z" : 0.014538609410795357
		}
	}
}
