{
	"object_pose_0" : 
	{
		"orientation" : 
		{
			"w" : 0.12520233962882901,
			"x" : 0.35728848681088166,
			"y" : 0.88757716477682069,
			"z" : -0.26244298560404217
		},
		"parent_frame_id" : "camera_link",
		"position" : 
		{
			"x" : 0.0049964256784556828,
			"y" : 0.0231368340976017,
			"z" : 0.55878774000182296
		}
	}
}
