{
	"candidate_0" : 
	{
		"gripper" : 5,
		"method" : 3,
		"orientation" : 
		{
			"w" : 0.056167081720268922,
			"x" : 0.82457685427597238,
			"y" : -0.56258525945947968,
			"z" : 0.020398435290003729
		},
		"parent_frame_id" : "6dmimic_base",
		"position" : 
		{
			"x" : -0.027154000000000001,
			"y" : 1.4828561,
			"z" : 0.076763799999999993
		}
	},
	"candidate_1" : 
	{
		"gripper" : 5,
		"method" : 3,
		"orientation" : 
		{
			"w" : 0.050910632490465922,
			"x" : 0.83699267485484119,
			"y" : -0.54467665606584548,
			"z" : 0.013368248789109895
		},
		"parent_frame_id" : "6dmimic_base",
		"position" : 
		{
			"x" : -0.0313791,
			"y" : 1.4746048,
			"z" : 0.076374999999999998
		}
	},
	"candidate_10" : 
	{
		"gripper" : 5,
		"method" : 3,
		"orientation" : 
		{
			"w" : 0.05304370456954341,
			"x" : 0.82695770064268748,
			"y" : -0.55972048050610179,
			"z" : 0.006349051528900803
		},
		"parent_frame_id" : "6dmimic_base",
		"position" : 
		{
			"x" : -0.0091114999999999998,
			"y" : 1.3865761999999999,
			"z" : 0.073704500000000006
		}
	},
	"candidate_2" : 
	{
		"gripper" : 5,
		"method" : 3,
		"orientation" : 
		{
			"w" : 0.055410260051791262,
			"x" : 0.83748727811520574,
			"y" : -0.54327158351593086,
			"z" : 0.020018706758177927
		},
		"parent_frame_id" : "6dmimic_base",
		"position" : 
		{
			"x" : -0.0277021,
			"y" : 1.4662716,
			"z" : 0.076313300000000001
		}
	},
	"candidate_3" : 
	{
		"gripper" : 5,
		"method" : 3,
		"orientation" : 
		{
			"w" : 0.050271447602655103,
			"x" : 0.84433472771869789,
			"y" : -0.53324555840058296,
			"z" : 0.014860133585412584
		},
		"parent_frame_id" : "6dmimic_base",
		"position" : 
		{
			"x" : -0.025976699999999998,
			"y" : 1.4582002999999999,
			"z" : 0.075797500000000004
		}
	},
	"candidate_4" : 
	{
		"gripper" : 5,
		"method" : 3,
		"orientation" : 
		{
			"w" : 0.054239885522529237,
			"x" : 0.83941515934314448,
			"y" : -0.54039592069438103,
			"z" : 0.020309455440720672
		},
		"parent_frame_id" : "6dmimic_base",
		"position" : 
		{
			"x" : -0.019995700000000002,
			"y" : 1.4471932999999999,
			"z" : 0.075764100000000001
		}
	},
	"candidate_5" : 
	{
		"gripper" : 5,
		"method" : 3,
		"orientation" : 
		{
			"w" : 0.051233982680262323,
			"x" : 0.82652266611196457,
			"y" : -0.56038443954131556,
			"z" : 0.014305290694495498
		},
		"parent_frame_id" : "6dmimic_base",
		"position" : 
		{
			"x" : -0.0196011,
			"y" : 1.4364737999999999,
			"z" : 0.075241000000000002
		}
	},
	"candidate_6" : 
	{
		"gripper" : 5,
		"method" : 3,
		"orientation" : 
		{
			"w" : 0.057121173867491284,
			"x" : 0.83919420516534848,
			"y" : -0.54054990521346924,
			"z" : 0.017206321123595596
		},
		"parent_frame_id" : "6dmimic_base",
		"position" : 
		{
			"x" : -0.019291099999999999,
			"y" : 1.4270240000000001,
			"z" : 0.075059399999999998
		}
	},
	"candidate_7" : 
	{
		"gripper" : 5,
		"method" : 3,
		"orientation" : 
		{
			"w" : 0.058452445420384434,
			"x" : 0.83822520314076188,
			"y" : -0.54195661826063757,
			"z" : 0.015647503554851974
		},
		"parent_frame_id" : "6dmimic_base",
		"position" : 
		{
			"x" : -0.0147627,
			"y" : 1.4185192,
			"z" : 0.0744924
		}
	},
	"candidate_8" : 
	{
		"gripper" : 5,
		"method" : 3,
		"orientation" : 
		{
			"w" : 0.046326565591614022,
			"x" : 0.83905199613867854,
			"y" : -0.54199081449657849,
			"z" : 0.0095683905397027022
		},
		"parent_frame_id" : "6dmimic_base",
		"position" : 
		{
			"x" : -0.013037099999999999,
			"y" : 1.4073336000000001,
			"z" : 0.074139999999999998
		}
	},
	"candidate_9" : 
	{
		"gripper" : 5,
		"method" : 3,
		"orientation" : 
		{
			"w" : 0.048376307454951972,
			"x" : 0.84176381811411249,
			"y" : -0.5375325695557267,
			"z" : 0.012334668937309605
		},
		"parent_frame_id" : "6dmimic_base",
		"position" : 
		{
			"x" : -0.0087364000000000001,
			"y" : 1.4003253,
			"z" : 0.073889300000000005
		}
	}
}
