{
	"candidate_0" : 
	{
		"gripper" : 5,
		"method" : 3,
		"orientation" : 
		{
			"w" : 0.03854777755188353,
			"x" : 0.99809788234161667,
			"y" : 0.02252666660445319,
			"z" : 0.042511591392025636
		},
		"parent_frame_id" : "linear_groundtruth_frame_id",
		"position" : 
		{
			"x" : 0.0054186186852800029,
			"y" : 0.17807647464001877,
			"z" : 0.024950068124333445
		}
	},
	"candidate_1" : 
	{
		"gripper" : 5,
		"method" : 3,
		"orientation" : 
		{
			"w" : 0.037386586135769624,
			"x" : 0.99778463067365086,
			"y" : 0.02138131754866673,
			"z" : 0.050704173678718371
		},
		"parent_frame_id" : "linear_groundtruth_frame_id",
		"position" : 
		{
			"x" : 0.005194197701052161,
			"y" : 0.17064016499419918,
			"z" : 0.025301890693611696
		}
	},
	"candidate_10" : 
	{
		"gripper" : 5,
		"method" : 3,
		"orientation" : 
		{
			"w" : 0.04793423874933464,
			"x" : 0.99842624079129427,
			"y" : 0.021749098886540096,
			"z" : 0.019347536083692655
		},
		"parent_frame_id" : "linear_groundtruth_frame_id",
		"position" : 
		{
			"x" : 0.0059890806769463774,
			"y" : 0.078660315315478055,
			"z" : 0.0254972201264363
		}
	},
	"candidate_2" : 
	{
		"gripper" : 5,
		"method" : 3,
		"orientation" : 
		{
			"w" : 0.038444403208610665,
			"x" : 0.99698897032347078,
			"y" : 0.038267728620473646,
			"z" : 0.055413011662505382
		},
		"parent_frame_id" : "linear_groundtruth_frame_id",
		"position" : 
		{
			"x" : 0.004807291755762064,
			"y" : 0.15686941374161625,
			"z" : 0.024994408685841997
		}
	},
	"candidate_3" : 
	{
		"gripper" : 5,
		"method" : 3,
		"orientation" : 
		{
			"w" : 0.027907108860029246,
			"x" : 0.99750572702386098,
			"y" : 0.036041831513852852,
			"z" : 0.053893452392660253
		},
		"parent_frame_id" : "linear_groundtruth_frame_id",
		"position" : 
		{
			"x" : 0.0057545194183695929,
			"y" : 0.1523293984838571,
			"z" : 0.025405084626399413
		}
	},
	"candidate_4" : 
	{
		"gripper" : 5,
		"method" : 3,
		"orientation" : 
		{
			"w" : 0.019124706408491111,
			"x" : 0.99757132371136426,
			"y" : 0.041524194902747696,
			"z" : 0.052549414375654212
		},
		"parent_frame_id" : "linear_groundtruth_frame_id",
		"position" : 
		{
			"x" : 0.0049576951145807093,
			"y" : 0.14520415309167983,
			"z" : 0.02588210963990701
		}
	},
	"candidate_5" : 
	{
		"gripper" : 5,
		"method" : 3,
		"orientation" : 
		{
			"w" : 0.032924816626721282,
			"x" : 0.99734217775714695,
			"y" : 0.041702945580211703,
			"z" : 0.049853798718472217
		},
		"parent_frame_id" : "linear_groundtruth_frame_id",
		"position" : 
		{
			"x" : 0.0050714295914348253,
			"y" : 0.13182267884362414,
			"z" : 0.025746785566430577
		}
	},
	"candidate_6" : 
	{
		"gripper" : 5,
		"method" : 3,
		"orientation" : 
		{
			"w" : 0.03764218366120848,
			"x" : 0.99623632307826238,
			"y" : 0.049881723257943947,
			"z" : 0.060067197983072577
		},
		"parent_frame_id" : "linear_groundtruth_frame_id",
		"position" : 
		{
			"x" : 0.0061617456051085116,
			"y" : 0.1216644118322173,
			"z" : 0.025582976254009744
		}
	},
	"candidate_7" : 
	{
		"gripper" : 5,
		"method" : 3,
		"orientation" : 
		{
			"w" : 0.012701199465016334,
			"x" : 0.99849809199413231,
			"y" : 0.037101731179373612,
			"z" : 0.038258350196014472
		},
		"parent_frame_id" : "linear_groundtruth_frame_id",
		"position" : 
		{
			"x" : 0.0045609167635366123,
			"y" : 0.11207811135993488,
			"z" : 0.026021527558783744
		}
	},
	"candidate_8" : 
	{
		"gripper" : 5,
		"method" : 3,
		"orientation" : 
		{
			"w" : 0.023679340490143926,
			"x" : 0.99852587128058068,
			"y" : 0.029444443799107208,
			"z" : 0.038966626062186635
		},
		"parent_frame_id" : "linear_groundtruth_frame_id",
		"position" : 
		{
			"x" : 0.0053093676113451088,
			"y" : 0.10084433828395975,
			"z" : 0.025433002864180133
		}
	},
	"candidate_9" : 
	{
		"gripper" : 5,
		"method" : 3,
		"orientation" : 
		{
			"w" : 0.023776875957916187,
			"x" : 0.99733779711983661,
			"y" : 0.050404706258272418,
			"z" : 0.047024931609207586
		},
		"parent_frame_id" : "linear_groundtruth_frame_id",
		"position" : 
		{
			"x" : 0.0038816088851860824,
			"y" : 0.09212904085683539,
			"z" : 0.025355691046695369
		}
	}
}
