{
	"object_pose_0" : 
	{
		"orientation" : 
		{
			"w" : 0.11079445249260397,
			"x" : 0.30757136545415653,
			"y" : 0.90556016170207831,
			"z" : -0.27034312950868455
		},
		"parent_frame_id" : "camera_link",
		"position" : 
		{
			"x" : -0.003110416831502337,
			"y" : -0.010232073860395541,
			"z" : 0.58084142404258032
		}
	}
}
