{
	"candidate_0" : 
	{
		"gripper" : 5,
		"method" : 3,
		"orientation" : 
		{
			"w" : 0.05632376608581352,
			"x" : 0.77780554991568307,
			"y" : -0.62597344356402707,
			"z" : -0.0018460354455066309
		},
		"parent_frame_id" : "6dmimic_base",
		"position" : 
		{
			"x" : 0.0734205,
			"y" : 1.5863905,
			"z" : 0.077022599999999997
		}
	},
	"candidate_1" : 
	{
		"gripper" : 5,
		"method" : 3,
		"orientation" : 
		{
			"w" : 0.060729495884428775,
			"x" : 0.77690516400234921,
			"y" : -0.62666067052097307,
			"z" : 0.0051670589614014016
		},
		"parent_frame_id" : "6dmimic_base",
		"position" : 
		{
			"x" : 0.066024899999999997,
			"y" : 1.5853488,
			"z" : 0.077466900000000005
		}
	},
	"candidate_10" : 
	{
		"gripper" : 5,
		"method" : 3,
		"orientation" : 
		{
			"w" : 0.048569765337052088,
			"x" : 0.7773380406289957,
			"y" : -0.62668243287375724,
			"z" : -0.02560618701810858
		},
		"parent_frame_id" : "6dmimic_base",
		"position" : 
		{
			"x" : -0.0249073,
			"y" : 1.5689875,
			"z" : 0.078736700000000007
		}
	},
	"candidate_2" : 
	{
		"gripper" : 5,
		"method" : 3,
		"orientation" : 
		{
			"w" : 0.064413850451128796,
			"x" : 0.78723000350091421,
			"y" : -0.61323259200835589,
			"z" : 0.0080972561231184986
		},
		"parent_frame_id" : "6dmimic_base",
		"position" : 
		{
			"x" : 0.052320800000000001,
			"y" : 1.5834037000000001,
			"z" : 0.077326599999999995
		}
	},
	"candidate_3" : 
	{
		"gripper" : 5,
		"method" : 3,
		"orientation" : 
		{
			"w" : 0.055401212017991391,
			"x" : 0.78617179238801937,
			"y" : -0.61536677003515794,
			"z" : 0.013724317718694135
		},
		"parent_frame_id" : "6dmimic_base",
		"position" : 
		{
			"x" : 0.047991499999999999,
			"y" : 1.5816934,
			"z" : 0.077778200000000006
		}
	},
	"candidate_4" : 
	{
		"gripper" : 5,
		"method" : 3,
		"orientation" : 
		{
			"w" : 0.047769970658637563,
			"x" : 0.78974106041147962,
			"y" : -0.61130186220009231,
			"z" : 0.0183608462257038
		},
		"parent_frame_id" : "6dmimic_base",
		"position" : 
		{
			"x" : 0.040808999999999998,
			"y" : 1.5812686,
			"z" : 0.078353099999999995
		}
	},
	"candidate_5" : 
	{
		"gripper" : 5,
		"method" : 3,
		"orientation" : 
		{
			"w" : 0.056577958637443554,
			"x" : 0.78966016932095606,
			"y" : -0.6108853568450473,
			"z" : 0.0074048887039608741
		},
		"parent_frame_id" : "6dmimic_base",
		"position" : 
		{
			"x" : 0.027577299999999999,
			"y" : 1.5788922999999999,
			"z" : 0.078373499999999999
		}
	},
	"candidate_6" : 
	{
		"gripper" : 5,
		"method" : 3,
		"orientation" : 
		{
			"w" : 0.066691341663509873,
			"x" : 0.79418708728562137,
			"y" : -0.60387971733075252,
			"z" : 0.012182870451271019
		},
		"parent_frame_id" : "6dmimic_base",
		"position" : 
		{
			"x" : 0.017701399999999999,
			"y" : 1.5760966999999999,
			"z" : 0.078312599999999996
		}
	},
	"candidate_7" : 
	{
		"gripper" : 5,
		"method" : 3,
		"orientation" : 
		{
			"w" : 0.03368764880737065,
			"x" : 0.78745987740093504,
			"y" : -0.61533587111252497,
			"z" : 0.011569335491955258
		},
		"parent_frame_id" : "6dmimic_base",
		"position" : 
		{
			"x" : 0.0079459000000000005,
			"y" : 1.5760505,
			"z" : 0.078890000000000002
		}
	},
	"candidate_8" : 
	{
		"gripper" : 5,
		"method" : 3,
		"orientation" : 
		{
			"w" : 0.042607876933294292,
			"x" : 0.78255434564724158,
			"y" : -0.62110222103820112,
			"z" : 0.0050295082531397507
		},
		"parent_frame_id" : "6dmimic_base",
		"position" : 
		{
			"x" : -0.0030585999999999999,
			"y" : 1.5734162,
			"z" : 0.078420599999999993
		}
	},
	"candidate_9" : 
	{
		"gripper" : 5,
		"method" : 3,
		"orientation" : 
		{
			"w" : 0.047679279710961642,
			"x" : 0.79523748304523745,
			"y" : -0.60431766673814524,
			"z" : 0.011144034919335431
		},
		"parent_frame_id" : "6dmimic_base",
		"position" : 
		{
			"x" : -0.011929800000000001,
			"y" : 1.573353,
			"z" : 0.078467300000000004
		}
	}
}
