{
	"candidate_0" : 
	{
		"gripper" : 5,
		"method" : 3,
		"orientation" : 
		{
			"w" : 0.65402382589928376,
			"x" : -0.68532237715145106,
			"y" : -0.25686922835502801,
			"z" : 0.19132243479487729
		},
		"parent_frame_id" : "gt01_frame_id",
		"position" : 
		{
			"x" : 0.0253630259251236,
			"y" : -0.00068275328947686731,
			"z" : 0.015551318056676922
		}
	},
	"candidate_1" : 
	{
		"gripper" : 5,
		"method" : 3,
		"orientation" : 
		{
			"w" : 0.66734992841899621,
			"x" : -0.6714301447949379,
			"y" : -0.25288050544111434,
			"z" : 0.19969247273659527
		},
		"parent_frame_id" : "gt01_frame_id",
		"position" : 
		{
			"x" : 0.045357970226854866,
			"y" : -0.0012525337874900178,
			"z" : 0.025634026078570071
		}
	},
	"candidate_2" : 
	{
		"gripper" : 5,
		"method" : 3,
		"orientation" : 
		{
			"w" : 0.63510229296917575,
			"x" : -0.70199220220198089,
			"y" : -0.24092171054258832,
			"z" : 0.21402979909849432
		},
		"parent_frame_id" : "gt01_frame_id",
		"position" : 
		{
			"x" : 0.065297965907929481,
			"y" : 0.0010424977983047867,
			"z" : 0.014148256880604781
		}
	},
	"candidate_3" : 
	{
		"gripper" : 5,
		"method" : 3,
		"orientation" : 
		{
			"w" : 0.61716633830750844,
			"x" : -0.69504109119909885,
			"y" : -0.30094889115007423,
			"z" : 0.2131979299158617
		},
		"parent_frame_id" : "gt01_frame_id",
		"position" : 
		{
			"x" : 0.086370711940393155,
			"y" : 0.0027192302600866913,
			"z" : 0.018592566543858879
		}
	},
	"candidate_4" : 
	{
		"gripper" : 5,
		"method" : 3,
		"orientation" : 
		{
			"w" : 0.61246228529750835,
			"x" : -0.63757419758818479,
			"y" : -0.37000740642733865,
			"z" : 0.28545334267941247
		},
		"parent_frame_id" : "gt01_frame_id",
		"position" : 
		{
			"x" : 0.10845617380565158,
			"y" : 0.0053703606973478646,
			"z" : 0.022655685864386155
		}
	},
	"candidate_5" : 
	{
		"gripper" : 5,
		"method" : 3,
		"orientation" : 
		{
			"w" : 0.60559545400129289,
			"x" : -0.64728507385392431,
			"y" : -0.36152436121564674,
			"z" : 0.28909568572793737
		},
		"parent_frame_id" : "gt01_frame_id",
		"position" : 
		{
			"x" : 0.12699607806179475,
			"y" : 0.0029452675371515191,
			"z" : 0.023558510292176482
		}
	}
}
