{
	"object_pose_0" : 
	{
		"orientation" : 
		{
			"w" : 0.56107420072000047,
			"x" : -0.45184233679901109,
			"y" : 0.69164495828271966,
			"z" : 0.051597310421344036
		},
		"parent_frame_id" : "camera_link",
		"position" : 
		{
			"x" : 0.0058466076881824869,
			"y" : 0.026657106839693773,
			"z" : 0.55753749869076397
		}
	}
}
