{
	"candidate_0" : 
	{
		"gripper" : 5,
		"method" : 3,
		"orientation" : 
		{
			"w" : 0.29971200697790706,
			"x" : 0.73670275234826732,
			"y" : -0.50848073206641875,
			"z" : 0.32998350363762341
		},
		"parent_frame_id" : "6dmimic_base",
		"position" : 
		{
			"x" : -0.042522999999999998,
			"y" : 1.5523640999999999,
			"z" : 0.086610000000000006
		}
	},
	"candidate_1" : 
	{
		"gripper" : 5,
		"method" : 3,
		"orientation" : 
		{
			"w" : 0.28218505862520621,
			"x" : 0.74258495471300101,
			"y" : -0.50363903224215567,
			"z" : 0.33953925093391507
		},
		"parent_frame_id" : "6dmimic_base",
		"position" : 
		{
			"x" : -0.033022999999999997,
			"y" : 1.5560103999999999,
			"z" : 0.10656590000000001
		}
	},
	"candidate_2" : 
	{
		"gripper" : 5,
		"method" : 3,
		"orientation" : 
		{
			"w" : 0.2959676753030398,
			"x" : 0.71681143417739634,
			"y" : -0.53992122761041517,
			"z" : 0.32721486974757275
		},
		"parent_frame_id" : "6dmimic_base",
		"position" : 
		{
			"x" : -0.043077400000000002,
			"y" : 1.5501155,
			"z" : 0.1265397
		}
	},
	"candidate_3" : 
	{
		"gripper" : 5,
		"method" : 3,
		"orientation" : 
		{
			"w" : 0.30044182163808608,
			"x" : 0.74515797016620211,
			"y" : -0.52959016327837038,
			"z" : 0.2720451621833454
		},
		"parent_frame_id" : "6dmimic_base",
		"position" : 
		{
			"x" : -0.038209199999999999,
			"y" : 1.5498422999999999,
			"z" : 0.14758370000000001
		}
	},
	"candidate_4" : 
	{
		"gripper" : 5,
		"method" : 3,
		"orientation" : 
		{
			"w" : 0.21816969799621511,
			"x" : 0.79138662162638351,
			"y" : -0.53271770737493329,
			"z" : 0.20572078707854158
		},
		"parent_frame_id" : "6dmimic_base",
		"position" : 
		{
			"x" : -0.033388500000000002,
			"y" : 1.5485199000000001,
			"z" : 0.16963629999999999
		}
	},
	"candidate_5" : 
	{
		"gripper" : 5,
		"method" : 3,
		"orientation" : 
		{
			"w" : 0.22227348110867295,
			"x" : 0.78219990103006865,
			"y" : -0.54376928735306851,
			"z" : 0.2075398192056627
		},
		"parent_frame_id" : "6dmimic_base",
		"position" : 
		{
			"x" : -0.033192100000000002,
			"y" : 1.5510280000000001,
			"z" : 0.1881861
		}
	}
}
