{
	"candidate_0" : 
	{
		"gripper" : 5,
		"method" : 3,
		"orientation" : 
		{
			"w" : 0.018810953335136063,
			"x" : 0.99901183720770026,
			"y" : 0.0014576699053797161,
			"z" : 0.040241425819247237
		},
		"parent_frame_id" : "linear_groundtruth_frame_id",
		"position" : 
		{
			"x" : 0.057697188811637518,
			"y" : 0.063401573851453744,
			"z" : 0.030065822025412223
		}
	},
	"candidate_1" : 
	{
		"gripper" : 5,
		"method" : 3,
		"orientation" : 
		{
			"w" : 0.031068901777281888,
			"x" : 0.9987419154753403,
			"y" : 0.016628848116362633,
			"z" : 0.035676196901081016
		},
		"parent_frame_id" : "linear_groundtruth_frame_id",
		"position" : 
		{
			"x" : 0.048857731544541198,
			"y" : 0.053355195551843246,
			"z" : 0.044919037442404317
		}
	},
	"candidate_2" : 
	{
		"gripper" : 5,
		"method" : 3,
		"orientation" : 
		{
			"w" : 0.02461228737674814,
			"x" : 0.99918225751824852,
			"y" : 0.0099847240584503595,
			"z" : 0.030485354783857572
		},
		"parent_frame_id" : "linear_groundtruth_frame_id",
		"position" : 
		{
			"x" : 0.045844362187653143,
			"y" : 0.05060382838162833,
			"z" : 0.059782350869725151
		}
	},
	"candidate_3" : 
	{
		"gripper" : 5,
		"method" : 3,
		"orientation" : 
		{
			"w" : 0.025269260246807593,
			"x" : 0.9989798766960134,
			"y" : 0.021761475562490848,
			"z" : 0.030448458488735473
		},
		"parent_frame_id" : "linear_groundtruth_frame_id",
		"position" : 
		{
			"x" : 0.037844638652413373,
			"y" : 0.042090281683084686,
			"z" : 0.0747230062718897
		}
	},
	"candidate_4" : 
	{
		"gripper" : 5,
		"method" : 3,
		"orientation" : 
		{
			"w" : 0.035328242858255129,
			"x" : 0.99893425637147015,
			"y" : 0.01479310367040366,
			"z" : 0.025757150229068174
		},
		"parent_frame_id" : "linear_groundtruth_frame_id",
		"position" : 
		{
			"x" : 0.031846877196824899,
			"y" : 0.036998631660109249,
			"z" : 0.089375759447676659
		}
	},
	"candidate_5" : 
	{
		"gripper" : 5,
		"method" : 3,
		"orientation" : 
		{
			"w" : 0.015594034333364679,
			"x" : 0.9993591465523074,
			"y" : 0.018201033850770005,
			"z" : 0.02658655040084926
		},
		"parent_frame_id" : "linear_groundtruth_frame_id",
		"position" : 
		{
			"x" : 0.02527574686419258,
			"y" : 0.032547942852204907,
			"z" : 0.10547530976210168
		}
	},
	"candidate_6" : 
	{
		"gripper" : 5,
		"method" : 3,
		"orientation" : 
		{
			"w" : 0.025164385050042936,
			"x" : 0.999307209136303,
			"y" : -0.013137453778070168,
			"z" : 0.024067879040235798
		},
		"parent_frame_id" : "linear_groundtruth_frame_id",
		"position" : 
		{
			"x" : 0.018486104425811483,
			"y" : 0.023948077026230124,
			"z" : 0.12033511205541095
		}
	},
	"candidate_7" : 
	{
		"gripper" : 5,
		"method" : 3,
		"orientation" : 
		{
			"w" : 0.057841271032112437,
			"x" : 0.99819906258329061,
			"y" : 0.008505122685106236,
			"z" : 0.013441789737268974
		},
		"parent_frame_id" : "linear_groundtruth_frame_id",
		"position" : 
		{
			"x" : 0.011119091997062666,
			"y" : 0.013215003536229512,
			"z" : 0.13496558970373543
		}
	},
	"candidate_8" : 
	{
		"gripper" : 5,
		"method" : 3,
		"orientation" : 
		{
			"w" : 0.043868211572579585,
			"x" : 0.99888238854249367,
			"y" : -0.0062221142506074783,
			"z" : 0.016457191963355121
		},
		"parent_frame_id" : "linear_groundtruth_frame_id",
		"position" : 
		{
			"x" : 0.0061382606583095158,
			"y" : 0.0089268017696447956,
			"z" : 0.150181853454393
		}
	},
	"candidate_9" : 
	{
		"gripper" : 5,
		"method" : 3,
		"orientation" : 
		{
			"w" : 0.022673938016135761,
			"x" : 0.99945070195547425,
			"y" : -0.00073553484097678055,
			"z" : 0.024158764125008416
		},
		"parent_frame_id" : "linear_groundtruth_frame_id",
		"position" : 
		{
			"x" : -0.00021735872040488415,
			"y" : 0.0063231259590733162,
			"z" : 0.16553070999698169
		}
	}
}
