{
	"object_pose_0" : 
	{
		"orientation" : 
		{
			"w" : 0.47090349347890842,
			"x" : -0.54915576764232266,
			"y" : 0.66540338893349238,
			"z" : 0.18416374738258165
		},
		"parent_frame_id" : "camera_link",
		"position" : 
		{
			"x" : 0.0092142317750591451,
			"y" : 0.0096744692867865856,
			"z" : 0.56751913290456812
		}
	}
}
