Name, Parent Frame, X, Y, Z, Roll, Pitch, Yaw, qX, qY, qZ, qW
object_pose_0,camera_link,-0.0231947,0.00689783,0.56903,-2.7709,0.477784,2.33633,0.414311,0.861509,-0.255866,0.143815
