{
	"object_pose_0" : 
	{
		"orientation" : 
		{
			"w" : 0.14381536928506594,
			"x" : 0.41431055314021853,
			"y" : 0.86150860465527312,
			"z" : -0.25586605418849118
		},
		"parent_frame_id" : "camera_link",
		"position" : 
		{
			"x" : -0.023194727745667599,
			"y" : 0.0068978339272818268,
			"z" : 0.56903027324767785
		}
	}
}
