{
	"candidate_0" : 
	{
		"gripper" : 5,
		"method" : 3,
		"orientation" : 
		{
			"w" : 0.036880163385871342,
			"x" : 0.83689698049162597,
			"y" : -0.54589938183060238,
			"z" : 0.015400081480200577
		},
		"parent_frame_id" : "6dmimic_base",
		"position" : 
		{
			"x" : -0.0126588,
			"y" : 1.5059392,
			"z" : 0.082098400000000002
		}
	},
	"candidate_1" : 
	{
		"gripper" : 5,
		"method" : 3,
		"orientation" : 
		{
			"w" : 0.044513538756924015,
			"x" : 0.84495606703428838,
			"y" : -0.53295774313506028,
			"z" : 0.0048819751808139474
		},
		"parent_frame_id" : "6dmimic_base",
		"position" : 
		{
			"x" : -0.0253263,
			"y" : 1.5098513,
			"z" : 0.097209199999999996
		}
	},
	"candidate_2" : 
	{
		"gripper" : 5,
		"method" : 3,
		"orientation" : 
		{
			"w" : 0.036321253035752454,
			"x" : 0.84163785241710665,
			"y" : -0.5388041890314258,
			"z" : 0.0040666741719985796
		},
		"parent_frame_id" : "6dmimic_base",
		"position" : 
		{
			"x" : -0.0288991,
			"y" : 1.5113566,
			"z" : 0.1121931
		}
	},
	"candidate_3" : 
	{
		"gripper" : 5,
		"method" : 3,
		"orientation" : 
		{
			"w" : 0.03675693137016009,
			"x" : 0.84791983691651696,
			"y" : -0.52883577457330666,
			"z" : 0.0036880470668294446
		},
		"parent_frame_id" : "6dmimic_base",
		"position" : 
		{
			"x" : -0.039808700000000002,
			"y" : 1.5151155000000001,
			"z" : 0.12736839999999999
		}
	},
	"candidate_4" : 
	{
		"gripper" : 5,
		"method" : 3,
		"orientation" : 
		{
			"w" : 0.042657984095128082,
			"x" : 0.84403612920198812,
			"y" : -0.53455609358973033,
			"z" : -0.005752547327210816
		},
		"parent_frame_id" : "6dmimic_base",
		"position" : 
		{
			"x" : -0.046748900000000003,
			"y" : 1.5184203000000001,
			"z" : 0.14220089999999999
		}
	},
	"candidate_5" : 
	{
		"gripper" : 5,
		"method" : 3,
		"orientation" : 
		{
			"w" : 0.026575297454422067,
			"x" : 0.84624742700480537,
			"y" : -0.53209583063964216,
			"z" : 0.0057509015697504856
		},
		"parent_frame_id" : "6dmimic_base",
		"position" : 
		{
			"x" : -0.053307199999999999,
			"y" : 1.5224964000000001,
			"z" : 0.1584893
		}
	},
	"candidate_6" : 
	{
		"gripper" : 5,
		"method" : 3,
		"orientation" : 
		{
			"w" : 0.033451950711285691,
			"x" : 0.82902599378507968,
			"y" : -0.55820625624796161,
			"z" : -0.0016260713101502646
		},
		"parent_frame_id" : "6dmimic_base",
		"position" : 
		{
			"x" : -0.063812599999999997,
			"y" : 1.5251089,
			"z" : 0.17356669999999999
		}
	},
	"candidate_7" : 
	{
		"gripper" : 5,
		"method" : 3,
		"orientation" : 
		{
			"w" : 0.054796827959988408,
			"x" : 0.83989854592095936,
			"y" : -0.53922342914866705,
			"z" : -0.028387209488325252
		},
		"parent_frame_id" : "6dmimic_base",
		"position" : 
		{
			"x" : -0.076528700000000005,
			"y" : 1.5273922,
			"z" : 0.18843779999999999
		}
	},
	"candidate_8" : 
	{
		"gripper" : 5,
		"method" : 3,
		"orientation" : 
		{
			"w" : 0.044875620633721254,
			"x" : 0.832414616098062,
			"y" : -0.55203241713869367,
			"z" : -0.018228988097681108
		},
		"parent_frame_id" : "6dmimic_base",
		"position" : 
		{
			"x" : -0.082309800000000002,
			"y" : 1.5300811999999999,
			"z" : 0.20381550000000001
		}
	},
	"candidate_9" : 
	{
		"gripper" : 5,
		"method" : 3,
		"orientation" : 
		{
			"w" : 0.031319269680497724,
			"x" : 0.83593800049232669,
			"y" : -0.54792949521273226,
			"z" : -0.00017594172689388426
		},
		"parent_frame_id" : "6dmimic_base",
		"position" : 
		{
			"x" : -0.087079799999999999,
			"y" : 1.5347135000000001,
			"z" : 0.21933369999999999
		}
	}
}
