{
	"candidate_0" : 
	{
		"gripper" : 5,
		"method" : 3,
		"orientation" : 
		{
			"w" : 0.53687194363875368,
			"x" : 0.026203450286023541,
			"y" : 0.84151923020700092,
			"z" : 0.054104348424795154
		},
		"parent_frame_id" : "angular_groundtruth_frame_id",
		"position" : 
		{
			"x" : -0.059901665264525616,
			"y" : -0.0065493897387395366,
			"z" : 0.067636305805019614
		}
	},
	"candidate_1" : 
	{
		"gripper" : 5,
		"method" : 3,
		"orientation" : 
		{
			"w" : 0.51781387963158376,
			"x" : 0.053850726320355258,
			"y" : 0.85294559607310061,
			"z" : 0.038114242418825869
		},
		"parent_frame_id" : "angular_groundtruth_frame_id",
		"position" : 
		{
			"x" : -0.063307939383039274,
			"y" : -0.014456902819422262,
			"z" : 0.058668084804498324
		}
	},
	"candidate_10" : 
	{
		"gripper" : 5,
		"method" : 3,
		"orientation" : 
		{
			"w" : -0.27127481700459194,
			"x" : 0.036229681000877,
			"y" : -0.96025756035003673,
			"z" : -0.054797825361005623
		},
		"parent_frame_id" : "angular_groundtruth_frame_id",
		"position" : 
		{
			"x" : -0.027731323337205516,
			"y" : -0.0039970566081149531,
			"z" : 0.088564679444545977
		}
	},
	"candidate_11" : 
	{
		"gripper" : 5,
		"method" : 3,
		"orientation" : 
		{
			"w" : -0.27165432302645676,
			"x" : 0.036679945414500224,
			"y" : -0.95984380143983561,
			"z" : -0.059652218927316668
		},
		"parent_frame_id" : "angular_groundtruth_frame_id",
		"position" : 
		{
			"x" : -0.025954645870839611,
			"y" : -0.0030595008141971183,
			"z" : 0.089345724454561862
		}
	},
	"candidate_12" : 
	{
		"gripper" : 5,
		"method" : 3,
		"orientation" : 
		{
			"w" : -0.2702039050280029,
			"x" : 0.030685514331176299,
			"y" : -0.96081631952309965,
			"z" : -0.053667951851490897
		},
		"parent_frame_id" : "angular_groundtruth_frame_id",
		"position" : 
		{
			"x" : -0.023863466862955932,
			"y" : -0.0067987551513027916,
			"z" : 0.088958221605968488
		}
	},
	"candidate_13" : 
	{
		"gripper" : 5,
		"method" : 3,
		"orientation" : 
		{
			"w" : 0.063302037398031322,
			"x" : 0.043381435302663557,
			"y" : -0.99513441640295652,
			"z" : -0.061793174563912742
		},
		"parent_frame_id" : "angular_groundtruth_frame_id",
		"position" : 
		{
			"x" : 0.012817855410233177,
			"y" : 0.0012403231017062777,
			"z" : 0.095745251604089116
		}
	},
	"candidate_14" : 
	{
		"gripper" : 5,
		"method" : 3,
		"orientation" : 
		{
			"w" : 0.062339046399998266,
			"x" : 0.040686103996510861,
			"y" : -0.99541029250604629,
			"z" : -0.060140118128843303
		},
		"parent_frame_id" : "angular_groundtruth_frame_id",
		"position" : 
		{
			"x" : 0.011393958141777452,
			"y" : 0.0017425992940046011,
			"z" : 0.09603919246348
		}
	},
	"candidate_15" : 
	{
		"gripper" : 5,
		"method" : 3,
		"orientation" : 
		{
			"w" : 0.05276853014920399,
			"x" : 0.042390481230141434,
			"y" : -0.99604262153919931,
			"z" : -0.057598831622604249
		},
		"parent_frame_id" : "angular_groundtruth_frame_id",
		"position" : 
		{
			"x" : 0.01669159554969836,
			"y" : 0.00033596807094570576,
			"z" : 0.095307899063737572
		}
	},
	"candidate_16" : 
	{
		"gripper" : 5,
		"method" : 3,
		"orientation" : 
		{
			"w" : 0.055926167755986217,
			"x" : 0.042062969471968269,
			"y" : -0.99521989316728898,
			"z" : -0.068120001493097757
		},
		"parent_frame_id" : "angular_groundtruth_frame_id",
		"position" : 
		{
			"x" : 0.014902377279221626,
			"y" : 0.0003596843148841373,
			"z" : 0.095444014025491644
		}
	},
	"candidate_17" : 
	{
		"gripper" : 5,
		"method" : 3,
		"orientation" : 
		{
			"w" : 0.051284989914582017,
			"x" : 0.033465540012540873,
			"y" : -0.99604863216023798,
			"z" : -0.064319746678989903
		},
		"parent_frame_id" : "angular_groundtruth_frame_id",
		"position" : 
		{
			"x" : 0.015611565915783249,
			"y" : 0.00090551233044288597,
			"z" : 0.095333655884054999
		}
	},
	"candidate_18" : 
	{
		"gripper" : 5,
		"method" : 3,
		"orientation" : 
		{
			"w" : 0.049085774194771066,
			"x" : 0.034402665384772137,
			"y" : -0.99633105878321937,
			"z" : -0.061085715924694597
		},
		"parent_frame_id" : "angular_groundtruth_frame_id",
		"position" : 
		{
			"x" : 0.01650484021283433,
			"y" : 0.00034131281096231626,
			"z" : 0.095209236342705922
		}
	},
	"candidate_19" : 
	{
		"gripper" : 5,
		"method" : 3,
		"orientation" : 
		{
			"w" : 0.32690959386265334,
			"x" : 0.0056642147331930591,
			"y" : -0.94315710094824401,
			"z" : -0.059604672995622908
		},
		"parent_frame_id" : "angular_groundtruth_frame_id",
		"position" : 
		{
			"x" : 0.055685133569681973,
			"y" : 0.00033395161405178411,
			"z" : 0.087447222864459606
		}
	},
	"candidate_2" : 
	{
		"gripper" : 5,
		"method" : 3,
		"orientation" : 
		{
			"w" : 0.51417457238028341,
			"x" : 0.051256757400040764,
			"y" : 0.85497395859627723,
			"z" : 0.044908619001227182
		},
		"parent_frame_id" : "angular_groundtruth_frame_id",
		"position" : 
		{
			"x" : -0.061240208519238434,
			"y" : -0.0097749127062249676,
			"z" : 0.062497484711396753
		}
	},
	"candidate_20" : 
	{
		"gripper" : 5,
		"method" : 3,
		"orientation" : 
		{
			"w" : 0.32050861726221347,
			"x" : -0.0076394301046834919,
			"y" : -0.9457966382931825,
			"z" : -0.051812974838879582
		},
		"parent_frame_id" : "angular_groundtruth_frame_id",
		"position" : 
		{
			"x" : 0.058504619050742945,
			"y" : 0.00091648602873625837,
			"z" : 0.085475737351607739
		}
	},
	"candidate_21" : 
	{
		"gripper" : 5,
		"method" : 3,
		"orientation" : 
		{
			"w" : 0.32605619467193597,
			"x" : 0.0060810585431159969,
			"y" : -0.94453957234233143,
			"z" : -0.038670077869294807
		},
		"parent_frame_id" : "angular_groundtruth_frame_id",
		"position" : 
		{
			"x" : 0.055815801790441183,
			"y" : -0.00073551418146999186,
			"z" : 0.087841947298687287
		}
	},
	"candidate_22" : 
	{
		"gripper" : 5,
		"method" : 3,
		"orientation" : 
		{
			"w" : 0.33188973458169435,
			"x" : 0.019027366804132924,
			"y" : -0.94220244188214219,
			"z" : -0.041733941859377774
		},
		"parent_frame_id" : "angular_groundtruth_frame_id",
		"position" : 
		{
			"x" : 0.053605324690190304,
			"y" : -0.00025385052091787732,
			"z" : 0.088954232264676567
		}
	},
	"candidate_23" : 
	{
		"gripper" : 5,
		"method" : 3,
		"orientation" : 
		{
			"w" : 0.32970053170219488,
			"x" : 0.0084881866276987281,
			"y" : -0.94361379879784635,
			"z" : -0.028609592820601763
		},
		"parent_frame_id" : "angular_groundtruth_frame_id",
		"position" : 
		{
			"x" : 0.053834446106521529,
			"y" : 0.00034977356864314977,
			"z" : 0.089576782744138411
		}
	},
	"candidate_24" : 
	{
		"gripper" : 5,
		"method" : 3,
		"orientation" : 
		{
			"w" : 0.49413198619648713,
			"x" : -0.00064026964998386421,
			"y" : -0.86804817411895696,
			"z" : -0.048223828975256428
		},
		"parent_frame_id" : "angular_groundtruth_frame_id",
		"position" : 
		{
			"x" : 0.093385658623128059,
			"y" : 0.0071619482569320872,
			"z" : 0.047704567374615037
		}
	},
	"candidate_25" : 
	{
		"gripper" : 5,
		"method" : 3,
		"orientation" : 
		{
			"w" : 0.49822655290717721,
			"x" : -0.001284165810330605,
			"y" : -0.86611326675638167,
			"z" : -0.040205248973139623
		},
		"parent_frame_id" : "angular_groundtruth_frame_id",
		"position" : 
		{
			"x" : 0.094092309724205819,
			"y" : 0.0061503167072353825,
			"z" : 0.04654737462250786
		}
	},
	"candidate_26" : 
	{
		"gripper" : 5,
		"method" : 3,
		"orientation" : 
		{
			"w" : 0.49774577534498615,
			"x" : 0.003378252065801713,
			"y" : -0.86671845045819773,
			"z" : -0.032200282212101403
		},
		"parent_frame_id" : "angular_groundtruth_frame_id",
		"position" : 
		{
			"x" : 0.093651249910925397,
			"y" : 0.0041541146678206516,
			"z" : 0.047437328241592629
		}
	},
	"candidate_27" : 
	{
		"gripper" : 5,
		"method" : 3,
		"orientation" : 
		{
			"w" : 0.48977248911996168,
			"x" : 0.0053012399633628332,
			"y" : -0.87140559352685554,
			"z" : -0.027333081169099112
		},
		"parent_frame_id" : "angular_groundtruth_frame_id",
		"position" : 
		{
			"x" : 0.092685151601322555,
			"y" : 0.0023800016426563666,