{
	"object_pose_0" : 
	{
		"orientation" : 
		{
			"w" : -0.081501951247114901,
			"x" : -0.32805106611509738,
			"y" : 0.89977483809370096,
			"z" : -0.27594557044289575
		},
		"parent_frame_id" : "camera_link",
		"position" : 
		{
			"x" : -0.014873203635904591,
			"y" : -0.044103049575210357,
			"z" : 0.55406821409542939
		}
	}
}
