{
	"candidate_0" : 
	{
		"gripper" : 5,
		"method" : 3,
		"orientation" : 
		{
			"w" : 0.14745401437726702,
			"x" : 0.82641442784167962,
			"y" : 0.14192147710915462,
			"z" : -0.52455200069611163
		},
		"parent_frame_id" : "6dmimic_base",
		"position" : 
		{
			"x" : -0.061497900000000001,
			"y" : 1.5861683,
			"z" : 0.16218489999999999
		}
	},
	"candidate_1" : 
	{
		"gripper" : 5,
		"method" : 3,
		"orientation" : 
		{
			"w" : 0.128241893563317,
			"x" : 0.84293996091421852,
			"y" : 0.11663317722881866,
			"z" : -0.5093161503415552
		},
		"parent_frame_id" : "6dmimic_base",
		"position" : 
		{
			"x" : -0.061523899999999999,
			"y" : 1.5949669,
			"z" : 0.1533292
		}
	},
	"candidate_10" : 
	{
		"gripper" : 5,
		"method" : 3,
		"orientation" : 
		{
			"w" : 0.095340745910754893,
			"x" : 0.93342900047484445,
			"y" : 0.22317055997110638,
			"z" : -0.26422593438929587
		},
		"parent_frame_id" : "6dmimic_base",
		"position" : 
		{
			"x" : -0.089949399999999999,
			"y" : 1.5712763000000001,
			"z" : 0.183583
		}
	},
	"candidate_11" : 
	{
		"gripper" : 5,
		"method" : 3,
		"orientation" : 
		{
			"w" : 0.1001774969728101,
			"x" : 0.93298432747046867,
			"y" : 0.22358218797549534,
			"z" : -0.26365833765468161
		},
		"parent_frame_id" : "6dmimic_base",
		"position" : 
		{
			"x" : -0.091227900000000001,
			"y" : 1.5697192,
			"z" : 0.18436920000000001
		}
	},
	"candidate_12" : 
	{
		"gripper" : 5,
		"method" : 3,
		"orientation" : 
		{
			"w" : 0.09407203615963626,
			"x" : 0.93503906947533066,
			"y" : 0.21781537770911449,
			"z" : -0.26345559739911328
		},
		"parent_frame_id" : "6dmimic_base",
		"position" : 
		{
			"x" : -0.094592899999999994,
			"y" : 1.5724145,
			"z" : 0.1841013
		}
	},
	"candidate_13" : 
	{
		"gripper" : 5,
		"method" : 3,
		"orientation" : 
		{
			"w" : 0.037575896759650299,
			"x" : 0.96946238058305945,
			"y" : 0.23341029294111906,
			"z" : 0.065194936659806413
		},
		"parent_frame_id" : "6dmimic_base",
		"position" : 
		{
			"x" : -0.1254767,
			"y" : 1.5509571,
			"z" : 0.19123760000000001
		}
	},
	"candidate_14" : 
	{
		"gripper" : 5,
		"method" : 3,
		"orientation" : 
		{
			"w" : 0.03616064972606594,
			"x" : 0.97022384027855491,
			"y" : 0.23081307335811641,
			"z" : 0.063901739675086638
		},
		"parent_frame_id" : "6dmimic_base",
		"position" : 
		{
			"x" : -0.1239575,
			"y" : 1.5510227999999999,
			"z" : 0.19150010000000001
		}
	},
	"candidate_15" : 
	{
		"gripper" : 5,
		"method" : 3,
		"orientation" : 
		{
			"w" : 0.035480552400924535,
			"x" : 0.97040163575284932,
			"y" : 0.23268447516586621,
			"z" : 0.054034532905403006
		},
		"parent_frame_id" : "6dmimic_base",
		"position" : 
		{
			"x" : -0.12942690000000001,
			"y" : 1.5503422,
			"z" : 0.19087580000000001
		}
	},
	"candidate_16" : 
	{
		"gripper" : 5,
		"method" : 3,
		"orientation" : 
		{
			"w" : 0.045211117223089972,
			"x" : 0.9697975944683308,
			"y" : 0.23226954614952386,
			"z" : 0.059156052728126775
		},
		"parent_frame_id" : "6dmimic_base",
		"position" : 
		{
			"x" : -0.1277528,
			"y" : 1.5509938999999999,
			"z" : 0.1909864
		}
	},
	"candidate_17" : 
	{
		"gripper" : 5,
		"method" : 3,
		"orientation" : 
		{
			"w" : 0.042443414522041298,
			"x" : 0.97217718272332754,
			"y" : 0.22400546974726482,
			"z" : 0.053773892170378659
		},
		"parent_frame_id" : "6dmimic_base",
		"position" : 
		{
			"x" : -0.12820770000000001,
			"y" : 1.5502199999999999,
			"z" : 0.1908724
		}
	},
	"candidate_18" : 
	{
		"gripper" : 5,
		"method" : 3,
		"orientation" : 
		{
			"w" : 0.03968002938710101,
			"x" : 0.97221993293390263,
			"y" : 0.22497253151131538,
			"z" : 0.051002522871193126
		},
		"parent_frame_id" : "6dmimic_base",
		"position" : 
		{
			"x" : -0.1292536,
			"y" : 1.5504095,
			"z" : 0.190774
		}
	},
	"candidate_19" : 
	{
		"gripper" : 5,
		"method" : 3,
		"orientation" : 
		{
			"w" : -0.014250162760505322,
			"x" : 0.9281170037972567,
			"y" : 0.18361926568932754,
			"z" : 0.32354246304220169
		},
		"parent_frame_id" : "6dmimic_base",
		"position" : 
		{
			"x" : -0.16582640000000001,
			"y" : 1.5357447,
			"z" : 0.18354110000000001
		}
	},
	"candidate_2" : 
	{
		"gripper" : 5,
		"method" : 3,
		"orientation" : 
		{
			"w" : 0.13416565156580854,
			"x" : 0.84453830080040315,
			"y" : 0.11959255777878704,
			"z" : -0.50443260852666671
		},
		"parent_frame_id" : "6dmimic_base",
		"position" : 
		{
			"x" : -0.061588900000000002,
			"y" : 1.5897635999999999,
			"z" : 0.15708739999999999
		}
	},
	"candidate_20" : 
	{
		"gripper" : 5,
		"method" : 3,
		"orientation" : 
		{
			"w" : -0.020572596427872201,
			"x" : 0.9331180168835066,
			"y" : 0.17106591528588477,
			"z" : 0.31560099409065578
		},
		"parent_frame_id" : "6dmimic_base",
		"position" : 
		{
			"x" : -0.16826940000000001,
			"y" : 1.5341712999999999,
			"z" : 0.18158840000000001
		}
	},
	"candidate_21" : 
	{
		"gripper" : 5,
		"method" : 3,
		"orientation" : 
		{
			"w" : -0.034648485578924221,
			"x" : 0.92916455830292832,
			"y" : 0.18410823742106461,
			"z" : 0.31867987535224163
		},
		"parent_frame_id" : "6dmimic_base",
		"position" : 
		{
			"x" : -0.1663433,
			"y" : 1.5366835000000001,
			"z" : 0.1839652
		}
	},
	"candidate_22" : 
	{
		"gripper" : 5,
		"method" : 3,
		"orientation" : 
		{
			"w" : -0.032856650189232992,
			"x" : 0.92447362083490658,
			"y" : 0.19633115740948817,
			"z" : 0.32515079816754339
		},
		"parent_frame_id" : "6dmimic_base",
		"position" : 
		{
			"x" : -0.1640829,
			"y" : 1.5370515,
			"z" : 0.18503829999999999
		}
	},
	"candidate_23" : 
	{
		"gripper" : 5,
		"method" : 3,
		"orientation" : 
		{
			"w" : -0.045232841456077116,
			"x" : 0.92772176099167591,
			"y" : 0.18616089659402582,
			"z" : 0.32035986767324909
		},
		"parent_frame_id" : "6dmimic_base",
		"position" : 
		{
			"x" : -0.16405359999999999,
			"y" : 1.5363926000000001,
			"z" : 0.1856516
		}
	},
	"candidate_24" : 
	{
		"gripper" : 5,
		"method" : 3,
		"orientation" : 
		{
			"w" : -0.056650950282141885,
			"x" : 0.85705301406929812,
			"y" : 0.16114908569900505,
			"z" : 0.48608823590500166
		},
		"parent_frame_id" : "6dmimic_base",
		"position" : 
		{
			"x" : -0.19915550000000001,
			"y" : 1.5158312,
			"z" : 0.14402519999999999
		}
	},
	"candidate_25" : 
	{
		"gripper" : 5,
		"method" : 3,
		"orientation" : 
		{
			"w" : -0.06527888686985181,
			"x" : 0.85523111147821396,
			"y" : 0.16002819339517968,
			"z" : 0.48857894982023803
		},
		"parent_frame_id" : "6dmimic_base",
		"position" : 
		{
			"x" : -0.20022029999999999,
			"y" : 1.5165253000000001,
			"z" : 0.14289859999999999
		}
	},
	"candidate_26" : 
	{
		"gripper" : 5,
		"method" : 3,
		"orientation" : 
		{
			"w" : -0.073091738835412604,
			"x" : 0.85484136746527906,
			"y" : 0.16465042092642362,
			"z" : 0.486614912505627
		},
		"parent_frame_id" : "6dmimic_base",
		"position" : 
		{
			"x" : -0.20054540000000001,
			"y" : 1.5185337999999999,
			"z" : 0.1438342
		}
	},
	"candidate_27" : 
	{
		"gripper" : 5,
		"method" : 3,
		"orientation" : 
		{
			"w" : -0.076405598094405253,
			"x" : 0.85894655235029616,
			"y" : 0.16747582710785594,
			"z" : 0.47783349832333394
		},
		"parent_frame_id" : "6dmimic_base",
		"position" : 
		{
			"x" : -0.20028779999999999,
			"y" : 1.5205256,
			"z" : 0.1452505
		}
	},
	"candidate_28" : 
	{
		"gripper" : 5,
		"method" : 3,
		"orientation" : 
		{
			"w" : -0.074097926545285825,
			"x" : 0.84799526157696115,
			"y" : 0.19824217616237252,
			"z" : 0.48591519138129219
		},
		"parent_frame_id" : "6dmimic_base",
		"position" : 
		{
			"x" : -0.19959379999999999,
			"y" : 1.5189534,
			"z" : 0.14387440000000001
		}
	},
	"candidate_3" : 
	{
		"gripper" : 5,
		"method" : 3,
		"orientation" : 
		{
			"w" : 0.10948220516399572,
			"x" : 0.86652484408174779,
			"y" : 0.10004335364333072,
			"z" : -0.47659172121778043
		},
		"parent_frame_id" : "6dmimic_base",
		"position" : 
		{
			"x" : -0.062740000000000004,
			"y" : 1.5928194,
			"z" : 0.1488942
		}
	},
	"candidate_4" : 
	{
		"gripper" : 5,