{
	"candidate_0" : 
	{
		"gripper" : 5,
		"method" : 3,
		"orientation" : 
		{
			"w" : -0.45000778887078224,
			"x" : 0.54153458056488657,
			"y" : 0.52696862326920135,
			"z" : -0.47595940803581588
		},
		"parent_frame_id" : "gt01_frame_id",
		"position" : 
		{
			"x" : 0.024534017859563259,
			"y" : -0.023840011273067674,
			"z" : -0.0029068578749775476
		}
	},
	"candidate_1" : 
	{
		"gripper" : 5,
		"method" : 3,
		"orientation" : 
		{
			"w" : -0.44603093718442882,
			"x" : 0.56498528920969815,
			"y" : 0.51143018159091025,
			"z" : -0.46934762746700065
		},
		"parent_frame_id" : "gt01_frame_id",
		"position" : 
		{
			"x" : 0.021630955708628677,
			"y" : -0.0058857532735194784,
			"z" : 0.0016549343258425164
		}
	},
	"candidate_2" : 
	{
		"gripper" : 5,
		"method" : 3,
		"orientation" : 
		{
			"w" : -0.45460493950411085,
			"x" : 0.56154710540510844,
			"y" : 0.50864635806084801,
			"z" : -0.46827137412086534
		},
		"parent_frame_id" : "gt01_frame_id",
		"position" : 
		{
			"x" : 0.020507707989258203,
			"y" : 0.015780367978412091,
			"z" : 0.0011470945503941343
		}
	},
	"candidate_3" : 
	{
		"gripper" : 5,
		"method" : 3,
		"orientation" : 
		{
			"w" : -0.45199993130674831,
			"x" : 0.54922332996071932,
			"y" : 0.5087720753151832,
			"z" : -0.48497502132072218
		},
		"parent_frame_id" : "gt01_frame_id",
		"position" : 
		{
			"x" : 0.022391357303327239,
			"y" : 0.034496614874990339,
			"z" : 0.0045043128673838695
		}
	},
	"candidate_4" : 
	{
		"gripper" : 5,
		"method" : 3,
		"orientation" : 
		{
			"w" : -0.43953893538633909,
			"x" : 0.57175938888129896,
			"y" : 0.49745615564750828,
			"z" : -0.48211419675625539
		},
		"parent_frame_id" : "gt01_frame_id",
		"position" : 
		{
			"x" : 0.020149113244292194,
			"y" : 0.053838263724222957,
			"z" : 0.0055570299864151629
		}
	},
	"candidate_5" : 
	{
		"gripper" : 5,
		"method" : 3,
		"orientation" : 
		{
			"w" : -0.44940691243351127,
			"x" : 0.55937021019508393,
			"y" : 0.51537548206728778,
			"z" : -0.4685365593923238
		},
		"parent_frame_id" : "gt01_frame_id",
		"position" : 
		{
			"x" : 0.020416817839713122,
			"y" : 0.076277184063714643,
			"z" : 0.0018347902765711854
		}
	}
}
