{
	"object_pose_0" : 
	{
		"orientation" : 
		{
			"w" : 0.47010870208667466,
			"x" : -0.54952380802261624,
			"y" : 0.66526626692001689,
			"z" : 0.18558426874483569
		},
		"parent_frame_id" : "camera_link",
		"position" : 
		{
			"x" : 0.0090267662887133365,
			"y" : 0.0089631935187837464,
			"z" : 0.56785754663073873
		}
	}
}
