{
	"candidate_0" : 
	{
		"gripper" : 5,
		"method" : 3,
		"orientation" : 
		{
			"w" : 0.013070016028226446,
			"x" : 0.6795562443819545,
			"y" : 0.73090967897442727,
			"z" : 0.061672737769738598
		},
		"parent_frame_id" : "angular_groundtruth_frame_id",
		"position" : 
		{
			"x" : -0.00042791780242509153,
			"y" : -0.0034777713968202773,
			"z" : 0.094112187717165049
		}
	},
	"candidate_1" : 
	{
		"gripper" : 5,
		"method" : 3,
		"orientation" : 
		{
			"w" : 0.013524054599121663,
			"x" : 0.67875442832326638,
			"y" : 0.73151587326181644,
			"z" : 0.063198521697566581
		},
		"parent_frame_id" : "angular_groundtruth_frame_id",
		"position" : 
		{
			"x" : 0.0017524868899166349,
			"y" : -0.0040888311471593154,
			"z" : 0.094244942278750743
		}
	},
	"candidate_10" : 
	{
		"gripper" : 5,
		"method" : 3,
		"orientation" : 
		{
			"w" : 0.027939977818976617,
			"x" : 0.022551365788523927,
			"y" : -0.99845221185002431,
			"z" : -0.042473217353306808
		},
		"parent_frame_id" : "angular_groundtruth_frame_id",
		"position" : 
		{
			"x" : 0.0088770318571293333,
			"y" : 0.0020773110701959364,
			"z" : 0.095705696923308325
		}
	},
	"candidate_11" : 
	{
		"gripper" : 5,
		"method" : 3,
		"orientation" : 
		{
			"w" : 0.021303751867223025,
			"x" : 0.021279857172151317,
			"y" : -0.9987888600191871,
			"z" : -0.038911835431975024
		},
		"parent_frame_id" : "angular_groundtruth_frame_id",
		"position" : 
		{
			"x" : 0.010603226375704645,
			"y" : 0.0019555652229089884,
			"z" : 0.095661485965049697
		}
	},
	"candidate_12" : 
	{
		"gripper" : 5,
		"method" : 3,
		"orientation" : 
		{
			"w" : -0.13761176262846816,
			"x" : -0.16037271653946278,
			"y" : 0.91828160813797755,
			"z" : -0.33481708847006186
		},
		"parent_frame_id" : "angular_groundtruth_frame_id",
		"position" : 
		{
			"x" : -0.023994185769860753,
			"y" : -0.26711104998815477,
			"z" : 0.19816903074839731
		}
	},
	"candidate_13" : 
	{
		"gripper" : 5,
		"method" : 3,
		"orientation" : 
		{
			"w" : -0.14704318165432237,
			"x" : -0.15651313045353782,
			"y" : 0.91752768682949359,
			"z" : -0.33470119005752968
		},
		"parent_frame_id" : "angular_groundtruth_frame_id",
		"position" : 
		{
			"x" : -0.028852152122808845,
			"y" : -0.26557190506977113,
			"z" : 0.19986604517767728
		}
	},
	"candidate_14" : 
	{
		"gripper" : 5,
		"method" : 3,
		"orientation" : 
		{
			"w" : -0.028607363255438792,
			"x" : -0.20004807155699911,
			"y" : 0.71306040959169925,
			"z" : -0.67134733194287366
		},
		"parent_frame_id" : "angular_groundtruth_frame_id",
		"position" : 
		{
			"x" : -0.018302682489960212,
			"y" : -0.22599915403079562,
			"z" : 0.18722374291662588
		}
	},
	"candidate_15" : 
	{
		"gripper" : 5,
		"method" : 3,
		"orientation" : 
		{
			"w" : -0.01457448880696896,
			"x" : 0.67635745600540154,
			"y" : 0.73142819735680409,
			"z" : 0.08567944965563834
		},
		"parent_frame_id" : "angular_groundtruth_frame_id",
		"position" : 
		{
			"x" : -0.0015123687992842534,
			"y" : -0.0024210755665852323,
			"z" : 0.094584007587607766
		}
	},
	"candidate_16" : 
	{
		"gripper" : 5,
		"method" : 3,
		"orientation" : 
		{
			"w" : -0.014773898841289275,
			"x" : 0.68497703989140768,
			"y" : 0.72380278317930169,
			"z" : 0.081839585754871741
		},
		"parent_frame_id" : "angular_groundtruth_frame_id",
		"position" : 
		{
			"x" : -0.0060354546409835978,
			"y" : 0.00095237179944521275,
			"z" : 0.094097040517809871
		}
	},
	"candidate_17" : 
	{
		"gripper" : 5,
		"method" : 3,
		"orientation" : 
		{
			"w" : -0.019567735810485369,
			"x" : 0.67834694255335815,
			"y" : 0.730244691909959,
			"z" : 0.078773213601395747
		},
		"parent_frame_id" : "angular_groundtruth_frame_id",
		"position" : 
		{
			"x" : -0.005452394688456241,
			"y" : -0.00051328969824952905,
			"z" : 0.094549569747345324
		}
	},
	"candidate_18" : 
	{
		"gripper" : 5,
		"method" : 3,
		"orientation" : 
		{
			"w" : -0.011290591868382327,
			"x" : 0.39628206061896354,
			"y" : 0.91535478628958311,
			"z" : 0.070417797349827838
		},
		"parent_frame_id" : "angular_groundtruth_frame_id",
		"position" : 
		{
			"x" : 0.00716563186288313,
			"y" : -0.0081985060438841233,
			"z" : 0.09583536148069477
		}
	},
	"candidate_19" : 
	{
		"gripper" : 5,
		"method" : 3,
		"orientation" : 
		{
			"w" : -0.012926752066292405,
			"x" : 0.39797390611468025,
			"y" : 0.91451516106288977,
			"z" : 0.071496079046035041
		},
		"parent_frame_id" : "angular_groundtruth_frame_id",
		"position" : 
		{
			"x" : 0.0039950594290719278,
			"y" : -0.0077146354443811006,
			"z" : 0.095838765788934938
		}
	},
	"candidate_2" : 
	{
		"gripper" : 5,
		"method" : 3,
		"orientation" : 
		{
			"w" : 0.013353703095100776,
			"x" : 0.68524092344727761,
			"y" : 0.72604074030236565,
			"z" : 0.055958903384207455
		},
		"parent_frame_id" : "angular_groundtruth_frame_id",
		"position" : 
		{
			"x" : 0.00015033112518614408,
			"y" : -0.0034860782839336744,
			"z" : 0.094382173117942794
		}
	},
	"candidate_20" : 
	{
		"gripper" : 5,
		"method" : 3,
		"orientation" : 
		{
			"w" : -0.010769479461697755,
			"x" : 0.39237621045157606,
			"y" : 0.91724958829642356,
			"z" : 0.067661810157769064
		},
		"parent_frame_id" : "angular_groundtruth_frame_id",
		"position" : 
		{
			"x" : 0.0045762003616527606,
			"y" : -0.0075541133821254818,
			"z" : 0.095993706950378621
		}
	},
	"candidate_21" : 
	{
		"gripper" : 5,
		"method" : 3,
		"orientation" : 
		{
			"w" : -0.031946035618019744,
			"x" : 0.14841401726441397,
			"y" : 0.98581244524220135,
			"z" : 0.071599951768991962
		},
		"parent_frame_id" : "angular_groundtruth_frame_id",
		"position" : 
		{
			"x" : 0.0094458335821110684,
			"y" : -0.0026260680446793657,
			"z" : 0.095202728626461813
		}
	},
	"candidate_22" : 
	{
		"gripper" : 5,
		"method" : 3,
		"orientation" : 
		{
			"w" : -0.027286822115682244,
			"x" : 0.1478806728428331,
			"y" : 0.98668380544322154,
			"z" : 0.061982287909216144
		},
		"parent_frame_id" : "angular_groundtruth_frame_id",
		"position" : 
		{
			"x" : 0.0056918799803022157,
			"y" : -0.0016925157659896284,
			"z" : 0.095673480513654957
		}
	},
	"candidate_23" : 
	{
		"gripper" : 5,
		"method" : 3,
		"orientation" : 
		{
			"w" : -0.013146393266010348,
			"x" : 0.14913476840575182,
			"y" : 0.98715670516143228,
			"z" : 0.055746144723049562
		},
		"parent_frame_id" : "angular_groundtruth_frame_id",
		"position" : 
		{
			"x" : 0.0092299927355660259,
			"y" : -0.0029096323181737834,
			"z" : 0.095205248783035892
		}
	},
	"candidate_24" : 
	{
		"gripper" : 5,
		"method" : 3,
		"orientation" : 
		{
			"w" : 0.036952742096610709,
			"x" : -0.0018434512188166561,
			"y" : -0.99761316142558298,
			"z" : -0.058301601089499715
		},
		"parent_frame_id" : "angular_groundtruth_frame_id",
		"position" : 
		{
			"x" : 0.0098441130413143372,
			"y" : 0.00019119073962669837,
			"z" : 0.095661171740468398
		}
	},
	"candidate_25" : 
	{
		"gripper" : 5,
		"method" : 3,
		"orientation" : 
		{
			"w" : -0.03484946462175488,
			"x" : 0.005031042953577234,
			"y" : 0.99818458107501551,
			"z" : 0.048864563095068758
		},
		"parent_frame_id" : "angular_groundtruth_frame_id",
		"position" : 
		{
			"x" : 0.0093088077107010107,
			"y" : 0.00034125543019528949,
			"z" : 0.095549694935033971
		}
	},
	"candidate_26" : 
	{
		"gripper" : 5,
		"method" : 3,
		"orientation" : 
		{
			"w" : -0.03787758882937662,
			"x" : 0.007443637354515734,
			"y" : 0.99808181102890536,
			"z" : 0.048400196494102668
		},
		"parent_frame_id" : "angular_groundtruth_frame_id",
		"position" : 
		{
			"x" : 0.0047661612706323304,
			"y" : 0.0014383116993758197,
			"z" : 0.095923603237237046
		}
	},
	"candidate_27" : 
	{
		"gripper" : 5,
		"method" : 3,
		"orientation" : 
		{
			"w" : -0.14072519293053548,
			"x" : -0.18599512635896365,
			"y" : 0.91432925036642276,
			"z" : -0.33106533338565119
		},
		"parent_frame_id" : "angular_groundtruth_frame_id",
		"position" : 
		{
			"x" : -0.008525344505175305,
			"y" : -0.26948056050204217,