{
	"object_pose_0" : 
	{
		"orientation" : 
		{
			"w" : -0.10428865876473727,
			"x" : -0.32094064813357381,
			"y" : 0.89883767519465563,
			"z" : -0.27966468418957868
		},
		"parent_frame_id" : "camera_link",
		"position" : 
		{
			"x" : -0.03277612711615329,
			"y" : -0.046236973861191299,
			"z" : 0.54951817603500797
		}
	}
}
