{
	"candidate_0" : 
	{
		"gripper" : 5,
		"method" : 3,
		"orientation" : 
		{
			"w" : 0.039813085537647189,
			"x" : 0.84875165634007266,
			"y" : -0.52727056557897944,
			"z" : -0.0046146239259983526
		},
		"parent_frame_id" : "6dmimic_base",
		"position" : 
		{
			"x" : -0.1263339,
			"y" : 1.5418322,
			"z" : 0.1939322
		}
	},
	"candidate_1" : 
	{
		"gripper" : 5,
		"method" : 3,
		"orientation" : 
		{
			"w" : 0.041395924814383075,
			"x" : 0.84922851305663494,
			"y" : -0.52637895406988033,
			"z" : -0.0047441261236777395
		},
		"parent_frame_id" : "6dmimic_base",
		"position" : 
		{
			"x" : -0.12859300000000001,
			"y" : 1.5415734999999999,
			"z" : 0.19401280000000001
		}
	},
	"candidate_10" : 
	{
		"gripper" : 5,
		"method" : 3,
		"orientation" : 
		{
			"w" : 0.017158158841108512,
			"x" : 0.97580590980511206,
			"y" : 0.21234911452398078,
			"z" : 0.049155646018358173
		},
		"parent_frame_id" : "6dmimic_base",
		"position" : 
		{
			"x" : -0.132906,
			"y" : 1.5330921,
			"z" : 0.19503390000000001
		}
	},
	"candidate_11" : 
	{
		"gripper" : 5,
		"method" : 3,
		"orientation" : 
		{
			"w" : 0.014912052992805314,
			"x" : 0.97639794767599586,
			"y" : 0.21134235551195638,
			"z" : 0.041941473702060701
		},
		"parent_frame_id" : "6dmimic_base",
		"position" : 
		{
			"x" : -0.1345548,
			"y" : 1.5325571,
			"z" : 0.1949359
		}
	},
	"candidate_12" : 
	{
		"gripper" : 5,
		"method" : 3,
		"orientation" : 
		{
			"w" : 0.37067022738072442,
			"x" : -0.86193479678200191,
			"y" : -0.33505150400514683,
			"z" : -0.086095750730105225
		},
		"parent_frame_id" : "6dmimic_base",
		"position" : 
		{
			"x" : -0.20608599999999999,
			"y" : 1.7913650000000001,
			"z" : 0.30786580000000002
		}
	},
	"candidate_13" : 
	{
		"gripper" : 5,
		"method" : 3,
		"orientation" : 
		{
			"w" : 0.37239993758203788,
			"x" : -0.86181259170771007,
			"y" : -0.33093468827930161,
			"z" : -0.095286805783463088
		},
		"parent_frame_id" : "6dmimic_base",
		"position" : 
		{
			"x" : -0.20102229999999999,
			"y" : 1.7916894999999999,
			"z" : 0.30967879999999998
		}
	},
	"candidate_14" : 
	{
		"gripper" : 5,
		"method" : 3,
		"orientation" : 
		{
			"w" : 0.67545869465869723,
			"x" : -0.64784999825916345,
			"y" : -0.34121639855603547,
			"z" : 0.087277150056697117
		},
		"parent_frame_id" : "6dmimic_base",
		"position" : 
		{
			"x" : -0.19561999999999999,
			"y" : 1.7514628999999999,
			"z" : 0.29532799999999998
		}
	},
	"candidate_15" : 
	{
		"gripper" : 5,
		"method" : 3,
		"orientation" : 
		{
			"w" : 0.058102859591874473,
			"x" : 0.84875089531386738,
			"y" : -0.52488785958500461,
			"z" : 0.027179224996821919
		},
		"parent_frame_id" : "6dmimic_base",
		"position" : 
		{
			"x" : -0.1249355,
			"y" : 1.5412374,
			"z" : 0.19440640000000001
		}
	},
	"candidate_16" : 
	{
		"gripper" : 5,
		"method" : 3,
		"orientation" : 
		{
			"w" : 0.054332011020699511,
			"x" : 0.84284318650789036,
			"y" : -0.53475974906897039,
			"z" : 0.02637055766122396
		},
		"parent_frame_id" : "6dmimic_base",
		"position" : 
		{
			"x" : -0.1194487,
			"y" : 1.5398248000000001,
			"z" : 0.19395680000000001
		}
	},
	"candidate_17" : 
	{
		"gripper" : 5,
		"method" : 3,
		"orientation" : 
		{
			"w" : 0.050366576089064224,
			"x" : 0.84777044524774325,
			"y" : -0.52707299659140072,
			"z" : 0.03070075636965662
		},
		"parent_frame_id" : "6dmimic_base",
		"position" : 
		{
			"x" : -0.1205531,
			"y" : 1.5409485999999999,
			"z" : 0.19444
		}
	},
	"candidate_18" : 
	{
		"gripper" : 5,
		"method" : 3,
		"orientation" : 
		{
			"w" : 0.043865230784850689,
			"x" : 0.9752941191736646,
			"y" : -0.21457187700702549,
			"z" : 0.028915951153979998
		},
		"parent_frame_id" : "6dmimic_base",
		"position" : 
		{
			"x" : -0.13520550000000001,
			"y" : 1.5432876,
			"z" : 0.19556380000000001
		}
	},
	"candidate_19" : 
	{
		"gripper" : 5,
		"method" : 3,
		"orientation" : 
		{
			"w" : 0.044603768504280203,
			"x" : 0.97479392080477945,
			"y" : -0.21643893732895916,
			"z" : 0.030683907918853205
		},
		"parent_frame_id" : "6dmimic_base",
		"position" : 
		{
			"x" : -0.13207720000000001,
			"y" : 1.5440316000000001,
			"z" : 0.1956571
		}
	},
	"candidate_2" : 
	{
		"gripper" : 5,
		"method" : 3,
		"orientation" : 
		{
			"w" : 0.034281051869420209,
			"x" : 0.84495602799578629,
			"y" : -0.53370042112615157,
			"z" : -0.006162850483204585
		},
		"parent_frame_id" : "6dmimic_base",
		"position" : 
		{
			"x" : -0.1268792,
			"y" : 1.5416103999999999,
			"z" : 0.19418389999999999
		}
	},
	"candidate_20" : 
	{
		"gripper" : 5,
		"method" : 3,
		"orientation" : 
		{
			"w" : 0.041275594779821324,
			"x" : 0.97635796763793858,
			"y" : -0.21032997271277235,
			"z" : 0.027977613982084912
		},
		"parent_frame_id" : "6dmimic_base",
		"position" : 
		{
			"x" : -0.13255919999999999,
			"y" : 1.5436567000000001,
			"z" : 0.19578770000000001
		}
	},
	"candidate_21" : 
	{
		"gripper" : 5,
		"method" : 3,
		"orientation" : 
		{
			"w" : 0.042961674232077127,
			"x" : 0.9966797099464425,
			"y" : 0.041716068188986925,
			"z" : 0.055169012888613971
		},
		"parent_frame_id" : "6dmimic_base",
		"position" : 
		{
			"x" : -0.1352042,
			"y" : 1.5372739,
			"z" : 0.19466729999999999
		}
	},
	"candidate_22" : 
	{
		"gripper" : 5,
		"method" : 3,
		"orientation" : 
		{
			"w" : 0.034407841701794645,
			"x" : 0.99730645590873324,
			"y" : 0.042623925949181365,
			"z" : 0.048776371009589932
		},
		"parent_frame_id" : "6dmimic_base",
		"position" : 
		{
			"x" : -0.1313725,
			"y" : 1.5377991,
			"z" : 0.19523380000000001
		}
	},
	"candidate_23" : 
	{
		"gripper" : 5,
		"method" : 3,
		"orientation" : 
		{
			"w" : 0.030972912076649681,
			"x" : 0.99807565061284553,
			"y" : 0.041841853205252889,
			"z" : 0.033688776938135823
		},
		"parent_frame_id" : "6dmimic_base",
		"position" : 
		{
			"x" : -0.13511100000000001,
			"y" : 1.5376188,
			"z" : 0.19468650000000001
		}
	},
	"candidate_24" : 
	{
		"gripper" : 5,
		"method" : 3,
		"orientation" : 
		{
			"w" : 0.030656372403806455,
			"x" : 0.97984693154493752,
			"y" : 0.18786812167555408,
			"z" : 0.060545408010093199
		},
		"parent_frame_id" : "6dmimic_base",
		"position" : 
		{
			"x" : -0.134517,
			"y" : 1.5344838999999999,
			"z" : 0.19501979999999999
		}
	},
	"candidate_25" : 
	{
		"gripper" : 5,
		"method" : 3,
		"orientation" : 
		{
			"w" : 0.021746849844460875,
			"x" : 0.98086221546477925,
			"y" : 0.18501541258315354,
			"z" : 0.056618776938864558
		},
		"parent_frame_id" : "6dmimic_base",
		"position" : 
		{
			"x" : -0.13396089999999999,
			"y" : 1.5345508000000001,
			"z" : 0.19492090000000001
		}
	},
	"candidate_26" : 
	{
		"gripper" : 5,
		"method" : 3,
		"orientation" : 
		{
			"w" : 0.020681070835129045,
			"x" : 0.98117470728654621,
			"y" : 0.18257568429420024,
			"z" : 0.059452557512502786
		},
		"parent_frame_id" : "6dmimic_base",
		"position" : 
		{
			"x" : -0.1293329,
			"y" : 1.5352252,
			"z" : 0.19541120000000001
		}
	},
	"candidate_27" : 
	{
		"gripper" : 5,
		"method" : 3,
		"orientation" : 
		{
			"w" : 0.3671708328564125,
			"x" : -0.85317903635076497,
			"y" : -0.35932434628248344,
			"z" : -0.090316806851074363
		},
		"parent_frame_id" : "6dmimic_base",
		"position" : 
		{
			"x" : -0.221306,
			"y" : 1.7878513,
			"z" : 0.30491849999999998
		}
	},
	"candidate_28" : 
	{
		"gripper" : 5,
		"method" : 3,
		"orientation" : 
		{
			"w" : 0.37785473479849729,
			"x" : -0.84653977928844193,
			"y" : -0.36307047683325205,
			"z" : -0.093680469281000558
		},
		"parent_frame_id" : "6dmimic_base",
		"position" : 
		{
			"x" : -0.2236969,
			"y" : 1.7837403000000001,
			"z" : 0.31103019999999998
		}
	},
	"candidate_29" : 
	{
		"gripper" : 5,
		"method" : 3,
		"orientation" : 
		{
			"w" : 0.3790962629652006,
			"x" : -0.84486291526057378,
			"y" : -0.3604746271398061,
			"z" : -0.11203000049826678
		},
		"parent_frame_id" : "6dmimic_base",
		"position" : 
		{
			"x" : -0.21262909999999999,
			"y" : 1.7859965,