{
	"candidate_0" : 
	{
		"gripper" : 5,
		"method" : 3,
		"orientation" : 
		{
			"w" : 0.006913738438775234,
			"x" : 0.69207109496015329,
			"y" : 0.71810364901352153,
			"z" : 0.072917412288971542
		},
		"parent_frame_id" : "angular_groundtruth_frame_id",
		"position" : 
		{
			"x" : 0.0044098529564325214,
			"y" : -0.0058832514116245165,
			"z" : 0.093873418588559382
		}
	},
	"candidate_1" : 
	{
		"gripper" : 5,
		"method" : 3,
		"orientation" : 
		{
			"w" : 0.004464188068271209,
			"x" : 0.69786667167121474,
			"y" : 0.71292272711679106,
			"z" : 0.068581081617231865
		},
		"parent_frame_id" : "angular_groundtruth_frame_id",
		"position" : 
		{
			"x" : 0.0029278018848844624,
			"y" : -0.0053373707433713568,
			"z" : 0.094274480373335565
		}
	},
	"candidate_10" : 
	{
		"gripper" : 5,
		"method" : 3,
		"orientation" : 
		{
			"w" : 0.027029405805751687,
			"x" : 0.019848001433864775,
			"y" : -0.99703066906369475,
			"z" : -0.069320365025513739
		},
		"parent_frame_id" : "angular_groundtruth_frame_id",
		"position" : 
		{
			"x" : 0.017551665340856476,
			"y" : -0.00038256022871252819,
			"z" : 0.095310505188435382
		}
	},
	"candidate_11" : 
	{
		"gripper" : 5,
		"method" : 3,
		"orientation" : 
		{
			"w" : 0.028080964843428799,
			"x" : 0.019869376466986454,
			"y" : -0.99723860780255957,
			"z" : -0.065816611887031098
		},
		"parent_frame_id" : "angular_groundtruth_frame_id",
		"position" : 
		{
			"x" : 0.017242758520500747,
			"y" : -0.0016348407712885762,
			"z" : 0.095061629569553191
		}
	},
	"candidate_12" : 
	{
		"gripper" : 5,
		"method" : 3,
		"orientation" : 
		{
			"w" : -0.17083769494754436,
			"x" : -0.16763180836019154,
			"y" : 0.9195641557347195,
			"z" : -0.31163411607010238
		},
		"parent_frame_id" : "angular_groundtruth_frame_id",
		"position" : 
		{
			"x" : -0.027108838577122533,
			"y" : -0.27040297337489938,
			"z" : 0.19100618329568425
		}
	},
	"candidate_13" : 
	{
		"gripper" : 5,
		"method" : 3,
		"orientation" : 
		{
			"w" : -0.15212920522112575,
			"x" : -0.16465643283064618,
			"y" : 0.92069008050490908,
			"z" : -0.31949137657554966
		},
		"parent_frame_id" : "angular_groundtruth_frame_id",
		"position" : 
		{
			"x" : -0.022377844670439011,
			"y" : -0.27173418767498841,
			"z" : 0.1918614081698865
		}
	},
	"candidate_14" : 
	{
		"gripper" : 5,
		"method" : 3,
		"orientation" : 
		{
			"w" : -0.1472069401854568,
			"x" : -0.16459122071935378,
			"y" : 0.92080591201143736,
			"z" : -0.32149077627224909
		},
		"parent_frame_id" : "angular_groundtruth_frame_id",
		"position" : 
		{
			"x" : -0.018380081704616795,
			"y" : -0.2720527459736567,
			"z" : 0.19212868798154031
		}
	},
	"candidate_15" : 
	{
		"gripper" : 5,
		"method" : 3,
		"orientation" : 
		{
			"w" : -0.022187267072052073,
			"x" : 0.6709854008389029,
			"y" : 0.7378507598519618,
			"z" : 0.069732153464618807
		},
		"parent_frame_id" : "angular_groundtruth_frame_id",
		"position" : 
		{
			"x" : -0.0027012328043606523,
			"y" : -0.0037537351841284879,
			"z" : 0.094071837651945614
		}
	},
	"candidate_16" : 
	{
		"gripper" : 5,
		"method" : 3,
		"orientation" : 
		{
			"w" : -0.018262300376107873,
			"x" : 0.67124910747007849,
			"y" : 0.73780844684403368,
			"z" : 0.068773685892137393
		},
		"parent_frame_id" : "angular_groundtruth_frame_id",
		"position" : 
		{
			"x" : -0.0013741459707306428,
			"y" : -0.0048538206807560002,
			"z" : 0.094182879330600267
		}
	},
	"candidate_17" : 
	{
		"gripper" : 5,
		"method" : 3,
		"orientation" : 
		{
			"w" : -0.025588027074165621,
			"x" : 0.67449992517905888,
			"y" : 0.73482931601311108,
			"z" : 0.066490451431756858
		},
		"parent_frame_id" : "angular_groundtruth_frame_id",
		"position" : 
		{
			"x" : -0.0051678194653822533,
			"y" : -0.0026947924330163993,
			"z" : 0.094815769536028174
		}
	},
	"candidate_18" : 
	{
		"gripper" : 5,
		"method" : 3,
		"orientation" : 
		{
			"w" : -0.015847521480306683,
			"x" : 0.47737915706020634,
			"y" : 0.8767190824550547,
			"z" : 0.056759553615096381
		},
		"parent_frame_id" : "angular_groundtruth_frame_id",
		"position" : 
		{
			"x" : 0.00820791929610808,
			"y" : -0.0088679883982571428,
			"z" : 0.094709939733313653
		}
	},
	"candidate_19" : 
	{
		"gripper" : 5,
		"method" : 3,
		"orientation" : 
		{
			"w" : -0.011568814541796604,
			"x" : 0.47976419565187606,
			"y" : 0.87560200713487557,
			"z" : 0.054896304083090264
		},
		"parent_frame_id" : "angular_groundtruth_frame_id",
		"position" : 
		{
			"x" : 0.0087620038749378661,
			"y" : -0.008693126694699729,
			"z" : 0.094910342635305678
		}
	},
	"candidate_2" : 
	{
		"gripper" : 5,
		"method" : 3,
		"orientation" : 
		{
			"w" : 0.0022282720955576485,
			"x" : 0.69051361303557779,
			"y" : 0.72032905943689385,
			"z" : 0.06566605779838082
		},
		"parent_frame_id" : "angular_groundtruth_frame_id",
		"position" : 
		{
			"x" : 0.00098533628007448212,
			"y" : -0.0046137403642109321,
			"z" : 0.09436855819629357
		}
	},
	"candidate_20" : 
	{
		"gripper" : 5,
		"method" : 3,
		"orientation" : 
		{
			"w" : -0.0033471433333280183,
			"x" : 0.47891599533430851,
			"y" : 0.87627921613205195,
			"z" : 0.052564259905866072
		},
		"parent_frame_id" : "angular_groundtruth_frame_id",
		"position" : 
		{
			"x" : 0.010308548961018784,
			"y" : -0.0093499989532829647,
			"z" : 0.094709909517392277
		}
	},
	"candidate_21" : 
	{
		"gripper" : 5,
		"method" : 3,
		"orientation" : 
		{
			"w" : -0.034852802238252163,
			"x" : 0.18308941531336556,
			"y" : 0.97998413635564274,
			"z" : 0.069961708581452023
		},
		"parent_frame_id" : "angular_groundtruth_frame_id",
		"position" : 
		{
			"x" : 0.014325939126859992,
			"y" : -0.0055292371207115911,
			"z" : 0.094741204343972457
		}
	},
	"candidate_22" : 
	{
		"gripper" : 5,
		"method" : 3,
		"orientation" : 
		{
			"w" : -0.025097977021727145,
			"x" : 0.18817468568845686,
			"y" : 0.97952780329534606,
			"z" : 0.066975083328510807
		},
		"parent_frame_id" : "angular_groundtruth_frame_id",
		"position" : 
		{
			"x" : 0.015836103761358779,
			"y" : -0.0070895545503269946,
			"z" : 0.094453408971993932
		}
	},
	"candidate_23" : 
	{
		"gripper" : 5,
		"method" : 3,
		"orientation" : 
		{
			"w" : -0.019179418203679986,
			"x" : 0.20037277731568548,
			"y" : 0.97756384684477826,
			"z" : 0.062063075739170658
		},
		"parent_frame_id" : "angular_groundtruth_frame_id",
		"position" : 
		{
			"x" : 0.013986609660181368,
			"y" : -0.0076231259556135359,
			"z" : 0.094768541617072294
		}
	},
	"candidate_24" : 
	{
		"gripper" : 5,
		"method" : 3,
		"orientation" : 
		{
			"w" : 0.050568489990629018,
			"x" : 0.014749225696067132,
			"y" : -0.99624148036953375,
			"z" : -0.068761914986088607
		},
		"parent_frame_id" : "angular_groundtruth_frame_id",
		"position" : 
		{
			"x" : 0.016064342076141575,
			"y" : -0.002788031319358781,
			"z" : 0.094937071230974085
		}
	},
	"candidate_25" : 
	{
		"gripper" : 5,
		"method" : 3,
		"orientation" : 
		{
			"w" : 0.041730200440533237,
			"x" : 0.013373335571124675,
			"y" : -0.99686067654223354,
			"z" : -0.065943429018024899
		},
		"parent_frame_id" : "angular_groundtruth_frame_id",
		"position" : 
		{
			"x" : 0.013908562801063814,
			"y" : -0.0020457761142237043,
			"z" : 0.095038092122951695
		}
	},
	"candidate_26" : 
	{
		"gripper" : 5,
		"method" : 3,
		"orientation" : 
		{
			"w" : 0.040230979827451163,
			"x" : 0.011539614729316413,
			"y" : -0.99723365028054611,
			"z" : -0.061427618398889661
		},
		"parent_frame_id" : "angular_groundtruth_frame_id",
		"position" : 
		{
			"x" : 0.012912663786646076,
			"y" : -0.0011732938160748914,
			"z" : 0.095371933610994566
		}
	},
	"candidate_27" : 
	{
		"gripper" : 5,
		"method" : 3,
		"orientation" : 
		{
			"w" : 0.18569350135275678,
			"x" : -0.13946639947357517,
			"y" : 0.053703292082193571,
			"z" : -0.97117609288571616
		},
		"parent_frame_id" : "angular_groundtruth_frame_id",
		"position" : 
		{
			"x" : -0.0058458713559393308,
			"y" : -0.15178992601401695,