{
	"object_pose_0" : 
	{
		"orientation" : 
		{
			"w" : -0.091557381851157374,
			"x" : -0.32514349057042935,
			"y" : 0.90376882727958663,
			"z" : -0.26287034623815636
		},
		"parent_frame_id" : "camera_link",
		"position" : 
		{
			"x" : -0.032839699151742063,
			"y" : -0.045469044068302628,
			"z" : 0.54918130040014757
		}
	}
}
