{
	"candidate_0" : 
	{
		"gripper" : 5,
		"method" : 3,
		"orientation" : 
		{
			"w" : 0.058039336590764351,
			"x" : 0.83913177910860171,
			"y" : -0.5405496564762029,
			"z" : -0.017186086861060705
		},
		"parent_frame_id" : "6dmimic_base",
		"position" : 
		{
			"x" : -0.12733530000000001,
			"y" : 1.5411071000000001,
			"z" : 0.19369330000000001
		}
	},
	"candidate_1" : 
	{
		"gripper" : 5,
		"method" : 3,
		"orientation" : 
		{
			"w" : 0.053501272403628924,
			"x" : 0.83505813027227715,
			"y" : -0.54732794735964785,
			"z" : -0.015736929701690997
		},
		"parent_frame_id" : "6dmimic_base",
		"position" : 
		{
			"x" : -0.1257422,
			"y" : 1.5411389,
			"z" : 0.19405849999999999
		}
	},
	"candidate_10" : 
	{
		"gripper" : 5,
		"method" : 3,
		"orientation" : 
		{
			"w" : 0.035095200403048255,
			"x" : 0.97642998783806212,
			"y" : 0.21037620906276538,
			"z" : 0.03308559232674417
		},
		"parent_frame_id" : "6dmimic_base",
		"position" : 
		{
			"x" : -0.13743349999999999,
			"y" : 1.5309584000000001,
			"z" : 0.19486709999999999
		}
	},
	"candidate_11" : 
	{
		"gripper" : 5,
		"method" : 3,
		"orientation" : 
		{
			"w" : 0.031450371339325892,
			"x" : 0.97654062271051123,
			"y" : 0.21038238621503375,
			"z" : 0.033444549769041175
		},
		"parent_frame_id" : "6dmimic_base",
		"position" : 
		{
			"x" : -0.13762540000000001,
			"y" : 1.5322515000000001,
			"z" : 0.19468830000000001
		}
	},
	"candidate_12" : 
	{
		"gripper" : 5,
		"method" : 3,
		"orientation" : 
		{
			"w" : 0.36513865169503623,
			"x" : -0.86260937482097955,
			"y" : -0.33374909486929294,
			"z" : -0.10578456023077072
		},
		"parent_frame_id" : "6dmimic_base",
		"position" : 
		{
			"x" : -0.195467,
			"y" : 1.793771,
			"z" : 0.3061026
		}
	},
	"candidate_13" : 
	{
		"gripper" : 5,
		"method" : 3,
		"orientation" : 
		{
			"w" : 0.36926957268095645,
			"x" : -0.86393059948078754,
			"y" : -0.3315062915041308,
			"z" : -0.085834029766573797
		},
		"parent_frame_id" : "6dmimic_base",
		"position" : 
		{
			"x" : -0.20034379999999999,
			"y" : 1.7931769,
			"z" : 0.30705369999999998
		}
	},
	"candidate_14" : 
	{
		"gripper" : 5,
		"method" : 3,
		"orientation" : 
		{
			"w" : 0.37029014989291509,
			"x" : -0.86396549656345822,
			"y" : -0.33158615797466351,
			"z" : -0.080619138420980452
		},
		"parent_frame_id" : "6dmimic_base",
		"position" : 
		{
			"x" : -0.20417179999999999,
			"y" : 1.7919491999999999,
			"z" : 0.30735469999999998
		}
	},
	"candidate_15" : 
	{
		"gripper" : 5,
		"method" : 3,
		"orientation" : 
		{
			"w" : 0.048635290423733088,
			"x" : 0.85458594612072958,
			"y" : -0.51690638996331983,
			"z" : 0.011191659100638202
		},
		"parent_frame_id" : "6dmimic_base",
		"position" : 
		{
			"x" : -0.1199194,
			"y" : 1.5418038999999999,
			"z" : 0.19374369999999999
		}
	},
	"candidate_16" : 
	{
		"gripper" : 5,
		"method" : 3,
		"orientation" : 
		{
			"w" : 0.048450581870185319,
			"x" : 0.85453987800645281,
			"y" : -0.51707157134132131,
			"z" : 0.0071503932601004253
		},
		"parent_frame_id" : "6dmimic_base",
		"position" : 
		{
			"x" : -0.1215649,
			"y" : 1.5423191000000001,
			"z" : 0.19392300000000001
		}
	},
	"candidate_17" : 
	{
		"gripper" : 5,
		"method" : 3,
		"orientation" : 
		{
			"w" : 0.044912364934591456,
			"x" : 0.85223072891398877,
			"y" : -0.5210512087909589,
			"z" : 0.013831196195336983
		},
		"parent_frame_id" : "6dmimic_base",
		"position" : 
		{
			"x" : -0.1172093,
			"y" : 1.5417130999999999,
			"z" : 0.1944195
		}
	},
	"candidate_18" : 
	{
		"gripper" : 5,
		"method" : 3,
		"orientation" : 
		{
			"w" : 0.031870615856317258,
			"x" : 0.95329781296715299,
			"y" : -0.30026806651646715,
			"z" : 0.0068287529933659837
		},
		"parent_frame_id" : "6dmimic_base",
		"position" : 
		{
			"x" : -0.1319699,
			"y" : 1.5424027,
			"z" : 0.194717
		}
	},
	"candidate_19" : 
	{
		"gripper" : 5,
		"method" : 3,
		"orientation" : 
		{
			"w" : 0.030911232575948026,
			"x" : 0.95257640475212391,
			"y" : -0.30271732268574619,
			"z" : 0.0022161579653013613
		},
		"parent_frame_id" : "6dmimic_base",
		"position" : 
		{
			"x" : -0.1324137,
			"y" : 1.5420206000000001,
			"z" : 0.1949099
		}
	},
	"candidate_2" : 
	{
		"gripper" : 5,
		"method" : 3,
		"orientation" : 
		{
			"w" : 0.049954302283471502,
			"x" : 0.84084991983781943,
			"y" : -0.53877759677024917,
			"z" : -0.013952820882492396
		},
		"parent_frame_id" : "6dmimic_base",
		"position" : 
		{
			"x" : -0.12366190000000001,
			"y" : 1.5411953,
			"z" : 0.1941041
		}
	},
	"candidate_20" : 
	{
		"gripper" : 5,
		"method" : 3,
		"orientation" : 
		{
			"w" : 0.030174703718475339,
			"x" : 0.95295370897144405,
			"y" : -0.30154485731393432,
			"z" : -0.0062781239705537164
		},
		"parent_frame_id" : "6dmimic_base",
		"position" : 
		{
			"x" : -0.13410359999999999,
			"y" : 1.5420571999999999,
			"z" : 0.19475239999999999
		}
	},
	"candidate_21" : 
	{
		"gripper" : 5,
		"method" : 3,
		"orientation" : 
		{
			"w" : 0.036175902518584296,
			"x" : 0.99868796179603425,
			"y" : 0.0078079658696935273,
			"z" : 0.0353934274919274
		},
		"parent_frame_id" : "6dmimic_base",
		"position" : 
		{
			"x" : -0.1363933,
			"y" : 1.5369881999999999,
			"z" : 0.19457959999999999
		}
	},
	"candidate_22" : 
	{
		"gripper" : 5,
		"method" : 3,
		"orientation" : 
		{
			"w" : 0.035165818370640541,
			"x" : 0.99906145403185309,
			"y" : 0.0029798181041575849,
			"z" : 0.025113680935867834
		},
		"parent_frame_id" : "6dmimic_base",
		"position" : 
		{
			"x" : -0.1383926,
			"y" : 1.5378825,
			"z" : 0.19438620000000001
		}
	},
	"candidate_23" : 
	{
		"gripper" : 5,
		"method" : 3,
		"orientation" : 
		{
			"w" : 0.03162492080042429,
			"x" : 0.99929426935775856,
			"y" : -0.0092355453209391966,
			"z" : 0.018042514119031572
		},
		"parent_frame_id" : "6dmimic_base",
		"position" : 
		{
			"x" : -0.13686770000000001,
			"y" : 1.5390604999999999,
			"z" : 0.1947258
		}
	},
	"candidate_24" : 
	{
		"gripper" : 5,
		"method" : 3,
		"orientation" : 
		{
			"w" : 0.030093496195025524,
			"x" : 0.97678947912814118,
			"y" : 0.20456753637994571,
			"z" : 0.055935838339782704
		},
		"parent_frame_id" : "6dmimic_base",
		"position" : 
		{
			"x" : -0.1369689,
			"y" : 1.5337745,
			"z" : 0.1946252
		}
	},
	"candidate_25" : 
	{
		"gripper" : 5,
		"method" : 3,
		"orientation" : 
		{
			"w" : 0.029015813012044901,
			"x" : 0.97751829304431825,
			"y" : 0.20356040087698013,
			"z" : 0.046682250950179353
		},
		"parent_frame_id" : "6dmimic_base",
		"position" : 
		{
			"x" : -0.1346832,
			"y" : 1.5338938,
			"z" : 0.19467590000000001
		}
	},
	"candidate_26" : 
	{
		"gripper" : 5,
		"method" : 3,
		"orientation" : 
		{
			"w" : 0.024876160524965808,
			"x" : 0.97809988262811953,
			"y" : 0.20184150094572204,
			"z" : 0.044292264972260506
		},
		"parent_frame_id" : "6dmimic_base",
		"position" : 
		{
			"x" : -0.13342019999999999,
			"y" : 1.533442,
			"z" : 0.19495680000000001
		}
	},
	"candidate_27" : 
	{
		"gripper" : 5,
		"method" : 3,
		"orientation" : 
		{
			"w" : 0.91965832402540715,
			"x" : 0.0022756674939794427,
			"y" : -0.14517275514128308,
			"z" : 0.36489486095713258
		},
		"parent_frame_id" : "6dmimic_base",
		"position" : 
		{
			"x" : -0.1714657,
			"y" : 1.6776268000000001,
			"z" : 0.25872279999999998
		}
	},
	"candidate_28" : 
	{
		"gripper" : 5,
		"method" : 3,
		"orientation" : 
		{
			"w" : 0.92269360367466646,
			"x" : 0.011034396755463034,
			"y" : -0.14222258200912091,
			"z" : 0.35817243471931159
		},
		"parent_frame_id" : "6dmimic_base",
		"position" : 
		{
			"x" : -0.16940620000000001,
			"y" : 1.6773625000000001,
			"z" : 0.26227719999999999
		}
	},
	"candidate_3" : 
	{
		"gripper" : 5,
		"method" : 3,
		"orientation" : 
		{
			"w" : 0.036376640884145252,
			"x" : 0.9498397103224705,
			"y" : -0.31049632497459584,
			"z" : 0.0085613591083228101
		},
		"parent_frame_id" : "6dmimic_base",
		"position" : 
		{
			"x" : -0.13447539999999999,
			"y" : 1.5424561999999999,