{
	"candidate_0" : 
	{
		"gripper" : 5,
		"method" : 3,
		"orientation" : 
		{
			"w" : 0.56567318627837637,
			"x" : -0.7466486715726468,
			"y" : -0.22722957561512189,
			"z" : 0.26626364289974525
		},
		"parent_frame_id" : "gt01_frame_id",
		"position" : 
		{
			"x" : -0.013816517324124325,
			"y" : -0.045392935690598879,
			"z" : 0.013134802788614647
		}
	},
	"candidate_1" : 
	{
		"gripper" : 5,
		"method" : 3,
		"orientation" : 
		{
			"w" : 0.59918287596773845,
			"x" : -0.71997976111468465,
			"y" : -0.23721095916028778,
			"z" : 0.2575654976632698
		},
		"parent_frame_id" : "gt01_frame_id",
		"position" : 
		{
			"x" : 0.0074989896933140843,
			"y" : -0.043306724884506709,
			"z" : 0.011879358452103028
		}
	},
	"candidate_2" : 
	{
		"gripper" : 5,
		"method" : 3,
		"orientation" : 
		{
			"w" : 0.58521229596083357,
			"x" : -0.72960824591668605,
			"y" : -0.23937250372834173,
			"z" : 0.26057471213732841
		},
		"parent_frame_id" : "gt01_frame_id",
		"position" : 
		{
			"x" : 0.027898713956113846,
			"y" : -0.044103484520861214,
			"z" : 0.014397027593117229
		}
	},
	"candidate_3" : 
	{
		"gripper" : 5,
		"method" : 3,
		"orientation" : 
		{
			"w" : 0.57778301083000572,
			"x" : -0.70177402844591807,
			"y" : -0.29503078482143597,
			"z" : 0.29434136882648471
		},
		"parent_frame_id" : "gt01_frame_id",
		"position" : 
		{
			"x" : 0.055400119483724003,
			"y" : -0.047927605089989278,
			"z" : 0.012565352715114608
		}
	},
	"candidate_4" : 
	{
		"gripper" : 5,
		"method" : 3,
		"orientation" : 
		{
			"w" : 0.5648795526418362,
			"x" : -0.72157151181712975,
			"y" : -0.29504918284601339,
			"z" : 0.27053950551259737
		},
		"parent_frame_id" : "gt01_frame_id",
		"position" : 
		{
			"x" : 0.073482375829734187,
			"y" : -0.047553004494913065,
			"z" : 0.0079283716345684707
		}
	},
	"candidate_5" : 
	{
		"gripper" : 5,
		"method" : 3,
		"orientation" : 
		{
			"w" : 0.57014091540583667,
			"x" : -0.71407439586393351,
			"y" : -0.30147950088278752,
			"z" : 0.27229984263531642
		},
		"parent_frame_id" : "gt01_frame_id",
		"position" : 
		{
			"x" : 0.093860453625110335,
			"y" : -0.047560109501364689,
			"z" : 0.0085896711313788177
		}
	}
}
